settlementDate,settlementPeriod,startTime,createdDateTime,systemSellPrice,systemBuyPrice,bsadDefaulted,priceDerivationCode,reserveScarcityPrice,netImbalanceVolume,sellPriceAdjustment,buyPriceAdjustment,replacementPrice,replacementPriceReferenceVolume,totalAcceptedOfferVolume,totalAcceptedBidVolume,totalAdjustmentSellVolume,totalAdjustmentBuyVolume,totalSystemTaggedAcceptedOfferVolume,totalSystemTaggedAcceptedBidVolume,totalSystemTaggedAdjustmentSellVolume,totalSystemTaggedAdjustmentBuyVolume,SettlementDate,SettlementPeriod
2025-08-01,1,2025-07-31T23:00:00Z,2025-08-01T23:44:49Z,80.81,80.81,False,N,0.0,-189.86704133838384,0.0,0.0,80.81,0.0,1291.4996253282827,-1480.858379537037,0.0,0.0,1291.4996253282827,-1479.858379537037,,,2025-08-01,1
2025-08-01,2,2025-07-31T23:30:00Z,2025-08-02T00:14:42Z,76.25,76.25,False,N,0.0,-47.544179675925925,0.0,0.0,76.25,0.0,1226.9613758796297,-1274.1308164351851,0.0,0.0,1226.9613758796297,-1273.1308164351851,,,2025-08-01,2
2025-08-01,3,2025-08-01T00:00:00Z,2025-08-02T00:44:40Z,104.0,104.0,False,P,0.0,102.00181923821549,0.0,0.0,,,1293.1446896085858,-1191.0345370370371,0.0,0.0,1292.1446896085858,-1191.0345370370371,,,2025-08-01,3
2025-08-01,4,2025-08-01T00:30:00Z,2025-08-02T01:14:42Z,104.0,104.0,False,P,0.0,195.21150673400675,0.0,0.0,,,1238.0594696969697,-1044.3837962962964,0.0,1.64,1237.0594696969697,-1044.3837962962964,,1.64,2025-08-01,4
2025-08-01,5,2025-08-01T01:00:00Z,2025-08-02T01:44:45Z,105.0,105.0,False,P,0.0,471.48154270833334,0.0,0.0,,,1327.057098263889,-926.5558144439935,0.0,70.695,1326.057098263889,-926.5558144439935,,70.695,2025-08-01,5
2025-08-01,6,2025-08-01T01:30:00Z,2025-08-02T02:15:18Z,105.0,105.0,False,P,0.0,338.4344453918651,0.0,0.0,,,1227.459445391865,-889.0543806795635,0.0,0.0,1226.459445391865,-889.0543806795635,,,2025-08-01,6
2025-08-01,7,2025-08-01T02:00:00Z,2025-08-02T02:44:38Z,104.0,104.0,False,P,0.0,236.54849902777778,0.0,0.0,,,1118.1790545833333,-881.6764903381643,0.0,0.0,1117.1790545833333,-881.6764903381643,,,2025-08-01,7
2025-08-01,8,2025-08-01T02:30:00Z,2025-08-02T03:14:39Z,104.0,104.0,False,P,0.0,110.5433185662526,0.0,0.0,,,978.8766516218082,-868.3520596135265,0.0,0.0,977.8766516218082,-868.3520596135265,,,2025-08-01,8
2025-08-01,9,2025-08-01T03:00:00Z,2025-08-02T03:44:47Z,72.06,72.06,False,N,0.0,-83.23085011904762,0.0,0.0,,,766.5816498809523,-849.7066452380952,0.0,0.0,766.5816498809523,-848.7066452380952,,,2025-08-01,9
2025-08-01,10,2025-08-01T03:30:00Z,2025-08-02T04:14:50Z,58.84092658508402,58.84092658508402,False,N,0.0,-178.8460660648148,0.0,0.0,59.4365,1.0,705.2789343518518,-884.37500125,0.0,0.0,705.2789343518518,-883.37500125,,,2025-08-01,10
2025-08-01,11,2025-08-01T04:00:00Z,2025-08-02T04:44:35Z,100.0,100.0,False,P,0.0,45.51813596119929,0.0,0.0,,,995.7921896690366,-950.3134587078373,0.0,0.0,994.7921896690366,-950.3134587078373,,,2025-08-01,11
2025-08-01,12,2025-08-01T04:30:00Z,2025-08-02T05:14:25Z,115.0,115.0,False,P,0.0,117.55600325854701,0.0,0.0,,,948.6643365918803,-830.8341125,0.0,0.0,947.6643365918803,-830.8341125,,,2025-08-01,12
2025-08-01,13,2025-08-01T05:00:00Z,2025-08-02T05:44:29Z,115.0,115.0,False,P,0.0,314.17578375,0.0,0.0,,,1443.5767406944444,-1156.1350068055556,0.0,26.305,1442.5767406944444,-1156.1350068055556,,26.305,2025-08-01,13
2025-08-01,14,2025-08-01T05:30:00Z,2025-08-02T06:14:27Z,115.0,115.0,False,P,0.0,330.1743164626111,0.0,0.0,,,1465.7322431901666,-1168.4384915235,0.0,32.66,1464.7555148034924,-1168.4384915235,,32.636728386674406,2025-08-01,14
2025-08-01,15,2025-08-01T06:00:00Z,2025-08-02T06:44:24Z,115.0,115.0,False,P,0.0,374.01775,0.0,0.0,,,1323.0820833333332,-1056.7555555555555,0.0,107.594,1322.2436269725526,-1056.7555555555555,,107.43245636078079,2025-08-01,15
2025-08-01,16,2025-08-01T06:30:00Z,2025-08-02T07:14:23Z,115.0,115.0,False,P,0.0,599.4264225416277,0.0,0.0,,,1722.4989463842203,-1152.9619934060847,0.0,30.167,1721.4989463842203,-1152.9619934060847,,30.167,2025-08-01,16
2025-08-01,17,2025-08-01T07:00:00Z,2025-08-02T07:44:24Z,104.25,104.25,False,P,0.0,33.09840082129343,0.0,0.0,,,1162.4025662379602,-1129.262567936508,0.0,0.417,1161.4025662379602,-1129.262567936508,,0.417,2025-08-01,17
2025-08-01,18,2025-08-01T07:30:00Z,2025-08-02T08:14:29Z,115.0,115.0,False,P,0.0,64.93639309210526,0.0,0.0,,,1028.2030701754386,-963.7416770833333,0.0,0.0,1027.2030701754386,-963.7416770833333,,,2025-08-01,18
2025-08-01,19,2025-08-01T08:00:00Z,2025-08-02T08:44:31Z,104.25,104.25,False,P,0.0,19.48904672979798,0.0,0.0,,,1053.5330650085532,-1135.7749949368688,0.0,101.593,1052.5330650085532,-1135.7749949368688,,101.593,2025-08-01,19
2025-08-01,20,2025-08-01T08:30:00Z,2025-08-02T09:14:26Z,107.9701416031268,107.9701416031268,False,P,0.0,43.64179270609319,0.0,0.0,,,1054.7822315994624,-1073.983059516129,0.0,62.873,1054.7822315994624,-1073.983059516129,,61.873,2025-08-01,20
2025-08-01,21,2025-08-01T09:00:00Z,2025-08-02T09:44:29Z,113.5,113.5,False,P,0.0,256.6189186111111,0.0,0.0,,,974.8561268055555,-817.1552915277778,0.0,98.966,973.8561268055555,-817.1552915277778,,98.966,2025-08-01,21
2025-08-01,22,2025-08-01T09:30:00Z,2025-08-02T10:14:25Z,105.69011885139238,105.69011885139238,False,P,0.0,56.21933361111111,0.0,0.0,,,906.7166669444445,-905.4166666666666,0.0,54.761,906.7166669444445,-905.4166666666666,,53.761,2025-08-01,22
2025-08-01,23,2025-08-01T10:00:00Z,2025-08-02T10:44:24Z,112.0,112.0,False,P,0.0,162.5830808888889,0.0,0.0,,,919.5260808888889,-809.037192,0.0,52.007,918.5260808888889,-809.037192,,52.007,2025-08-01,23
2025-08-01,24,2025-08-01T10:30:00Z,2025-08-02T11:14:26Z,107.9,107.9,False,P,0.0,145.39761904761906,0.0,0.0,,,1001.5337301587301,-856.0027777777777,0.0,0.0,1000.5337301587301,-856.0027777777777,,,2025-08-01,24
2025-08-01,25,2025-08-01T11:00:00Z,2025-08-02T11:44:24Z,103.5,103.5,False,P,0.0,187.63738081349206,0.0,0.0,,,975.4612758134921,-854.5172283333334,0.0,66.667,974.4612758134921,-854.5172283333334,,66.667,2025-08-01,25
2025-08-01,26,2025-08-01T11:30:00Z,2025-08-02T12:14:29Z,103.4,103.4,False,P,0.0,58.539818181818184,0.0,0.0,,,902.1901515151516,-843.8083333333333,0.0,0.0,901.1901515151516,-843.8083333333333,,,2025-08-01,26
2025-08-01,27,2025-08-01T12:00:00Z,2025-08-02T12:44:24Z,103.45,103.45,False,P,0.0,135.3050428030303,0.0,0.0,,,819.3418078030303,-745.5584661363637,0.0,61.783,818.3418078030303,-745.5584661363637,,61.783,2025-08-01,27
2025-08-01,28,2025-08-01T12:30:00Z,2025-08-02T13:14:30Z,65.99,65.99,False,N,0.0,-58.488215454545454,0.0,0.0,65.99,0.0,680.7037716287879,-739.3030303030303,0.0,0.0,680.7037716287879,-738.3030303030303,,,2025-08-01,28
2025-08-01,29,2025-08-01T13:00:00Z,2025-08-02T13:44:23Z,16.1,16.1,False,N,0.0,-271.36242791666666,0.0,0.0,,,619.50326125,-891.44576125,0.0,0.0,619.50326125,-890.44576125,,,2025-08-01,29
2025-08-01,30,2025-08-01T13:30:00Z,2025-08-02T14:14:29Z,-11.46,-11.46,False,N,0.0,-447.6972222222222,0.0,0.0,,,649.5,-1110.3222222222223,0.0,13.05,649.5,-1109.3222222222223,,13.05,2025-08-01,30
2025-08-01,31,2025-08-01T14:00:00Z,2025-08-02T14:44:24Z,-11.46,-11.46,False,N,0.0,-276.8923611111111,0.0,0.0,,,556.5666666666667,-833.5840277777778,0.0,0.0,556.5666666666667,-832.5840277777778,,,2025-08-01,31
2025-08-01,32,2025-08-01T14:30:00Z,2025-08-02T15:14:45Z,-6.57,-6.57,False,N,0.0,-274.8719527859477,0.0,0.0,,,649.8333333333334,-928.648286119281,0.0,3.743,649.8333333333334,-927.648286119281,,3.743,2025-08-01,32
2025-08-01,33,2025-08-01T15:00:00Z,2025-08-02T15:44:28Z,30.5,30.5,False,N,0.0,-129.22082679738563,0.0,0.0,,,831.7201388888889,-976.4833823529411,0.0,15.107,831.7201388888889,-975.4833823529411,,15.107,2025-08-01,33
2025-08-01,34,2025-08-01T15:30:00Z,2025-08-02T16:14:30Z,92.09356750421217,92.09356750421217,False,P,0.0,8.428472222222222,0.0,0.0,,,834.7868055555556,-826.3293981481481,0.0,0.0,833.7868055555556,-826.3293981481481,,,2025-08-01,34
2025-08-01,35,2025-08-01T16:00:00Z,2025-08-02T16:44:30Z,108.0,108.0,False,P,0.0,41.9905753968254,0.0,0.0,,,738.4655753968254,-696.5166666666667,0.0,0.0,737.4655753968254,-696.5166666666667,,,2025-08-01,35
2025-08-01,36,2025-08-01T16:30:00Z,2025-08-02T17:14:24Z,112.0,112.0,False,P,0.0,331.2730372420635,0.0,0.0,,,949.2397039087301,-617.6583333333333,0.0,0.0,948.2397039087301,-617.6583333333333,,,2025-08-01,36
2025-08-01,37,2025-08-01T17:00:00Z,2025-08-02T17:44:23Z,114.9,114.9,False,P,0.0,486.01394562353704,0.0,0.0,,,1077.252945623537,-666.175167012426,0.0,75.261,1076.252945623537,-666.175167012426,,75.261,2025-08-01,37
2025-08-01,38,2025-08-01T17:30:00Z,2025-08-02T18:14:29Z,114.95,114.95,False,P,0.0,492.08110922619045,0.0,0.0,,,1146.847775892857,-698.0821340277778,0.0,43.5,1145.847775892857,-698.0821340277778,,43.5,2025-08-01,38
2025-08-01,39,2025-08-01T18:00:00Z,2025-08-02T18:44:31Z,115.0,115.0,False,P,0.0,787.8402770833334,0.0,0.0,,,1074.9354828240741,-714.4303311347958,0.0,427.7,1074.0270817722646,-714.4303311347958,,427.60840105180955,2025-08-01,39
2025-08-01,40,2025-08-01T18:30:00Z,2025-08-02T19:14:28Z,115.0,115.0,False,P,0.0,750.8010020833333,0.0,0.0,,,1125.9538476388889,-747.8344083333334,0.0,373.184,1124.9538476388889,-747.8344083333334,,373.184,2025-08-01,40
2025-08-01,41,2025-08-01T19:00:00Z,2025-08-02T19:44:33Z,109.9,109.9,False,P,0.0,248.60679180555556,0.0,0.0,,,978.9317918055556,-730.2167875833334,0.0,0.0,977.9317918055556,-730.2167875833334,,,2025-08-01,41
2025-08-01,42,2025-08-01T19:30:00Z,2025-08-02T20:14:28Z,109.9,109.9,False,P,0.0,220.749125,0.0,0.0,,,889.149125,-668.5668333333333,0.0,0.0,888.149125,-668.5668333333333,,,2025-08-01,42
2025-08-01,43,2025-08-01T20:00:00Z,2025-08-02T20:44:26Z,115.0,115.0,False,P,0.0,342.73854166666666,0.0,0.0,,,932.7385416666667,-590.0,0.0,0.0,931.7385416666667,-590.0,,,2025-08-01,43
2025-08-01,44,2025-08-01T20:30:00Z,2025-08-02T21:14:26Z,114.95,114.95,False,P,0.0,95.7611111111111,0.0,0.0,,,752.85,-657.5388888888889,0.0,0.0,751.85,-657.5388888888889,,,2025-08-01,44
2025-08-01,45,2025-08-01T21:00:00Z,2025-08-02T21:44:25Z,64.0,64.0,False,N,0.0,-40.149358974358975,0.0,0.0,,,655.0,-695.5160256410256,0.0,0.0,655.0,-694.5160256410256,,,2025-08-01,45
2025-08-01,46,2025-08-01T21:30:00Z,2025-08-02T22:14:33Z,60.0,60.0,False,N,0.0,-279.97897727272726,0.0,0.0,,,642.560606060606,-922.5729166666666,0.0,0.0,642.560606060606,-921.5729166666666,,,2025-08-01,46
2025-08-01,47,2025-08-01T22:00:00Z,2025-08-02T22:44:28Z,64.0,64.0,False,N,0.0,-119.48077797202797,0.0,0.0,,,700.2977272727272,-819.7785052447553,0.0,0.0,700.2977272727272,-818.7785052447553,,,2025-08-01,47
2025-08-01,48,2025-08-01T22:30:00Z,2025-08-02T23:14:32Z,64.0,64.0,False,N,0.0,-35.18333333333333,0.0,0.0,,,911.9166666666666,-947.1,0.0,0.0,911.9166666666666,-946.1,,,2025-08-01,48
2025-08-02,1,2025-08-01T23:00:00Z,2025-08-02T23:44:38Z,64.0,64.0,False,N,0.0,-76.38889208333333,0.0,0.0,,,884.3250009722223,-960.8638920833333,0.0,0.0,884.3250009722223,-959.8638920833333,,,2025-08-02,1
2025-08-02,2,2025-08-01T23:30:00Z,2025-08-03T00:14:35Z,63.2,63.2,False,N,0.0,-130.59167083333332,0.0,0.0,,,795.0,-925.6083375,0.0,0.0,795.0,-924.6083375,,,2025-08-02,2
2025-08-02,3,2025-08-02T00:00:00Z,2025-08-03T00:44:46Z,63.2,63.2,False,N,0.0,-50.7440075,0.0,0.0,,,795.8356715277778,-846.5773408333333,0.0,0.0,795.8356715277778,-845.5773408333333,,,2025-08-02,3
2025-08-02,4,2025-08-02T00:30:00Z,2025-08-03T01:14:28Z,71.76,71.76,False,P,0.0,41.57570753968254,0.0,0.0,71.76,0.0,842.5930659722222,-801.1325507936508,0.0,0.0,841.5930659722222,-801.1325507936508,,,2025-08-02,4
2025-08-02,5,2025-08-02T01:00:00Z,2025-08-03T01:44:28Z,55.121964441985256,55.121964441985256,False,N,0.0,-69.9946273826455,0.0,0.0,,,914.2595108151852,-984.1096100215344,0.0,0.0,914.2595108151852,-983.1096100215344,,,2025-08-02,5
2025-08-02,6,2025-08-02T01:30:00Z,2025-08-03T02:14:46Z,42.5,42.5,False,N,0.0,-190.20610503968254,0.0,0.0,,,889.2025338888889,-1079.4477717063492,0.0,0.0,889.2025338888889,-1078.4477717063492,,,2025-08-02,6
2025-08-02,7,2025-08-02T02:00:00Z,2025-08-03T02:44:33Z,47.45,47.45,False,P,0.0,198.60986111111112,0.0,0.0,47.45,0.0,905.0592658730159,-706.5298214285714,0.0,0.0,904.0592658730159,-706.5298214285714,,,2025-08-02,7
2025-08-02,8,2025-08-02T02:30:00Z,2025-08-03T03:14:40Z,35.58,35.58,False,N,0.0,-183.40313492063493,0.0,0.0,,,995.1013888888889,-878.5820238095238,-300.0,0.0,995.1013888888889,-878.5820238095238,-299.0,,2025-08-02,8
2025-08-02,9,2025-08-02T03:00:00Z,2025-08-03T03:44:32Z,37.0,37.0,False,N,0.0,-128.32485952380952,0.0,0.0,,,1018.6023589484126,-696.7081928571429,-450.0,0.0,1018.6023589484126,-696.7081928571429,-449.0,,2025-08-02,9
2025-08-02,10,2025-08-02T03:30:00Z,2025-08-03T04:14:39Z,38.12,38.12,False,N,0.0,-104.54362103174603,0.0,0.0,,,1018.5535416666667,-673.0419543650794,-450.0,0.0,1018.5535416666667,-673.0419543650794,-449.0,,2025-08-02,10
2025-08-02,11,2025-08-02T04:00:00Z,2025-08-03T04:44:36Z,46.27,46.27,False,P,0.0,150.87351021825395,0.0,0.0,46.27,0.0,1018.2431561507937,-317.65982311507935,-550.0,0.0,1017.2431561507937,-317.65982311507935,-550.0,,2025-08-02,11
2025-08-02,12,2025-08-02T04:30:00Z,2025-08-03T05:14:32Z,40.229866666666666,40.229866666666666,False,N,0.0,-59.97013800925926,0.0,0.0,,,1018.0618055555556,-528.1118046759259,-550.0,0.0,1018.0618055555556,-528.1118046759259,-549.0,,2025-08-02,12
2025-08-02,13,2025-08-02T05:00:00Z,2025-08-03T05:44:35Z,53.8,53.8,False,N,0.0,-75.88660102813853,0.0,0.0,,,1018.050128939394,-469.1532676948052,-625.0,0.0,1018.050128939394,-469.1532676948052,-624.0,,2025-08-02,13
2025-08-02,14,2025-08-02T05:30:00Z,2025-08-03T06:14:25Z,72.53,72.53,False,P,0.0,228.20301014957266,0.0,0.0,72.53,1.0,1019.7498263888889,-166.61348290598292,-625.0,0.0,1018.7498263888889,-166.61348290598292,-625.0,,2025-08-02,14
2025-08-02,15,2025-08-02T06:00:00Z,2025-08-03T06:44:27Z,84.21897814204561,84.21897814204561,False,P,0.0,128.49240512820512,0.0,0.0,83.302,1.0,987.8422551388888,-383.9994333440171,-475.0,0.0,986.8422551388888,-383.9994333440171,-475.0,,2025-08-02,15
2025-08-02,16,2025-08-02T06:30:00Z,2025-08-03T07:14:31Z,111.0,111.0,False,P,0.0,94.65231094456469,0.0,0.0,,,1097.2166666666667,-559.922355722102,-475.0,32.233,1096.2166666666667,-559.922355722102,-475.0,32.233,2025-08-02,16
2025-08-02,17,2025-08-02T07:00:00Z,2025-08-03T07:44:30Z,40.0,40.0,False,N,0.0,-40.335991911375665,0.0,0.0,,,1106.9280540277778,-1015.9699920502645,-225.0,93.963,1106.9280540277778,-1014.9699920502645,-225.0,93.963,2025-08-02,17
2025-08-02,18,2025-08-02T07:30:00Z,2025-08-03T08:14:34Z,60.13,60.13,False,P,0.0,18.02816182900565,0.0,0.0,,,1127.4337565377002,-900.2390916432166,-225.0,15.719,1126.4337565377002,-900.2390916432166,-225.0,15.719,2025-08-02,18
2025-08-02,19,2025-08-02T08:00:00Z,2025-08-03T08:44:31Z,80.0,80.0,False,P,0.0,158.80274115141563,0.0,0.0,80.0,1.0,890.4801484722223,-582.1135871819178,-150.0,0.0,889.4801484722223,-582.1135871819178,-150.0,,2025-08-02,19
2025-08-02,20,2025-08-02T08:30:00Z,2025-08-03T09:14:24Z,20.0,20.0,False,N,0.0,-154.30792763888888,0.0,0.0,,,705.3245981944444,-709.8579276388889,-150.0,0.0,705.3245981944444,-708.8579276388889,-150.0,,2025-08-02,20
2025-08-02,21,2025-08-02T09:00:00Z,2025-08-03T09:44:28Z,27.04,27.04,False,N,0.0,-71.60108444444444,0.0,0.0,,,720.2060504166667,-641.9227125,-150.0,0.0,720.2060504166667,-640.9227125,-150.0,,2025-08-02,21
2025-08-02,22,2025-08-02T09:30:00Z,2025-08-03T10:14:33Z,15.0,15.0,False,N,0.0,-221.70368873015872,0.0,0.0,,,717.2816233928571,-788.8185297023809,-150.0,0.0,717.2816233928571,-787.8185297023809,-150.0,,2025-08-02,22
2025-08-02,23,2025-08-02T10:00:00Z,2025-08-03T10:44:34Z,15.0,15.0,False,N,0.0,-418.0683252083333,0.0,0.0,,,755.6122306712963,-773.9893138957902,-400.0,0.0,755.6122306712963,-772.9893138957902,-400.0,,2025-08-02,23
2025-08-02,24,2025-08-02T10:30:00Z,2025-08-03T11:14:34Z,10.0,10.0,False,N,0.0,-648.42875,0.0,0.0,,,726.5610297222222,-975.0397797222222,-400.0,0.0,726.5610297222222,-974.0397797222222,-400.0,,2025-08-02,24
2025-08-02,25,2025-08-02T11:00:00Z,2025-08-03T11:44:29Z,1.0,1.0,False,N,0.0,-498.1026664814815,0.0,0.0,,,750.7291676851852,-1013.6624998148149,-300.0,64.714,750.7291676851852,-1012.6624998148149,-300.0,64.714,2025-08-02,25
2025-08-02,26,2025-08-02T11:30:00Z,2025-08-03T12:14:25Z,1.0,1.0,False,N,0.0,-417.6270234433622,0.0,0.0,,,749.4125005050505,-926.6220234433622,-300.0,59.545,749.4125005050505,-925.6220234433622,-300.0,59.545,2025-08-02,26
2025-08-02,27,2025-08-02T12:00:00Z,2025-08-03T12:44:26Z,1.0,1.0,False,N,0.0,-239.67369047619047,0.0,0.0,,,745.5,-685.7053571428571,-300.0,0.19,745.5,-684.7053571428571,-300.0,0.19,2025-08-02,27
2025-08-02,28,2025-08-02T12:30:00Z,2025-08-03T13:14:27Z,1.0,1.0,False,N,0.0,-170.6682294611529,0.0,0.0,,,754.6833333333333,-625.6098961278195,-300.0,0.0,754.6833333333333,-624.6098961278195,-300.0,,2025-08-02,28
2025-08-02,29,2025-08-02T13:00:00Z,2025-08-03T13:44:31Z,1.0,1.0,False,N,0.0,-399.16603520467834,0.0,0.0,,,748.1842116666667,-847.5530735380117,-300.0,0.0,748.1842116666667,-846.5530735380117,-300.0,,2025-08-02,29
2025-08-02,30,2025-08-02T13:30:00Z,2025-08-03T14:14:36Z,1.0,1.0,False,N,0.0,-405.3913351754386,0.0,0.0,,,749.2977009722222,-855.0257722587719,-300.0,0.0,749.2977009722222,-854.0257722587719,-300.0,,2025-08-02,30
2025-08-02,31,2025-08-02T14:00:00Z,2025-08-03T14:44:42Z,0.5,0.5,False,N,0.0,-717.3022042592593,0.0,0.0,,,748.8888329166666,-1116.365870925926,-350.0,0.0,748.8888329166666,-1115.365870925926,-350.0,,2025-08-02,31
2025-08-02,32,2025-08-02T14:30:00Z,2025-08-03T15:14:42Z,0.33,0.33,False,N,0.0,-915.4222931128747,0.0,0.0,,,745.9192905555556,-1311.4374170017636,-350.0,0.0,745.9192905555556,-1311.4374170017636,-349.0,,2025-08-02,32
2025-08-02,33,2025-08-02T15:00:00Z,2025-08-03T15:44:36Z,1.0,1.0,False,N,0.0,-711.8964631043956,0.0,0.0,,,725.6917825,-1087.7631297710623,-350.0,0.0,725.6917825,-1086.7631297710623,-350.0,,2025-08-02,33
2025-08-02,34,2025-08-02T15:30:00Z,2025-08-03T16:14:36Z,9.22,9.22,False,N,0.0,-605.8819223917749,0.0,0.0,,,637.4401463888889,-893.0610890584416,-350.0,0.0,637.4401463888889,-892.0610890584416,-350.0,,2025-08-02,34
2025-08-02,35,2025-08-02T16:00:00Z,2025-08-03T16:44:47Z,61.0,61.0,False,N,0.0,-359.54691558441556,0.0,0.0,,,531.2875,-490.83858225108224,-400.0,0.0,531.2875,-489.83858225108224,-400.0,,2025-08-02,35
2025-08-02,36,2025-08-02T16:30:00Z,2025-08-03T17:14:35Z,65.24,65.24,False,N,0.0,-300.4141381745878,0.0,0.0,,,337.02151470679013,-249.81693871471123,-400.0,12.067,337.02151470679013,-249.81693871471123,-399.0,12.067,2025-08-02,36
2025-08-02,37,2025-08-02T17:00:00Z,2025-08-03T17:44:39Z,55.0,55.0,False,N,0.0,-224.02727136289363,0.0,0.0,,,318.96908641366224,-542.8522713628936,0.0,0.0,318.96908641366224,-541.8522713628936,,,2025-08-02,37
2025-08-02,38,2025-08-02T17:30:00Z,2025-08-03T18:14:47Z,118.0,118.0,False,P,0.0,23.057421357368064,0.0,0.0,,,315.5143515576532,-292.54015928779324,0.0,0.0,314.5143515576532,-292.54015928779324,,,2025-08-02,38
2025-08-02,39,2025-08-02T18:00:00Z,2025-08-03T18:44:38Z,64.0,64.0,False,N,0.0,-85.85064125,0.0,0.0,,,354.17564111111113,-501.90897458333336,0.0,61.95,354.17564111111113,-500.90897458333336,,61.95,2025-08-02,39
2025-08-02,40,2025-08-02T18:30:00Z,2025-08-03T19:14:40Z,120.0,120.0,False,P,0.0,40.805727896825395,0.0,0.0,,,336.7,-296.00260543650796,0.0,0.0,335.7,-296.00260543650796,,,2025-08-02,40
2025-08-02,41,2025-08-02T19:00:00Z,2025-08-03T19:44:42Z,120.0,120.0,False,P,0.0,34.7760715989993,0.0,0.0,,,334.0000008784465,-299.46180529914886,0.0,0.0,333.0000008784465,-299.46180529914886,,,2025-08-02,41
2025-08-02,42,2025-08-02T19:30:00Z,2025-08-03T20:14:43Z,62.2,62.2,False,N,0.0,-36.57154907407408,0.0,0.0,,,351.00000277777775,-387.92893185185187,0.0,0.0,351.00000277777775,-386.92893185185187,,,2025-08-02,42
2025-08-02,43,2025-08-02T20:00:00Z,2025-08-03T20:44:42Z,120.0,120.0,False,P,0.0,142.45555277777777,0.0,0.0,,,404.19895555555553,-261.59444444444443,0.0,0.0,403.19895555555553,-261.59444444444443,,,2025-08-02,43
2025-08-02,44,2025-08-02T20:30:00Z,2025-08-03T21:14:36Z,61.6,61.6,False,N,0.0,-166.22395833333334,0.0,0.0,,,396.87604166666665,-563.1,0.0,0.0,396.87604166666665,-562.1,,,2025-08-02,44
2025-08-02,45,2025-08-02T21:00:00Z,2025-08-03T21:44:40Z,61.61,61.61,False,N,0.0,-61.26248172947183,0.0,0.0,,,446.13333595652495,-516.9378150628052,0.0,9.467,446.13333595652495,-515.9378150628052,,9.467,2025-08-02,45
2025-08-02,46,2025-08-02T21:30:00Z,2025-08-03T22:14:51Z,61.6,61.6,False,N,0.0,-89.88680555555555,0.0,0.0,,,542.9583333333334,-632.9451388888889,0.0,0.0,542.9583333333334,-631.9451388888889,,,2025-08-02,46
2025-08-02,47,2025-08-02T22:00:00Z,2025-08-03T22:44:41Z,78.72,78.72,False,P,0.0,158.7615067339774,0.0,0.0,78.72,0.0,745.7321134848485,-587.1706068852085,0.0,0.0,744.7321134848485,-587.1706068852085,,,2025-08-02,47
2025-08-02,48,2025-08-02T22:30:00Z,2025-08-03T23:14:45Z,60.11,60.11,False,N,0.0,-4.831201865079365,0.0,0.0,,,1031.7,-1036.8478685317461,0.0,0.0,1031.7,-1035.8478685317461,,,2025-08-02,48
2025-08-03,1,2025-08-02T23:00:00Z,2025-08-03T23:44:43Z,46.64,46.64,False,N,0.0,-51.82166472222222,0.0,0.0,,,1093.0,-1369.8216647222223,0.0,225.0,1093.0,-1368.8216647222223,,225.0,2025-08-03,1
2025-08-03,2,2025-08-02T23:30:00Z,2025-08-04T00:14:40Z,66.49,66.49,False,P,0.0,18.49889625,0.0,0.0,66.49,0.0,1093.1833333333334,-1299.50110375,0.0,225.0,1092.1833333333334,-1299.50110375,,225.0,2025-08-03,2
2025-08-03,3,2025-08-03T00:00:00Z,2025-08-04T00:44:35Z,57.25,57.25,False,P,0.0,84.06960784313725,0.0,0.0,57.25,0.0,1093.0,-884.6303921568627,-350.0,225.0,1092.0,-884.6303921568627,-350.0,225.0,2025-08-03,3
2025-08-03,4,2025-08-03T00:30:00Z,2025-08-04T01:14:41Z,55.92,55.92,False,N,0.0,-270.32436967845473,0.0,0.0,,,1093.1666666666667,-1238.6660363451215,-350.0,225.0,1093.1666666666667,-1238.6660363451215,-349.0,225.0,2025-08-03,4
2025-08-03,5,2025-08-03T01:00:00Z,2025-08-04T01:44:49Z,50.84,50.84,False,N,0.0,-35.05706728174603,0.0,0.0,,,1093.0669426984127,-803.1337339484127,-550.0,225.0,1093.0669426984127,-803.1337339484127,-549.0,225.0,2025-08-03,5
2025-08-03,6,2025-08-03T01:30:00Z,2025-08-04T02:15:17Z,50.84,50.84,False,N,0.0,-21.82018916125541,0.0,0.0,,,1093.1551308531746,-790.6092940223665,-550.0,225.0,1093.1551308531746,-790.6092940223665,-549.0,225.0,2025-08-03,6
2025-08-03,7,2025-08-03T02:00:00Z,2025-08-04T02:44:46Z,39.51,39.51,False,N,0.0,-234.62499777777776,0.0,0.0,,,1093.0,-602.8833311111111,-950.0,225.0,1093.0,-602.8833311111111,-949.0,225.0,2025-08-03,7
2025-08-03,8,2025-08-03T02:30:00Z,2025-08-04T03:14:41Z,40.81,40.81,False,N,0.0,-52.49434714506173,0.0,0.0,,,1093.0002722993827,-420.9132360339506,-950.0,225.0,1093.0002722993827,-420.9132360339506,-949.0,225.0,2025-08-03,8
2025-08-03,9,2025-08-03T03:00:00Z,2025-08-04T03:44:47Z,38.67008,38.67008,False,N,0.0,-128.7450975630252,0.0,0.0,,,1093.0000004761905,-546.8534308963585,-900.0,225.0,1093.0000004761905,-546.8534308963585,-899.0,225.0,2025-08-03,9
2025-08-03,10,2025-08-03T03:30:00Z,2025-08-04T04:14:49Z,34.8,34.8,False,N,0.0,-481.13198307189543,0.0,0.0,,,1093.0,-899.2757330718954,-900.0,225.0,1093.0,-899.2757330718954,-899.0,225.0,2025-08-03,10
2025-08-03,11,2025-08-03T04:00:00Z,2025-08-04T04:44:42Z,27.94,27.94,False,N,0.0,-341.5583321031746,0.0,0.0,,,1093.000000297619,-709.7833321031746,-950.0,225.0,1093.000000297619,-709.7833321031746,-949.0,225.0,2025-08-03,11
2025-08-03,12,2025-08-03T04:30:00Z,2025-08-04T05:14:44Z,27.44,27.44,False,N,0.0,-441.8572867929293,0.0,0.0,,,1093.0208335227273,-810.033328459596,-950.0,225.0,1093.0208335227273,-810.033328459596,-949.0,225.0,2025-08-03,12
2025-08-03,13,2025-08-03T05:00:00Z,2025-08-04T05:44:41Z,11.39,11.39,False,N,0.0,-382.50565625,0.0,0.0,,,1093.0,-751.233335,-950.0,225.0,1093.0,-751.233335,-949.0,225.0,2025-08-03,13
2025-08-03,14,2025-08-03T05:30:00Z,2025-08-04T06:14:53Z,9.39,9.39,False,N,0.0,-640.0999956944445,0.0,0.0,,,1095.1181819444444,-1010.3515109722222,-950.0,225.0,1095.1181819444444,-1010.3515109722222,-949.0,225.0,2025-08-03,14
2025-08-03,15,2025-08-03T06:00:00Z,2025-08-04T06:44:39Z,1.82,1.82,False,N,0.0,-269.45952380952383,0.0,0.0,,,1211.425,-830.8595238095238,-650.0,0.0,1211.425,-830.8595238095238,-649.0,,2025-08-03,15
2025-08-03,16,2025-08-03T06:30:00Z,2025-08-04T07:14:47Z,1.82,1.82,False,N,0.0,-261.15305625,0.0,0.0,,,1315.1166666666666,-926.6947229166667,-650.0,0.0,1315.1166666666666,-926.6947229166667,-649.0,,2025-08-03,16
2025-08-03,17,2025-08-03T07:00:00Z,2025-08-04T07:44:38Z,-10.0,-10.0,False,N,0.0,-641.4770878136201,0.0,0.0,,,1225.28541218638,-1567.0097222222223,-300.0,0.0,1225.28541218638,-1566.0097222222223,-300.0,,2025-08-03,17
2025-08-03,18,2025-08-03T07:30:00Z,2025-08-04T08:14:45Z,-10.5,-10.5,False,N,0.0,-689.4512822630719,0.0,0.0,,,1255.6696895424836,-1645.239027361111,-300.0,0.0,1255.6696895424836,-1644.239027361111,-300.0,,2025-08-03,18
2025-08-03,19,2025-08-03T08:00:00Z,2025-08-04T08:44:51Z,-9.99,-9.99,False,N,0.0,-529.9341334776689,0.0,0.0,,,1275.9233666612201,-1681.097082824074,-125.0,0.0,1275.9233666612201,-1680.097082824074,-125.0,,2025-08-03,19
2025-08-03,20,2025-08-03T08:30:00Z,2025-08-04T09:14:44Z,-5.33,-5.33,False,N,0.0,-221.29299555555556,0.0,0.0,,,1217.1663294444445,-1313.6642455555555,-125.0,0.0,1217.1663294444445,-1312.6642455555555,-125.0,,2025-08-03,20
2025-08-03,21,2025-08-03T09:00:00Z,2025-08-04T09:44:46Z,-2.5,-2.5,False,N,0.0,-46.30120418608124,0.0,0.0,,,1148.3801283333332,-991.3463152971924,-225.0,21.484,1148.3801283333332,-990.3463152971924,-225.0,21.484,2025-08-03,21
2025-08-03,22,2025-08-03T09:30:00Z,2025-08-04T10:14:48Z,105.0,105.0,False,P,0.0,154.3501711574074,0.0,0.0,,,1096.4394118055557,-762.7270038425926,-225.0,45.184,1095.4394118055557,-762.7270038425926,-225.0,45.184,2025-08-03,22
2025-08-03,23,2025-08-03T10:00:00Z,2025-08-04T10:44:46Z,15.62,15.62,False,P,0.0,54.306666666666665,0.0,0.0,15.62,0.0,1005.1,-651.0169444444444,-300.0,0.0,1004.1,-651.0169444444444,-300.0,,2025-08-03,23
2025-08-03,24,2025-08-03T10:30:00Z,2025-08-04T11:14:45Z,-6.82,-6.82,False,N,0.0,-124.61661111111111,0.0,0.0,,,1063.7583333333334,-920.2252777777778,-300.0,31.817,1063.7583333333334,-920.2252777777778,-299.0,31.817,2025-08-03,24
2025-08-03,25,2025-08-03T11:00:00Z,2025-08-04T11:44:39Z,-5.87,-5.87,False,N,0.0,-7.262337916666667,0.0,0.0,,,1143.7888390277778,-968.7199444444444,-300.0,117.988,1143.7888390277778,-967.7199444444444,-300.0,117.988,2025-08-03,25
2025-08-03,26,2025-08-03T11:30:00Z,2025-08-04T12:14:42Z,94.47216890414653,94.47216890414653,False,P,0.0,258.10329777777775,0.0,0.0,94.27129620739318,1.0,1318.0001681944445,-763.8554543055556,-300.0,3.644,1317.2671681944444,-763.8554543055556,-300.0,3.377,2025-08-03,26
2025-08-03,27,2025-08-03T12:00:00Z,2025-08-04T12:44:47Z,70.70565211092739,70.70565211092739,False,P,0.0,84.28333009578544,0.0,0.0,69.85008333333333,1.0,1060.285406901341,-676.1520764319923,-300.0,0.0,1059.285406901341,-676.1520764319923,-300.0,,2025-08-03,27
2025-08-03,28,2025-08-03T12:30:00Z,2025-08-04T13:14:39Z,27.38,27.38,False,P,0.0,42.91499833333334,0.0,0.0,27.38,0.0,995.5969711111111,-652.8319727777778,-300.0,0.0,994.5969711111111,-652.8319727777778,-300.0,,2025-08-03,28
2025-08-03,29,2025-08-03T13:00:00Z,2025-08-04T13:44:35Z,-8.52,-8.52,False,N,0.0,-345.415555,0.0,0.0,,,1024.375,-1094.978055,-275.0,0.0,1024.375,-1094.978055,-274.0,,2025-08-03,29
2025-08-03,30,2025-08-03T13:30:00Z,2025-08-04T14:14:44Z,-24.95,-24.95,False,N,0.0,-679.5313640277777,0.0,0.0,,,1013.5681020833333,-1417.895600138889,-275.0,0.0,1013.5681020833333,-1416.895600138889,-275.0,,2025-08-03,30
2025-08-03,31,2025-08-03T14:00:00Z,2025-08-04T14:44:33Z,-40.0,-40.0,False,N,0.0,-671.1024772222222,0.0,0.0,,,995.7613636111112,-1416.9941438888889,-250.0,0.0,995.7613636111112,-1415.9941438888889,-250.0,,2025-08-03,31
2025-08-03,32,2025-08-03T14:30:00Z,2025-08-04T15:14:39Z,-43.72,-43.72,False,N,0.0,-762.1433302284946,0.0,0.0,,,993.8320294444444,-1506.1251607840502,-250.0,0.0,993.8320294444444,-1505.1251607840502,-250.0,,2025-08-03,32
2025-08-03,33,2025-08-03T15:00:00Z,2025-08-04T15:44:33Z,2.0,2.0,False,N,0.0,-333.00284528076463,0.0,0.0,,,913.75,-907.4914008363202,-350.0,9.883,913.75,-907.4914008363202,-349.0,9.883,2025-08-03,33
2025-08-03,34,2025-08-03T15:30:00Z,2025-08-04T16:14:40Z,103.8,103.8,False,P,0.0,62.822037037037035,0.0,0.0,,,870.8583338888889,-458.16962962962964,-350.0,0.0,869.8583338888889,-458.16962962962964,-350.0,,2025-08-03,34
2025-08-03,35,2025-08-03T16:00:00Z,2025-08-04T16:44:33Z,107.0,107.0,False,P,0.0,354.2597866666667,0.0,0.0,,,709.4254901388889,-80.28188,-275.0,0.0,708.4254901388889,-80.28188,-275.0,,2025-08-03,35
2025-08-03,36,2025-08-03T16:30:00Z,2025-08-04T17:14:34Z,116.4,116.4,False,P,0.0,306.08279166666665,0.0,0.0,,,587.0833333333334,-22.138541666666665,-275.0,16.138,586.0833333333334,-22.138541666666665,-275.0,16.138,2025-08-03,36
2025-08-03,37,2025-08-03T17:00:00Z,2025-08-04T17:44:34Z,105.0,105.0,False,P,0.0,31.77580221450617,0.0,0.0,,,491.5634210493827,-500.59361834104936,0.0,40.706,490.5634210493827,-500.59361834104936,,40.706,2025-08-03,37
2025-08-03,38,2025-08-03T17:30:00Z,2025-08-04T18:14:37Z,109.0,109.0,False,P,0.0,211.92976421947498,0.0,0.0,,,640.4462587480575,-581.604534197386,0.0,153.278,640.4462587480575,-581.604534197386,,152.278,2025-08-03,38
2025-08-03,39,2025-08-03T18:00:00Z,2025-08-04T18:44:39Z,115.0,115.0,False,P,0.0,22.29091293891294,0.0,0.0,,,329.8767045454546,-166.07112493987495,-150.0,9.277,328.8767045454546,-166.07112493987495,-150.0,9.277,2025-08-03,39
2025-08-03,40,2025-08-03T18:30:00Z,2025-08-04T19:14:43Z,119.9,119.9,False,P,0.0,203.7852867083235,0.0,0.0,,,446.37537936740574,-101.97537995834317,-150.0,9.344,445.37537936740574,-101.97537995834317,-150.0,9.344,2025-08-03,40
2025-08-03,41,2025-08-03T19:00:00Z,2025-08-04T19:44:39Z,125.0,125.0,False,P,0.0,600.0266666666666,0.0,0.0,,,729.4749108333333,-75.70824416666666,-100.0,46.36,728.5006987989494,-75.70824416666666,-100.0,46.33421203438395,2025-08-03,41
2025-08-03,42,2025-08-03T19:30:00Z,2025-08-04T20:14:45Z,134.983999127147,134.983999127147,False,P,0.0,587.9085344444444,0.0,0.0,,,754.2571230555556,-73.87378305555555,-100.0,7.527,753.2571230555556,-73.87378305555555,-100.0,7.527,2025-08-03,42
2025-08-03,43,2025-08-03T20:00:00Z,2025-08-04T20:44:49Z,138.06,138.06,False,P,0.0,921.7714991071429,0.0,0.0,,,934.8024391071428,-42.174092361111114,-100.0,129.106,933.8024391071428,-42.174092361111114,-100.0,129.106,2025-08-03,43
2025-08-03,44,2025-08-03T20:30:00Z,2025-08-04T21:14:52Z,142.63,142.63,False,P,0.0,967.7430849240558,0.0,0.0,,,932.1502129796114,-11.09302236111111,-100.0,146.949,931.1502129796114,-11.09302236111111,-100.0,146.949,2025-08-03,44
2025-08-03,45,2025-08-03T21:00:00Z,2025-08-04T21:44:48Z,164.5,164.5,False,P,0.0,800.8013492047321,0.0,0.0,,,856.0364835611534,-55.94128911111111,0.0,0.911,855.0364835611534,-55.94128911111111,,0.911,2025-08-03,45
2025-08-03,46,2025-08-03T21:30:00Z,2025-08-04T22:14:39Z,156.0,156.0,False,P,0.0,389.62048510521885,0.0,0.0,,,354.43265050925925,-83.91544310384437,0.0,120.0,354.43265050925925,-83.91544310384437,,119.0,2025-08-03,46
2025-08-03,47,2025-08-03T22:00:00Z,2025-08-04T22:44:48Z,120.0,120.0,False,P,0.0,77.20370756944445,0.0,0.0,,,327.73170955176766,-270.6817178375323,-100.0,120.0,326.73170955176766,-270.6817178375323,-100.0,120.0,2025-08-03,47
2025-08-03,48,2025-08-03T22:30:00Z,2025-08-04T23:14:41Z,69.01,69.01,False,N,0.0,-44.08333125,0.0,0.0,,,383.0,-447.10833125,-100.0,120.0,383.0,-446.10833125,-100.0,120.0,2025-08-03,48
2025-08-04,1,2025-08-03T23:00:00Z,2025-08-04T23:44:38Z,114.50020455475249,114.50020455475249,False,P,0.0,127.47291625631313,0.0,0.0,114.50020455475249,1.0,468.3666666666667,-286.736171838925,-200.0,145.667,467.4762688804078,-286.736171838925,-200.0,145.55739778625886,2025-08-04,1
2025-08-04,2,2025-08-03T23:30:00Z,2025-08-05T00:14:46Z,119.0,119.0,False,P,0.0,178.78178642871018,0.0,0.0,,,633.3108595833334,-374.8957883722713,-200.0,120.0,632.3108595833334,-374.8957883722713,-200.0,120.0,2025-08-04,2
2025-08-04,3,2025-08-04T00:00:00Z,2025-08-05T00:44:43Z,63.88,63.88,False,N,0.0,-69.29371836538462,0.0,0.0,,,720.8,-635.6970516987179,-500.0,345.0,720.8,-635.6970516987179,-499.0,345.0,2025-08-04,3
2025-08-04,4,2025-08-04T00:30:00Z,2025-08-05T01:14:44Z,63.5,63.5,False,N,0.0,-149.94756243589742,0.0,0.0,,,751.175,-746.3596836480186,-500.0,345.0,751.175,-746.3596836480186,-499.0,345.0,2025-08-04,4
2025-08-04,5,2025-08-04T01:00:00Z,2025-08-05T01:44:37Z,84.96,84.96,False,P,0.0,165.60308739316238,0.0,0.0,84.96,0.0,886.0866666666667,-65.86766989850427,-1000.0,345.0,885.0866666666667,-65.86766989850427,-1000.0,345.0,2025-08-04,5
2025-08-04,6,2025-08-04T01:30:00Z,2025-08-05T02:15:04Z,81.15,81.15,False,P,0.0,113.44165944444444,0.0,0.0,81.15,0.0,950.0,-181.79167388888888,-1000.0,345.0,949.0,-181.79167388888888,-1000.0,345.0,2025-08-04,6
2025-08-04,7,2025-08-04T02:00:00Z,2025-08-05T02:44:44Z,54.19014925373134,54.19014925373134,False,N,0.0,-39.60166458333333,0.0,0.0,,,950.0,-334.68499791666665,-1000.0,345.0,950.0,-334.68499791666665,-999.0,345.0,2025-08-04,7
2025-08-04,8,2025-08-04T02:30:00Z,2025-08-05T03:14:49Z,52.16,52.16,False,N,0.0,-174.9750001388889,0.0,0.0,,,950.0,-470.04166680555556,-1000.0,345.0,950.0,-470.04166680555556,-999.0,345.0,2025-08-04,8
2025-08-04,9,2025-08-04T03:00:00Z,2025-08-05T03:44:45Z,70.86,70.86,False,N,0.0,-65.97257416666666,0.0,0.0,,,950.1267244444444,-1011.2833894444444,-350.0,345.0,950.1267244444444,-1011.2833894444444,-349.0,345.0,2025-08-04,9
2025-08-04,10,2025-08-04T03:30:00Z,2025-08-05T04:14:50Z,45.0,45.0,False,N,0.0,-423.4151378042328,0.0,0.0,,,955.4179894179895,-1374.091668888889,-350.0,345.0,955.4179894179895,-1373.091668888889,-350.0,345.0,2025-08-04,10
2025-08-04,11,2025-08-04T04:00:00Z,2025-08-05T04:44:47Z,22.74,22.74,False,N,0.0,-162.14159747354498,0.0,0.0,22.74,1.0,1197.4403439153439,-1704.8069413888888,0.0,345.0,1197.4403439153439,-1703.8069413888888,,345.0,2025-08-04,11
2025-08-04,12,2025-08-04T04:30:00Z,2025-08-05T05:14:50Z,42.72,42.72,False,N,0.0,-345.0074138735279,0.0,0.0,42.72,0.0,1679.984728983615,-2369.6016494444443,0.0,345.0,1679.984728983615,-2368.6016494444443,,345.0,2025-08-04,12
2025-08-04,13,2025-08-04T05:00:00Z,2025-08-05T05:45:04Z,57.94,57.94,False,N,0.0,-58.23039329295257,0.0,0.0,57.94,0.0,1978.1939193333205,-2881.492345753968,0.0,845.0,1978.1939193333205,-2880.492345753968,,845.0,2025-08-04,13
2025-08-04,14,2025-08-04T05:30:00Z,2025-08-05T06:14:54Z,22.48432855114973,22.48432855114973,False,N,0.0,-187.48261569603068,0.0,0.0,23.548042166666665,1.0,2262.661350699968,-3352.4026566637126,0.0,902.021,2262.661350699968,-3351.4026566637126,,902.021,2025-08-04,14
2025-08-04,15,2025-08-04T06:00:00Z,2025-08-05T06:44:51Z,65.23559890109566,65.23559890109566,False,N,0.0,-505.23684998857624,0.0,0.0,67.18031125,1.0,2408.5037066780906,-3665.3386809175086,0.0,751.392,2408.5037066780906,-3664.3386809175086,,751.392,2025-08-04,15
2025-08-04,16,2025-08-04T06:30:00Z,2025-08-05T07:14:48Z,53.04,53.04,False,N,0.0,-627.5935471718559,0.0,0.0,53.04,0.0,2306.947952828144,-3694.559806111111,0.0,760.091,2306.947952828144,-3693.559806111111,,760.091,2025-08-04,16
2025-08-04,17,2025-08-04T07:00:00Z,2025-08-05T07:44:42Z,-0.5470228829242937,-0.5470228829242937,False,N,0.0,-510.955640248779,0.0,0.0,-0.3125,1.0,2812.304897251221,-3942.795616527778,0.0,619.689,2812.304897251221,-3941.795616527778,,619.689,2025-08-04,17
2025-08-04,18,2025-08-04T07:30:00Z,2025-08-05T08:14:44Z,44.96,44.96,False,N,0.0,-370.5703697414884,0.0,0.0,44.96,0.0,2887.9606080362896,-3810.767568113929,0.0,552.003,2887.9606080362896,-3809.767568113929,,552.003,2025-08-04,18
2025-08-04,19,2025-08-04T08:00:00Z,2025-08-05T08:44:41Z,-20.4,-20.4,False,N,0.0,-736.7909005092592,0.0,0.0,,,2831.602432824074,-3618.3683549722223,0.0,50.0,2831.602432824074,-3617.3683549722223,,50.0,2025-08-04,19
2025-08-04,20,2025-08-04T08:30:00Z,2025-08-05T09:14:43Z,-30.0,-30.0,False,N,0.0,-781.0555827314815,0.0,0.0,,,2694.491083935185,-3525.699434861111,0.0,50.0,2694.491083935185,-3524.699434861111,,50.0,2025-08-04,20
2025-08-04,21,2025-08-04T09:00:00Z,2025-08-05T09:44:46Z,7.18,7.18,False,N,0.0,-665.3845730001653,0.0,0.0,7.18,0.0,2824.738760333168,-3506.0060441972555,0.0,15.723,2824.738760333168,-3505.0060441972555,,15.723,2025-08-04,21
2025-08-04,22,2025-08-04T09:30:00Z,2025-08-05T10:14:48Z,5.86,5.86,False,N,0.0,-245.55296944444444,0.0,0.0,5.86,0.0,3056.526383650794,-3303.119762361111,0.0,1.177,3056.526383650794,-3302.119762361111,,1.177,2025-08-04,22
2025-08-04,23,2025-08-04T10:00:00Z,2025-08-05T10:44:55Z,89.0,89.0,False,P,0.0,237.7870158164683,0.0,0.0,,,3652.747298594246,-3403.430614664068,-11.44,0.0,3651.747298594246,-3403.430614664068,-11.44,,2025-08-04,23
2025-08-04,24,2025-08-04T10:30:00Z,2025-08-05T11:14:51Z,89.0,89.0,False,P,0.0,266.00536755698005,0.0,0.0,,,3471.14653755698,-3346.365676666667,-11.44,152.947,3470.14653755698,-3346.365676666667,-11.44,152.947,2025-08-04,24
2025-08-04,25,2025-08-04T11:00:00Z,2025-08-05T11:44:42Z,89.0,89.0,False,P,0.0,382.09977882743283,0.0,0.0,,,3260.2474931131474,-2935.7802374704925,-11.44,68.953,3259.2474931131474,-2935.7802374704925,-11.44,68.953,2025-08-04,25
2025-08-04,26,2025-08-04T11:30:00Z,2025-08-05T12:14:42Z,89.0,89.0,False,P,0.0,376.09678806227936,0.0,0.0,,,2791.6146348655006,-2404.489805832469,-11.44,0.0,2790.6146348655006,-2404.489805832469,-11.44,,2025-08-04,26
2025-08-04,27,2025-08-04T12:00:00Z,2025-08-05T12:45:03Z,89.0,89.0,False,P,0.0,437.50957842941534,0.0,0.0,,,2534.5878165246536,-2085.723358350966,-11.44,0.0,2533.5878165246536,-2085.723358350966,-11.44,,2025-08-04,27
2025-08-04,28,2025-08-04T12:30:00Z,2025-08-05T13:14:59Z,-17.29,-17.29,False,N,0.0,-115.63636186813187,0.0,0.0,,,1708.3964506318682,-1811.8238888888889,-11.44,0.0,1708.3964506318682,-1810.8238888888889,-11.44,,2025-08-04,28
2025-08-04,29,2025-08-04T13:00:00Z,2025-08-05T13:44:49Z,-13.923601012825733,-13.923601012825733,False,N,0.0,-64.96484936202687,0.0,0.0,-13.8588,1.0,1482.8424328601955,-1536.4391804166667,-11.44,0.0,1482.8424328601955,-1535.4391804166667,-11.44,,2025-08-04,29
2025-08-04,30,2025-08-04T13:30:00Z,2025-08-05T14:14:57Z,-10.38,-10.38,False,N,0.0,-71.74224027777778,0.0,0.0,,,1384.8970747222222,-1445.3323491666667,-11.44,0.0,1384.8970747222222,-1444.3323491666667,-11.44,,2025-08-04,30
2025-08-04,31,2025-08-04T14:00:00Z,2025-08-05T14:44:30Z,-11.52,-11.52,False,N,0.0,-78.69444305555555,0.0,0.0,,,1350.8347222222221,-1418.4738875,-11.44,0.0,1350.8347222222221,-1417.4738875,-11.44,,2025-08-04,31
2025-08-04,32,2025-08-04T14:30:00Z,2025-08-05T15:14:37Z,-11.52,-11.52,False,N,0.0,-108.1384375,0.0,0.0,,,1407.35,-1504.1138888888888,-11.44,0.0,1407.35,-1503.1138888888888,-11.44,,2025-08-04,32
2025-08-04,33,2025-08-04T15:00:00Z,2025-08-05T15:44:34Z,-11.52,-11.52,False,N,0.0,-268.75740972222223,0.0,0.0,,,1402.0282447222223,-1659.467411111111,-11.44,0.0,1402.0282447222223,-1658.467411111111,-11.44,,2025-08-04,33
2025-08-04,34,2025-08-04T15:30:00Z,2025-08-05T16:14:30Z,-17.29,-17.29,False,N,0.0,-280.80319444444444,0.0,0.0,,,1345.004861111111,-1614.2798611111111,-11.44,0.0,1345.004861111111,-1613.2798611111111,-11.44,,2025-08-04,34
2025-08-04,35,2025-08-04T16:00:00Z,2025-08-05T16:44:29Z,-17.29,-17.29,False,N,0.0,-291.5272684722222,0.0,0.0,,,1355.9916683333333,-1636.2625,-11.44,0.0,1355.9916683333333,-1635.2625,-11.44,,2025-08-04,35
2025-08-04,36,2025-08-04T16:30:00Z,2025-08-05T17:14:29Z,64.0,64.0,False,P,0.0,2.9005555555555556,0.0,0.0,,,1536.7334122222221,-1522.2417455555556,-11.44,0.0,1535.7334122222221,-1522.2417455555556,-11.44,,2025-08-04,36
2025-08-04,37,2025-08-04T17:00:00Z,2025-08-05T17:44:55Z,64.54,64.54,False,P,0.0,296.0085226294192,0.0,0.0,,,1490.1006059627525,-1632.855214548611,-11.44,450.0,1490.1006059627525,-1632.855214548611,-11.44,449.0,2025-08-04,37
2025-08-04,38,2025-08-04T17:30:00Z,2025-08-05T18:14:36Z,35.0,35.0,False,N,0.0,-0.4854805808080808,0.0,0.0,,,1471.6652335858587,-1985.1432533333334,-11.44,524.697,1471.6652335858587,-1984.6577727525253,-11.44,524.697,2025-08-04,38
2025-08-04,39,2025-08-04T18:00:00Z,2025-08-05T18:44:37Z,35.0,35.0,False,N,0.0,-36.33046375,0.0,0.0,,,1497.4217384523809,-2187.8967627579364,-11.44,665.786,1497.4217384523809,-2186.8967627579364,-11.44,665.786,2025-08-04,39
2025-08-04,40,2025-08-04T18:30:00Z,2025-08-05T19:14:48Z,34.88,34.88,False,N,0.0,-13.950304315416666,0.0,0.0,,,1489.7944761209721,-2173.020597509861,-11.44,680.579,1489.7944761209721,-2172.020597509861,-11.44,680.579,2025-08-04,40
2025-08-04,41,2025-08-04T19:00:00Z,2025-08-05T19:44:39Z,33.79997472671849,33.79997472671849,False,N,0.0,-334.2900168137255,0.0,0.0,34.27,1.0,1906.3417245751634,-2436.3066719444446,-12.304,207.0,1906.3417245751634,-2435.3066719444446,-12.304,207.0,2025-08-04,41
2025-08-04,42,2025-08-04T19:30:00Z,2025-08-05T20:14:39Z,-8.507435730297171,-8.507435730297171,False,N,0.0,-161.09662130741648,0.0,0.0,-8.324858508333334,1.0,2144.002803831472,-2659.039465304784,-12.317,365.286,2144.002803831472,-2658.039465304784,-12.317,365.286,2025-08-04,42
2025-08-04,43,2025-08-04T20:00:00Z,2025-08-05T20:44:39Z,65.0,65.0,False,P,0.0,171.27640117563885,0.0,0.0,,,2302.783236777491,-2670.969506424251,-12.37,551.0,2302.783236777491,-2670.969506424251,-12.37,550.0,2025-08-04,43
2025-08-04,44,2025-08-04T20:30:00Z,2025-08-05T21:14:46Z,71.32003970044212,71.32003970044212,False,P,0.0,322.53183398444025,0.0,0.0,,,2782.836777039996,-2889.146067827381,-12.244,440.183,2782.836777039996,-2889.146067827381,-12.244,439.183,2025-08-04,44
2025-08-04,45,2025-08-04T21:00:00Z,2025-08-05T21:44:50Z,-6.57,-6.57,False,N,0.0,-36.076186500924,0.0,0.0,,,2886.1150079435206,-3011.116542777778,-11.44,100.0,2886.1150079435206,-3010.116542777778,-11.44,100.0,2025-08-04,45
2025-08-04,46,2025-08-04T21:30:00Z,2025-08-05T22:14:36Z,-17.29,-17.29,False,N,0.0,-257.8550125268538,0.0,0.0,,,2591.1683208064796,-2937.477989265873,-11.44,100.0,2591.1683208064796,-2936.477989265873,-11.44,100.0,2025-08-04,46
2025-08-04,47,2025-08-04T22:00:00Z,2025-08-05T22:44:44Z,-17.29,-17.29,False,N,0.0,-490.98250288157107,0.0,0.0,,,2627.2179914232156,-3107.0520331331813,-11.44,0.0,2627.2179914232156,-3106.0520331331813,-11.44,,2025-08-04,47
2025-08-04,48,2025-08-04T22:30:00Z,2025-08-05T23:14:42Z,-17.29,-17.29,False,N,0.0,-475.23850438146343,0.0,0.0,,,2584.0505902397485,-3048.3833534522305,-11.44,0.0,2584.0505902397485,-3047.3833534522305,-11.44,,2025-08-04,48
2025-08-05,1,2025-08-04T23:00:00Z,2025-08-05T23:44:46Z,-17.61,-17.61,False,N,0.0,-642.8770631448413,0.0,0.0,,,2387.874806114418,-3360.1229730324076,-11.44,340.2,2387.874806114418,-3359.1229730324076,-11.44,340.2,2025-08-05,1
2025-08-05,2,2025-08-04T23:30:00Z,2025-08-06T00:14:39Z,-11.07,-11.07,False,N,0.0,-412.0271096626984,0.0,0.0,-11.07,0.0,2385.0478479761905,-3085.9038259722224,-11.44,300.0,2385.0478479761905,-3084.9038259722224,-11.44,300.0,2025-08-05,2
2025-08-05,3,2025-08-05T00:00:00Z,2025-08-06T00:44:36Z,-17.61,-17.61,False,N,0.0,-356.78847695261436,0.0,0.0,,,1993.3947483251634,-3088.7062270833335,-11.44,750.0,1993.3947483251634,-3087.7062270833335,-11.44,750.0,2025-08-05,3
2025-08-05,4,2025-08-05T00:30:00Z,2025-08-06T01:14:40Z,-25.0,-25.0,False,N,0.0,-627.6702777696079,0.0,0.0,,,1687.16175000817,-3087.446104722222,-11.44,783.367,1687.16175000817,-3086.446104722222,-11.44,783.367,2025-08-05,4
2025-08-05,5,2025-08-05T01:00:00Z,2025-08-06T01:44:37Z,-3.48,-3.48,False,N,0.0,-314.5827173611111,0.0,0.0,-3.48,0.0,1851.5767270833333,-3004.7975513888887,-11.44,850.0,1851.5767270833333,-3003.7975513888887,-11.44,850.0,2025-08-05,5
2025-08-05,6,2025-08-05T01:30:00Z,2025-08-06T02:15:25Z,-17.61,-17.61,False,N,0.0,-176.05416648809523,0.0,0.0,,,1969.5297543452382,-2984.253960972222,-11.44,850.0,1969.5297543452382,-2983.253960972222,-11.44,850.0,2025-08-05,6
2025-08-05,7,2025-08-05T02:00:00Z,2025-08-06T02:44:52Z,-17.61,-17.61,False,N,0.0,-102.82737040426588,0.0,0.0,,,2070.1751295957342,-2861.637386579861,-11.44,700.0,2070.1751295957342,-2860.637386579861,-11.44,700.0,2025-08-05,7
2025-08-05,8,2025-08-05T02:30:00Z,2025-08-06T03:14:30Z,-17.61,-17.61,False,N,0.0,-192.04610041666666,0.0,0.0,,,2013.7030530555555,-2894.7329833333333,-11.44,700.0,2013.7030530555555,-2893.7329833333333,-11.44,700.0,2025-08-05,8
2025-08-05,9,2025-08-05T03:00:00Z,2025-08-06T03:44:40Z,-17.61,-17.61,False,N,0.0,-351.6961131944444,0.0,0.0,,,1996.5186090277778,-2819.586384861111,-11.44,482.7,1996.5186090277778,-2818.586384861111,-11.44,482.7,2025-08-05,9
2025-08-05,10,2025-08-05T03:30:00Z,2025-08-06T04:14:35Z,-6.11,-6.11,False,N,0.0,-98.84597518087855,0.0,0.0,-6.11,0.0,1958.3499592635658,-2495.125656153101,-11.44,450.0,1958.3499592635658,-2494.125656153101,-11.44,450.0,2025-08-05,10
2025-08-05,11,2025-08-05T04:00:00Z,2025-08-06T04:44:28Z,-24.95,-24.95,False,N,0.0,-608.9238308524506,0.0,0.0,,,1560.3785841764206,-2557.9525394604407,-11.44,400.0,1560.3785841764206,-2556.9525394604407,-11.44,400.0,2025-08-05,11
2025-08-05,12,2025-08-05T04:30:00Z,2025-08-06T05:14:30Z,19.05,19.05,False,N,0.0,-647.4838256481481,0.0,0.0,19.05,0.11666666666666667,1577.293396574074,-2704.847656666667,-11.44,491.38,1577.293396574074,-2703.847656666667,-11.44,491.38,2025-08-05,12
2025-08-05,13,2025-08-05T05:00:00Z,2025-08-06T05:44:28Z,-6.57,-6.57,False,N,0.0,-201.97838078703703,0.0,0.0,-6.57,0.0,2063.157230324074,-2334.9355155555554,-11.44,81.218,2063.157230324074,-2333.9355155555554,-11.44,81.218,2025-08-05,13
2025-08-05,14,2025-08-05T05:30:00Z,2025-08-06T06:14:29Z,-1.42,-1.42,False,N,0.0,-185.87649245890256,0.0,0.0,-1.42,0.0,1880.212761043559,-2054.654649789931,-11.44,0.0,1880.212761043559,-2053.654649789931,-11.44,,2025-08-05,14
2025-08-05,15,2025-08-05T06:00:00Z,2025-08-06T06:44:31Z,-17.61,-17.61,False,N,0.0,-457.2626007479215,0.0,0.0,,,1596.8664553687092,-2042.5925847245296,-11.44,0.0,1596.8664553687092,-2041.5925847245296,-11.44,,2025-08-05,15
2025-08-05,16,2025-08-05T06:30:00Z,2025-08-06T07:14:40Z,-25.0,-25.0,False,N,0.0,-760.6629510940965,0.0,0.0,,,1554.8068738377904,-2304.155424563439,-11.44,0.0,1554.8068738377904,-2303.155424563439,-11.44,,2025-08-05,16
2025-08-05,17,2025-08-05T07:00:00Z,2025-08-06T07:44:44Z,-17.61,-17.61,False,N,0.0,-435.37618683798786,0.0,0.0,,,1963.2638130295772,-2386.998594165429,-11.44,0.0,1963.2638130295772,-2385.998594165429,-11.44,,2025-08-05,17
2025-08-05,18,2025-08-05T07:30:00Z,2025-08-06T08:14:30Z,6.65,6.65,False,N,0.0,-540.4317734679257,0.0,0.0,6.65,0.0,1665.762559726988,-2343.4890517423364,-11.44,148.829,1665.762559726988,-2342.4890517423364,-11.44,148.829,2025-08-05,18
2025-08-05,19,2025-08-05T08:00:00Z,2025-08-06T08:44:27Z,1.3,1.3,False,N,0.0,-611.779666462963,0.0,0.0,1.3,0.0,1490.92500001749,-2139.331249796296,-11.44,48.552,1490.92500001749,-2138.331249796296,-11.44,48.552,2025-08-05,19
2025-08-05,20,2025-08-05T08:30:00Z,2025-08-06T09:14:26Z,80.0,80.0,False,P,0.0,170.57444530912477,0.0,0.0,,,2068.0916666700764,-1885.8938880242085,-11.44,0.0,2067.0916666700764,-1885.8938880242085,-11.44,,2025-08-05,20
2025-08-05,21,2025-08-05T09:00:00Z,2025-08-06T09:44:27Z,-11.52,-11.52,False,N,0.0,-70.34294444444444,0.0,0.0,,,2375.375,-2450.7419444444445,-11.44,16.464,2375.375,-2449.7419444444445,-11.44,16.464,2025-08-05,21
2025-08-05,22,2025-08-05T09:30:00Z,2025-08-06T10:14:26Z,80.0,80.0,False,P,0.0,132.24292334795322,0.0,0.0,,,2168.2414780701756,-2171.558554722222,-11.44,147.0,2167.2414780701756,-2171.558554722222,-11.44,147.0,2025-08-05,22
2025-08-05,23,2025-08-05T10:00:00Z,2025-08-06T10:44:25Z,80.0,80.0,False,P,0.0,144.58284210526315,0.0,0.0,,,2326.4868421052633,-2189.65,-11.44,19.186,2325.4868421052633,-2189.65,-11.44,19.186,2025-08-05,23
2025-08-05,24,2025-08-05T10:30:00Z,2025-08-06T11:14:31Z,79.0,79.0,False,N,0.0,-157.93206176204532,0.0,0.0,79.0,1.0,2111.266282867583,-2257.758344629536,-11.44,0.0,2111.266282867583,-2256.758344629536,-11.44,,2025-08-05,24
2025-08-05,25,2025-08-05T11:00:00Z,2025-08-06T11:44:32Z,80.0,80.0,False,P,0.0,119.55833333333334,0.0,0.0,,,2382.783990277778,-2263.2256569444444,0.0,0.0,2381.783990277778,-2263.2256569444444,,,2025-08-05,25
2025-08-05,26,2025-08-05T11:30:00Z,2025-08-06T12:14:35Z,1.4,1.4,False,N,0.0,-94.06046296296296,0.0,0.0,1.4,0.0,2232.454132037037,-2326.5145944444444,0.0,0.0,2232.454132037037,-2325.5145944444444,,,2025-08-05,26
2025-08-05,27,2025-08-05T12:00:00Z,2025-08-06T12:44:38Z,80.0,80.0,False,P,0.0,51.87210920304233,0.0,0.0,,,2375.513498091931,-2323.641763343254,0.0,0.0,2374.513498091931,-2323.641763343254,,,2025-08-05,27
2025-08-05,28,2025-08-05T12:30:00Z,2025-08-06T13:14:25Z,10.49,10.49,False,N,0.0,-2.0686127777777776,0.0,0.0,10.49,0.0,2272.2817263888887,-2274.350339166667,0.0,0.0,2272.2817263888887,-2273.350339166667,,,2025-08-05,28
2025-08-05,29,2025-08-05T13:00:00Z,2025-08-06T13:44:46Z,6.81,6.81,False,N,0.0,-206.2027659722222,0.0,0.0,6.81,0.0,2206.698622916667,-2412.901388888889,0.0,0.0,2206.698622916667,-2411.901388888889,,,2025-08-05,29
2025-08-05,30,2025-08-05T13:30:00Z,2025-08-06T14:14:32Z,51.02,51.02,False,P,0.0,100.01572694444444,0.0,0.0,,,2547.1875044444446,-2468.7291620833334,0.0,21.592,2546.1875044444446,-2468.7291620833334,,21.592,2025-08-05,30
2025-08-05,31,2025-08-05T14:00:00Z,2025-08-06T14:44:35Z,54.48,54.48,False,P,0.0,67.63527402777778,0.0,0.0,,,2426.705607361111,-2558.2500856944444,0.0,199.188,2425.705607361111,-2558.2500856944444,,199.188,2025-08-05,31
2025-08-05,32,2025-08-05T14:30:00Z,2025-08-06T15:14:53Z,-1.5877976754444703,-1.5877976754444703,False,N,0.0,-223.48407180110289,0.0,0.0,-1.2603548376617402,0.6759997705682247,2258.8520470294425,-2571.5284940441197,0.0,89.12,2258.8520470294425,-2570.5284940441197,,89.12,2025-08-05,32
2025-08-05,33,2025-08-05T15:00:00Z,2025-08-06T15:44:56Z,27.16,27.16,False,N,0.0,-236.98023607538295,0.0,0.0,27.16,0.0,2171.959255988109,-2777.311305327381,0.0,368.824,2171.959255988109,-2776.311305327381,,368.824,2025-08-05,33
2025-08-05,34,2025-08-05T15:30:00Z,2025-08-06T16:14:51Z,40.0,40.0,False,P,0.0,257.1780700531638,0.0,0.0,,,2631.1150372846455,-2788.2668725318945,0.0,414.09,2631.1150372846455,-2788.2668725318945,,413.09,2025-08-05,34
2025-08-05,35,2025-08-05T16:00:00Z,2025-08-06T16:44:54Z,-11.52,-11.52,False,N,0.0,-114.02666016666667,0.0,0.0,,,2536.246246739899,-3000.153116159091,-11.44,360.693,2536.246246739899,-2999.153116159091,-11.44,360.693,2025-08-05,35
2025-08-05,36,2025-08-05T16:30:00Z,2025-08-06T17:14:45Z,19.86,19.86,False,N,0.0,-130.05323270833333,0.0,0.0,19.86,0.0,2478.0133582638887,-2991.497804375,-11.44,394.926,2478.0133582638887,-2990.497804375,-11.44,394.926,2025-08-05,36
2025-08-05,37,2025-08-05T17:00:00Z,2025-08-06T17:44:44Z,57.22,57.22,False,N,0.0,-22.436146133923778,0.0,0.0,57.22,0.0,2635.816581921632,-3199.7913587030325,-11.44,553.23,2635.816581921632,-3198.7913587030325,-11.44,553.23,2025-08-05,37
2025-08-05,38,2025-08-05T17:30:00Z,2025-08-06T18:14:44Z,80.0,80.0,False,P,0.0,428.24099005892253,0.0,0.0,,,3061.7151688089225,-3152.956941527778,-11.44,530.869,3061.7151688089225,-3152.956941527778,-11.44,529.869,2025-08-05,38
2025-08-05,39,2025-08-05T18:00:00Z,2025-08-06T18:44:42Z,53.154164534898044,53.154164534898044,False,N,0.0,-46.581401700378485,0.0,0.0,57.335183022222225,1.0,2696.727984452904,-3209.9539540926344,0.0,466.514,2696.727984452904,-3208.9539540926344,,466.514,2025-08-05,39
2025-08-05,40,2025-08-05T18:30:00Z,2025-08-06T19:14:43Z,87.0,87.0,False,P,0.0,84.13881705246914,0.0,0.0,,,2731.621094830247,-3207.6251654320986,0.0,560.333,2731.621094830247,-3207.6251654320986,,559.333,2025-08-05,40
2025-08-05,41,2025-08-05T19:00:00Z,2025-08-06T19:44:43Z,52.90849020052557,52.90849020052557,False,N,0.0,-41.31347796296296,0.0,0.0,59.3354243625,1.0,2764.986229814815,-3128.5759075,0.0,322.553,2764.986229814815,-3127.5759075,,322.553,2025-08-05,41
2025-08-05,42,2025-08-05T19:30:00Z,2025-08-06T20:14:48Z,76.86,76.86,False,N,0.0,-47.403206438005476,0.0,0.0,76.86,1.0,2737.6493575198338,-3085.178122945942,0.0,300.0,2737.6493575198338,-3084.178122945942,,300.0,2025-08-05,42
2025-08-05,43,2025-08-05T20:00:00Z,2025-08-06T20:44:46Z,49.27365948912044,49.27365948912044,False,N,0.0,-208.3984004334534,0.0,0.0,49.67818181818182,0.275,2646.6666548198427,-3047.0523039291243,0.0,192.053,2646.6666548198427,-3046.0523039291243,,192.053,2025-08-05,43
2025-08-05,44,2025-08-05T20:30:00Z,2025-08-06T21:14:55Z,104.73,104.73,False,P,0.0,240.6168574779086,0.0,0.0,,,2852.4940807547946,-2887.610202455131,0.0,276.273,2851.4940807547946,-2887.610202455131,,276.273,2025-08-05,44
2025-08-05,45,2025-08-05T21:00:00Z,2025-08-06T21:44:56Z,114.0,114.0,False,P,0.0,506.54209359140907,0.0,0.0,,,3130.0394613290805,-2833.1397024165517,0.0,209.759,3129.0394613290805,-2833.1397024165517,,209.759,2025-08-05,45
2025-08-05,46,2025-08-05T21:30:00Z,2025-08-06T22:14:49Z,79.0,79.0,False,P,0.0,184.29941759048435,0.0,0.0,,,2758.928953504152,-2724.3239662664205,0.0,150.0,2758.928953504152,-2724.3239662664205,,149.0,2025-08-05,46
2025-08-05,47,2025-08-05T22:00:00Z,2025-08-06T22:44:44Z,102.0,102.0,False,P,0.0,272.2398783928571,0.0,0.0,,,2712.4472529761906,-2807.9814091666667,0.0,367.5,2711.4472529761906,-2807.9814091666667,,367.5,2025-08-05,47
2025-08-05,48,2025-08-05T22:30:00Z,2025-08-06T23:14:55Z,27.14,27.14,False,N,0.0,-220.54989423361502,0.0,0.0,27.14,1.0,2303.4083525494816,-2891.4998582233434,0.0,367.5,2303.4083525494816,-2890.4998582233434,,367.5,2025-08-05,48
2025-08-06,1,2025-08-05T23:00:00Z,2025-08-06T23:44:43Z,13.578120227567123,13.578120227567123,False,N,0.0,-612.5800127336386,0.0,0.0,15.445,1.0,1697.9975202068376,-2765.8040709614165,0.0,455.584,1697.9975202068376,-2764.8040709614165,,455.584,2025-08-06,1
2025-08-06,2,2025-08-05T23:30:00Z,2025-08-07T00:14:50Z,40.26906538831299,40.26906538831299,False,N,0.0,-613.3306698076923,0.0,0.0,41.8875,1.0,1806.441318525641,-2787.151204201887,0.0,367.5,1806.441318525641,-2786.151204201887,,367.5,2025-08-06,2
2025-08-06,3,2025-08-06T00:00:00Z,2025-08-07T00:44:46Z,25.06,25.06,False,N,0.0,-551.4744681944444,0.0,0.0,25.06,0.0,1800.083865138889,-2719.0317816666666,0.0,367.5,1800.083865138889,-2718.0317816666666,,367.5,2025-08-06,3
2025-08-06,4,2025-08-06T00:30:00Z,2025-08-07T01:14:47Z,-4.65601800936002,-4.65601800936002,False,N,0.0,-462.12766333835003,0.0,0.0,-4.4185,1.0,1829.821855272761,-2727.7624758055554,0.0,435.5,1829.821855272761,-2726.7624758055554,,435.5,2025-08-06,4
2025-08-06,5,2025-08-06T01:00:00Z,2025-08-07T01:44:54Z,5.14,5.14,False,N,0.0,-378.09719289251206,0.0,0.0,5.14,0.25833333333333336,1982.7274737741545,-2639.8476424396135,0.0,278.917,1982.7274737741545,-2638.8476424396135,,278.917,2025-08-06,5
2025-08-06,6,2025-08-06T01:30:00Z,2025-08-07T02:15:40Z,-3.67,-3.67,False,N,0.0,-199.4461837962963,0.0,0.0,-3.67,0.15,2213.737149537037,-2630.8746475925927,0.0,217.5,2213.737149537037,-2629.8746475925927,,217.5,2025-08-06,6
2025-08-06,7,2025-08-06T02:00:00Z,2025-08-07T02:44:47Z,-8.828410146302412,-8.828410146302412,False,N,0.0,-223.85680804464667,0.0,0.0,-8.503333333333334,1.0,2099.9624643164643,-2583.3503410378125,0.0,259.223,2099.9624643164643,-2582.3503410378125,,259.223,2025-08-06,7
2025-08-06,8,2025-08-06T02:30:00Z,2025-08-07T03:14:56Z,31.21358354271299,31.21358354271299,False,N,0.0,-424.2194390515154,0.0,0.0,33.946,1.0,1842.3360090316214,-2610.5115736431626,0.0,344.051,1842.3360090316214,-2609.5115736431626,,344.051,2025-08-06,8
2025-08-06,9,2025-08-06T03:00:00Z,2025-08-07T03:44:47Z,13.75,13.75,False,N,0.0,-438.3679280555556,0.0,0.0,13.75,0.0,1870.8319433333334,-2531.5525,0.0,222.393,1870.8319433333334,-2530.5525,,222.393,2025-08-06,9
2025-08-06,10,2025-08-06T03:30:00Z,2025-08-07T04:14:46Z,10.0,10.0,False,N,0.0,-321.2258524358974,0.0,0.0,10.0,0.16955152777777777,1896.5881435363249,-2435.347973269231,0.0,217.5,1896.5881435363249,-2434.347973269231,,217.5,2025-08-06,10
2025-08-06,11,2025-08-06T04:00:00Z,2025-08-07T04:44:45Z,23.16,23.16,False,N,0.0,-316.5284701388889,0.0,0.0,23.16,0.0,1783.1748631944445,-2317.289003030303,0.0,217.5,1783.1748631944445,-2316.289003030303,,217.5,2025-08-06,11
2025-08-06,12,2025-08-06T04:30:00Z,2025-08-07T05:14:34Z,33.71,33.71,False,N,0.0,-174.37292651094276,0.0,0.0,33.71,0.0,1907.8661012668351,-2299.70482,0.0,217.5,1907.8661012668351,-2298.70482,,217.5,2025-08-06,12
2025-08-06,13,2025-08-06T05:00:00Z,2025-08-07T05:44:48Z,76.0,76.0,False,N,0.0,-291.97122807098765,0.0,0.0,76.0,0.13125,1930.7683552623457,-2440.4239083796297,0.0,217.5,1930.7683552623457,-2439.4239083796297,,217.5,2025-08-06,13
2025-08-06,14,2025-08-06T05:30:00Z,2025-08-07T06:14:32Z,38.72682956720614,38.72682956720614,False,N,0.0,-302.0007630779055,0.0,0.0,38.9265,1.0,1849.0275019659541,-2450.3348991666667,0.0,299.655,1849.0275019659541,-2449.3348991666667,,299.655,2025-08-06,14
2025-08-06,15,2025-08-06T06:00:00Z,2025-08-07T06:44:28Z,41.569532186556245,41.569532186556245,False,N,0.0,-264.40590140936024,0.0,0.0,44.61803382540222,1.0,1825.9687320657333,-2262.109666694282,0.0,171.5,1825.9687320657333,-2261.109666694282,,171.5,2025-08-06,15
2025-08-06,16,2025-08-06T06:30:00Z,2025-08-07T07:14:31Z,54.3601713937213,54.3601713937213,False,N,0.0,-65.28962331595652,0.0,0.0,54.755,1.0,1955.1691001227912,-2181.356231186327,0.0,160.934,1955.1691001227912,-2180.356231186327,,160.934,2025-08-06,16
2025-08-06,17,2025-08-06T07:00:00Z,2025-08-07T07:44:33Z,46.03059699679346,46.03059699679346,False,N,0.0,-23.828191064814813,0.0,0.0,,,1940.257662824074,-2007.9819625365496,0.0,44.06,1940.257662824074,-2006.9819625365496,,44.06,2025-08-06,17
2025-08-06,18,2025-08-06T07:30:00Z,2025-08-07T08:14:36Z,60.23,60.23,False,N,0.0,-297.8999093055556,0.0,0.0,60.23,0.0,1604.2077295833333,-1901.9910658333333,0.0,0.0,1604.2077295833333,-1900.9910658333333,,,2025-08-06,18
2025-08-06,19,2025-08-06T08:00:00Z,2025-08-07T08:44:25Z,57.71,57.71,False,N,0.0,-360.37499722222225,0.0,0.0,57.71,0.0,1483.2405583333334,-1843.2491126633986,0.0,0.0,1483.2405583333334,-1842.2491126633986,,,2025-08-06,19
2025-08-06,20,2025-08-06T08:30:00Z,2025-08-07T09:14:31Z,42.02314722325987,42.02314722325987,False,N,0.0,-144.73567681691765,0.0,0.0,44.59233777777778,1.0,1569.8146842941935,-1714.462062405203,0.0,0.0,1569.8146842941935,-1713.462062405203,,,2025-08-06,20
2025-08-06,21,2025-08-06T09:00:00Z,2025-08-07T09:44:24Z,34.654084672333,34.654084672333,False,N,0.0,-325.3415571111719,0.0,0.0,40.204314494444446,1.0,1116.2222735148382,-1440.9721639457262,0.0,0.0,1116.2222735148382,-1439.9721639457262,,,2025-08-06,21
2025-08-06,22,2025-08-06T09:30:00Z,2025-08-07T10:14:32Z,47.1,47.1,False,N,0.0,-456.3652803092535,0.0,0.0,47.1,0.0,980.34968475342,-1436.4996873925868,0.0,0.0,980.34968475342,-1435.4996873925868,,,2025-08-06,22
2025-08-06,23,2025-08-06T10:00:00Z,2025-08-07T10:44:28Z,41.67,41.67,False,N,0.0,-366.88500696460574,0.0,0.0,41.67,0.0,985.1733262560701,-1351.606666547939,0.0,0.0,985.1733262560701,-1350.606666547939,,,2025-08-06,23
2025-08-06,24,2025-08-06T10:30:00Z,2025-08-07T11:14:26Z,30.0,30.0,False,N,0.0,-331.96881444444443,0.0,0.0,30.0,1.0,949.9127394753086,-1281.6210739197531,0.0,0.0,949.9127394753086,-1280.6210739197531,,,2025-08-06,24
2025-08-06,25,2025-08-06T11:00:00Z,2025-08-07T11:44:30Z,40.9,40.9,False,N,0.0,-330.88166666666666,0.0,0.0,40.9,0.0,864.0016666666667,-1194.7766666666666,0.0,0.0,864.0016666666667,-1193.7766666666666,,,2025-08-06,25
2025-08-06,26,2025-08-06T11:30:00Z,2025-08-07T12:14:42Z,42.02,42.02,False,N,0.0,-311.7804376388889,0.0,0.0,42.02,0.0,774.51095125,-1086.2523427777778,0.0,0.0,774.51095125,-1085.2523427777778,,,2025-08-06,26
2025-08-06,27,2025-08-06T12:00:00Z,2025-08-07T12:46:00Z,15.468038781834432,15.468038781834432,False,N,0.0,-369.825,0.0,0.0,16.989614583333335,1.0,601.5666666666667,-971.875,0.0,0.0,601.5666666666667,-970.875,,,2025-08-06,27
2025-08-06,28,2025-08-06T12:30:00Z,2025-08-07T13:14:52Z,4.21,4.21,False,N,0.0,-355.66666430555557,0.0,0.0,4.21,1.0,576.7343133333334,-932.4759776388889,0.0,0.0,576.7343133333334,-931.4759776388889,,,2025-08-06,28
2025-08-06,29,2025-08-06T13:00:00Z,2025-08-07T13:44:29Z,28.696177454043244,28.696177454043244,False,N,0.0,-196.8,0.0,0.0,30.076166666666666,1.0,572.5,-769.8583333333333,0.0,0.0,572.5,-768.8583333333333,,,2025-08-06,29
2025-08-06,30,2025-08-06T13:30:00Z,2025-08-07T14:14:48Z,-8.361494594412477,-8.361494594412477,False,N,0.0,-255.631737,0.0,0.0,-8.248933543055555,1.0,552.7551882777777,-808.4926851944444,0.0,0.0,552.7551882777777,-807.4926851944444,,,2025-08-06,30
2025-08-06,31,2025-08-06T14:00:00Z,2025-08-07T14:44:40Z,10.64,10.64,False,N,0.0,-273.36874416666666,0.0,0.0,10.64,1.0,532.8194444444445,-806.3520775,0.0,0.0,532.8194444444445,-805.3520775,,,2025-08-06,31
2025-08-06,32,2025-08-06T14:30:00Z,2025-08-07T15:14:33Z,50.0,50.0,False,N,0.0,-332.2773111111111,0.0,0.0,50.0,1.0,513.2535605555555,-845.5039777777778,0.0,0.0,513.2535605555555,-844.5039777777778,,,2025-08-06,32
2025-08-06,33,2025-08-06T15:00:00Z,2025-08-07T15:44:29Z,50.0,50.0,False,N,0.0,-452.5143938888889,0.0,0.0,50.0,1.0,362.24166681481483,-814.725,0.0,0.0,362.24166681481483,-813.725,,,2025-08-06,33
2025-08-06,34,2025-08-06T15:30:00Z,2025-08-07T16:14:30Z,6.0,6.0,False,N,0.0,-512.687055738004,0.0,0.0,6.0,1.0,378.7411850027367,-891.486574074074,0.0,0.0,378.7411850027367,-890.486574074074,,,2025-08-06,34
2025-08-06,35,2025-08-06T16:00:00Z,2025-08-07T16:44:27Z,6.0,6.0,False,N,0.0,-491.4243127442002,0.0,0.0,6.0,1.0,400.3684351190476,-923.2701356410256,0.0,31.383,400.3684351190476,-922.2701356410256,,31.383,2025-08-06,35
2025-08-06,36,2025-08-06T16:30:00Z,2025-08-07T17:14:32Z,59.0,59.0,False,N,0.0,-196.083329280397,0.0,0.0,59.0,1.0,554.7487670909154,-750.8527259470637,0.0,0.0,554.7487670909154,-749.8527259470637,,,2025-08-06,36
2025-08-06,37,2025-08-06T17:00:00Z,2025-08-07T17:44:23Z,104.0,104.0,False,P,0.0,259.7348052826138,0.0,0.0,,,560.1403554618253,-644.6148835125448,0.0,343.966,560.1403554618253,-644.6148835125448,,342.966,2025-08-06,37
2025-08-06,38,2025-08-06T17:30:00Z,2025-08-07T18:14:28Z,126.5,126.5,False,P,0.0006,348.92558479532164,0.0,0.0,,,600.7811403508772,-551.8388888888888,0.0,300.0,599.7811403508772,-551.8388888888888,,300.0,2025-08-06,38
2025-08-06,39,2025-08-06T18:00:00Z,2025-08-07T18:44:37Z,139.9,139.9,False,P,0.0036,510.24695255952383,0.0,0.0,,,630.1833345833334,-697.3099198015873,0.0,577.4,629.1833345833334,-697.3099198015873,,577.4,2025-08-06,39
2025-08-06,40,2025-08-06T18:30:00Z,2025-08-07T19:14:40Z,139.9,139.9,False,P,0.0168,441.0251984126984,0.0,0.0,,,630.0,-738.9748015873016,0.0,550.0,629.0,-738.9748015873016,,550.0,2025-08-06,40
2025-08-06,41,2025-08-06T19:00:00Z,2025-08-07T19:44:33Z,126.5,126.5,False,P,0.0036,373.03403944444443,0.0,0.0,,,632.1669589814815,-567.2627938888888,0.0,308.201,631.1669589814815,-567.2627938888888,,308.201,2025-08-06,41
2025-08-06,42,2025-08-06T19:30:00Z,2025-08-07T20:14:31Z,126.5,126.5,False,P,0.0018,362.71646875,0.0,0.0,,,630.358527,-517.7668645833334,0.0,250.0,629.358527,-517.7668645833334,,250.0,2025-08-06,42
2025-08-06,43,2025-08-06T20:00:00Z,2025-08-07T20:44:30Z,98.0,98.0,False,P,0.0006,151.9388888888889,0.0,0.0,,,630.0666666666667,-728.1111111111111,0.0,250.0,630.0666666666667,-728.1111111111111,,249.0,2025-08-06,43
2025-08-06,44,2025-08-06T20:30:00Z,2025-08-07T21:14:38Z,97.63020408163266,97.63020408163266,False,P,0.0006,84.4025,0.0,0.0,,,639.0166666666667,-804.3558333333333,0.0,250.0,639.0166666666667,-804.3558333333333,,249.0,2025-08-06,44
2025-08-06,45,2025-08-06T21:00:00Z,2025-08-07T21:44:27Z,108.71973684210526,108.71973684210526,False,P,0.003,360.8112813888889,0.0,0.0,,,790.2246147222222,-855.1279366666666,0.0,425.94,790.2246147222222,-855.1279366666666,,424.94,2025-08-06,45
2025-08-06,46,2025-08-06T21:30:00Z,2025-08-07T22:14:41Z,106.0,106.0,False,P,0.0,358.70897314484125,0.0,0.0,,,1081.8126953670635,-1148.517074438295,0.0,425.576,1081.8126953670635,-1148.517074438295,,424.576,2025-08-06,46
2025-08-06,47,2025-08-06T22:00:00Z,2025-08-07T22:44:45Z,109.0,109.0,False,P,0.0,333.4714509833259,0.0,0.0,,,1727.3870207340372,-1518.8300510610595,0.0,125.016,1726.3870207340372,-1518.8300510610595,,125.016,2025-08-06,47
2025-08-06,48,2025-08-06T22:30:00Z,2025-08-07T23:14:33Z,108.5,108.5,False,P,0.0,645.3849911084656,0.0,0.0,,,2365.4787620608467,-1839.6438817880435,0.0,120.0,2364.4787620608467,-1839.6438817880435,,120.0,2025-08-06,48
2025-08-07,1,2025-08-06T23:00:00Z,2025-08-07T23:44:26Z,99.65,99.65,False,P,0.0,234.39308929985754,0.0,0.0,,,2327.211026918905,-2212.668360459289,0.0,120.0,2326.211026918905,-2212.668360459289,,120.0,2025-08-07,1
2025-08-07,2,2025-08-06T23:30:00Z,2025-08-08T00:14:29Z,69.43,69.43,False,N,0.0,-144.86820841666668,0.0,0.0,69.43,0.0,1983.2362360277777,-2248.0804038930937,0.0,120.0,1983.2362360277777,-2247.0804038930937,,120.0,2025-08-07,2
2025-08-07,3,2025-08-07T00:00:00Z,2025-08-08T00:44:41Z,54.38,54.38,False,N,0.0,-274.91798762536075,0.0,0.0,54.38,0.0,1866.8575679301948,-2261.82614296627,0.0,120.0,1866.8575679301948,-2260.82614296627,,120.0,2025-08-07,3
2025-08-07,4,2025-08-07T00:30:00Z,2025-08-08T01:14:35Z,10.0,10.0,False,N,0.0,-380.3124346464646,0.0,0.0,10.0,1.0,1875.2722875757577,-2375.5715277777776,0.0,120.0,1875.2722875757577,-2374.5715277777776,,120.0,2025-08-07,4
2025-08-07,5,2025-08-07T01:00:00Z,2025-08-08T01:44:31Z,9.21,9.21,False,N,0.0,-252.02258111111112,0.0,0.0,9.21,1.0,2059.7770833333334,-2473.6354144444445,0.0,161.317,2059.7770833333334,-2472.6354144444445,,161.317,2025-08-07,5
2025-08-07,6,2025-08-07T01:30:00Z,2025-08-08T02:14:53Z,30.69,30.69,False,N,0.0,-174.7505813888889,0.0,0.0,30.69,0.0,2260.1395852777778,-2582.6241666666665,0.0,147.684,2260.1395852777778,-2581.6241666666665,,147.684,2025-08-07,6
2025-08-07,7,2025-08-07T02:00:00Z,2025-08-08T08:34:24Z,24.26,24.26,False,N,0.0,-336.6835130555556,0.0,0.0,24.26,0.0,2271.55283625,-2769.6307595959493,0.0,161.317,2271.55283625,-2768.6307595959493,,161.317,2025-08-07,7
2025-08-07,8,2025-08-07T02:30:00Z,2025-08-08T03:14:50Z,21.26,21.26,False,N,0.0,-155.08536258838384,0.0,0.0,21.26,0.0,2616.6330818560605,-2999.7661391161614,0.0,228.091,2616.6330818560605,-2998.7661391161614,,228.091,2025-08-07,8
2025-08-07,9,2025-08-07T03:00:00Z,2025-08-08T03:44:33Z,53.44630153383558,53.44630153383558,False,N,0.0,-0.5418336111111112,0.0,0.0,53.44630153383558,0.39612930555555553,2697.3447534722222,-2947.2130793055558,0.0,249.725,2697.3447534722222,-2946.671245694444,,249.725,2025-08-07,9
2025-08-07,10,2025-08-07T03:30:00Z,2025-08-08T04:14:31Z,65.0,65.0,False,N,0.0,-20.510051658736696,0.0,0.0,65.0,1.0,2629.2047458412635,-2790.712615742077,0.0,141.173,2629.2047458412635,-2789.712615742077,,141.173,2025-08-07,10
2025-08-07,11,2025-08-07T04:00:00Z,2025-08-08T04:44:29Z,90.0,90.0,False,P,0.0,126.08908533950617,0.0,0.0,,,2753.6805853395063,-2862.617997916667,0.0,234.841,2752.6805853395063,-2862.617997916667,,234.841,2025-08-07,11
2025-08-07,12,2025-08-07T04:30:00Z,2025-08-08T05:14:32Z,99.5,99.5,False,P,0.0,93.55073780259167,0.0,0.0,,,2671.400535163703,-2849.055371388889,0.0,271.409,2670.400535163703,-2849.055371388889,,271.409,2025-08-07,12
2025-08-07,13,2025-08-07T05:00:00Z,2025-08-08T05:44:26Z,86.0,86.0,False,N,0.0,-37.18848684395222,0.0,0.0,86.0,0.8724066666666667,2608.5615434338256,-2775.4423388675214,0.0,129.777,2608.5615434338256,-2774.4423388675214,,129.777,2025-08-07,13
2025-08-07,14,2025-08-07T05:30:00Z,2025-08-08T06:14:31Z,18.723670047393327,18.723670047393327,False,N,0.0,-148.37549975101152,0.0,0.0,20.696570729166666,1.0,2498.7223489989883,-2809.667261301354,0.0,163.006,2498.7223489989883,-2808.667261301354,,163.006,2025-08-07,14
2025-08-07,15,2025-08-07T06:00:00Z,2025-08-08T06:44:40Z,32.23,32.23,False,N,0.0,-131.98399777777948,0.0,0.0,,,2313.8934029511897,-2852.978523867628,-0.005,406.712,2313.8934029511897,-2851.978523867628,-0.005,406.712,2025-08-07,15
2025-08-07,16,2025-08-07T06:30:00Z,2025-08-08T07:14:37Z,89.06,89.06,False,P,0.0,301.67581125225166,0.0,0.0,,,2475.922500051689,-2574.290233901257,-0.01,400.0,2475.922500051689,-2574.290233901257,-0.01,399.0,2025-08-07,16
2025-08-07,17,2025-08-07T07:00:00Z,2025-08-08T07:44:42Z,33.220849699642216,33.220849699642216,False,N,0.0,-192.72165263652204,0.0,0.0,33.718,1.0,1945.0721965698272,-2137.9742190979823,-0.005,0.0,1945.0721965698272,-2136.9742190979823,-0.005,,2025-08-07,17
2025-08-07,18,2025-08-07T07:30:00Z,2025-08-08T08:14:35Z,10.320739271348753,10.320739271348753,False,N,0.0,-169.8719839206712,0.0,0.0,10.507,1.0,1750.3083330574702,-1920.3969836428935,-0.01,0.0,1750.3083330574702,-1919.3969836428935,-0.01,,2025-08-07,18
2025-08-07,19,2025-08-07T08:00:00Z,2025-08-08T08:44:39Z,1.6,1.6,False,N,0.0,-382.0511111111111,0.0,0.0,,,1567.4333333333334,-1749.6177777777777,-200.02,0.0,1567.4333333333334,-1748.6177777777777,-200.02,,2025-08-07,19
2025-08-07,20,2025-08-07T08:30:00Z,2025-08-08T09:14:44Z,-12.0,-12.0,False,N,0.0,-779.0605555555555,0.0,0.0,-12.0,1.0,1347.9027777777778,-1926.8466666666666,-200.005,0.0,1347.9027777777778,-1925.8466666666666,-200.005,,2025-08-07,20
2025-08-07,21,2025-08-07T09:00:00Z,2025-08-08T09:44:45Z,-11.52,-11.52,False,N,0.0,-494.50639045258623,0.0,0.0,,,1310.7916644624456,-1605.1980548970307,-200.005,0.0,1310.7916644624456,-1604.1980548970307,-200.005,,2025-08-07,21
2025-08-07,22,2025-08-07T09:30:00Z,2025-08-08T10:14:44Z,-17.61,-17.61,False,N,0.0,-753.7550913888889,0.0,0.0,,,1082.1739802777777,-1636.0217580555557,-200.015,0.0,1082.1739802777777,-1635.0217580555557,-200.015,,2025-08-07,22
2025-08-07,23,2025-08-07T10:00:00Z,2025-08-08T10:44:40Z,-24.95,-24.95,False,N,0.0,-1238.9842052777778,0.0,0.0,,,1037.1220168055556,-2076.0053508333335,-200.015,0.0,1037.1220168055556,-2075.0053508333335,-200.015,,2025-08-07,23
2025-08-07,24,2025-08-07T10:30:00Z,2025-08-08T11:14:38Z,-24.95,-24.95,False,N,0.0,-860.1994605555556,0.0,0.0,,,1086.47449625,-1747.3744908333333,-200.005,0.0,1086.47449625,-1746.3744908333333,-200.005,,2025-08-07,24
2025-08-07,25,2025-08-07T11:00:00Z,2025-08-08T11:44:37Z,-18.314807297583762,-18.314807297583762,False,N,0.0,-769.4408401388889,0.0,0.0,,,1077.5749931944445,-1646.9575,-200.005,0.0,1077.5749931944445,-1645.9575,-200.005,,2025-08-07,25
2025-08-07,26,2025-08-07T11:30:00Z,2025-08-08T12:14:40Z,-30.0,-30.0,False,N,0.0,-831.2708343055556,0.0,0.0,,,1152.7000006944445,-1783.9875016666667,-200.015,0.0,1152.7000006944445,-1782.9875016666667,-200.015,,2025-08-07,26
2025-08-07,27,2025-08-07T12:00:00Z,2025-08-08T12:44:37Z,-24.95,-24.95,False,N,0.0,-748.4241661111112,0.0,0.0,,,1144.644445,-1642.8769444444445,-250.005,0.0,1144.644445,-1641.8769444444445,-250.005,,2025-08-07,27
2025-08-07,28,2025-08-07T12:30:00Z,2025-08-08T13:15:40Z,-12.63,-12.63,False,N,0.0,-762.48963,0.0,0.0,-12.63,0.0,1107.9854108333334,-1620.1470833333333,-250.035,0.0,1107.9854108333334,-1619.4749566448693,-249.70712668846394,,2025-08-07,28
2025-08-07,29,2025-08-07T13:00:00Z,2025-08-08T13:44:46Z,-8.33,-8.33,False,N,0.0,-626.1772238888889,0.0,0.0,-8.33,0.0,1272.209998361185,-1648.3555555373407,-250.03,0.0,1272.209998361185,-1647.7548035305003,-249.63075200684023,,2025-08-07,29
2025-08-07,30,2025-08-07T13:30:00Z,2025-08-08T14:14:39Z,-2.62,-2.62,False,N,0.0,-312.2217734722222,0.0,0.0,-2.62,0.0,1602.4914348611112,-1743.9775556944444,-250.05,79.367,1602.4914348611112,-1743.7782685890634,-249.24928710538106,79.367,2025-08-07,30
2025-08-07,31,2025-08-07T14:00:00Z,2025-08-08T14:44:42Z,12.14,12.14,False,N,0.0,-241.17466466029265,0.0,0.0,12.14,0.0,1687.408113117485,-1878.5884798541083,-50.04,0.0,1687.408113117485,-1877.7957984796797,-49.83268137442866,,2025-08-07,31
2025-08-07,32,2025-08-07T14:30:00Z,2025-08-08T15:14:39Z,99.73,99.73,False,P,0.0,275.8016593187512,0.0,0.0,,,2105.6900334107195,-1779.9596812815107,-50.015,0.0,2104.6900334107195,-1779.9596812815107,-50.015,,2025-08-07,32
2025-08-07,33,2025-08-07T15:00:00Z,2025-08-08T15:44:37Z,101.5,101.5,False,P,0.0,462.59931388772173,0.0,0.0,,,2369.696938887722,-1991.7866151458918,-200.03,284.583,2368.696938887722,-1991.7866151458918,-200.03,284.583,2025-08-07,33
2025-08-07,34,2025-08-07T15:30:00Z,2025-08-08T16:14:41Z,104.55,104.55,False,P,0.0,639.1089060361438,0.0,0.0,,,2601.0056102028107,-2011.2241616463668,-200.015,249.156,2600.0056102028107,-2011.2241616463668,-200.015,249.156,2025-08-07,34
2025-08-07,35,2025-08-07T16:00:00Z,2025-08-08T16:44:32Z,104.55,104.55,False,P,0.0,499.25191476911436,0.0,0.0,,,2424.6662481024478,-2013.2850441776347,-150.015,238.044,2423.6662481024478,-2013.2850441776347,-150.015,238.044,2025-08-07,35
2025-08-07,36,2025-08-07T16:30:00Z,2025-08-08T17:14:34Z,113.4,113.4,False,P,0.0,636.1457887614494,0.0,0.0,,,2544.193345803716,-2031.8905525525163,-150.015,273.883,2543.193345803716,-2031.8905525525163,-150.015,273.883,2025-08-07,36
2025-08-07,37,2025-08-07T17:00:00Z,2025-08-08T17:44:39Z,113.4,113.4,False,P,0.0,573.5219031944445,0.0,0.0,,,2312.805569861111,-2175.491666666667,-0.035,436.483,2311.805569861111,-2175.491666666667,-0.035,436.483,2025-08-07,37
2025-08-07,38,2025-08-07T17:30:00Z,2025-08-08T18:14:38Z,113.4,113.4,False,P,0.0,586.1461676388889,0.0,0.0,,,2410.3066834548613,-2173.7278071122687,-0.035,350.0,2409.3066834548613,-2173.7278071122687,-0.035,350.0,2025-08-07,38
2025-08-07,39,2025-08-07T18:00:00Z,2025-08-08T18:44:44Z,107.44,107.44,False,P,0.0,413.39826494949494,0.0,0.0,,,1887.663492310606,-2057.5428999747473,-0.035,583.833,1887.663492310606,-2057.5428999747473,-0.035,582.833,2025-08-07,39
2025-08-07,40,2025-08-07T18:30:00Z,2025-08-08T19:14:50Z,107.94,107.94,False,P,0.0,447.57546686507936,0.0,0.0,,,1888.8504668650794,-1991.0083334920635,-0.035,550.0,1888.8504668650794,-1991.0083334920635,-0.035,549.0,2025-08-07,40
2025-08-07,41,2025-08-07T19:00:00Z,2025-08-08T19:44:34Z,101.33,101.33,False,P,0.0006,30.75663611111111,0.0,0.0,,,1546.9838583333333,-1916.569058829365,-0.596,400.0,1546.9838583333333,-1916.569058829365,-0.596,399.0,2025-08-07,41
2025-08-07,42,2025-08-07T19:30:00Z,2025-08-08T20:14:43Z,105.18,105.18,False,N,0.0006,-100.77117074074074,0.0,0.0,105.18,0.0,1375.877995925926,-1876.3146625925926,-0.605,400.0,1375.877995925926,-1875.3146625925926,-0.605,400.0,2025-08-07,42
2025-08-07,43,2025-08-07T20:00:00Z,2025-08-08T20:44:41Z,87.67,87.67,False,N,0.0012,-298.7838933333333,0.0,0.0,87.67,0.0,1352.4071066666668,-1822.0801594444445,-0.628,170.984,1352.4071066666668,-1821.0801594444445,-0.628,170.984,2025-08-07,43
2025-08-07,44,2025-08-07T20:30:00Z,2025-08-08T21:14:46Z,58.18,58.18,False,N,0.0,-485.6929554166667,0.0,0.0,58.18,1.0,1198.521350138889,-1833.458108564815,-0.527,150.0,1198.521350138889,-1832.458108564815,-0.527,150.0,2025-08-07,44
2025-08-07,45,2025-08-07T21:00:00Z,2025-08-08T21:44:51Z,84.43,84.43,False,N,0.0,-376.0305740740741,0.0,0.0,84.43,0.0,1335.406482175926,-1751.1308333333334,-0.035,39.816,1335.406482175926,-1750.1308333333334,-0.035,39.816,2025-08-07,45
2025-08-07,46,2025-08-07T21:30:00Z,2025-08-08T22:14:38Z,81.28,81.28,False,N,0.0,-7.637352879246525,0.0,0.0,81.28,0.0,1554.5742026763091,-1634.6464202825262,-0.05,72.539,1554.5742026763091,-1633.6464202825262,-0.05,72.539,2025-08-07,46
2025-08-07,47,2025-08-07T22:00:00Z,2025-08-08T22:44:42Z,108.0,108.0,False,P,0.0,428.2085717835577,0.0,0.0,,,1749.7957773768721,-1483.8006535234854,0.0,162.5,1748.7957773768721,-1483.8006535234854,,162.5,2025-08-07,47
2025-08-07,48,2025-08-07T22:30:00Z,2025-08-08T23:14:39Z,105.0,105.0,False,P,0.0,681.9425107244116,0.0,0.0,,,2100.8438650101257,-1513.2710836323195,0.0,94.377,2099.9048136203223,-1513.2710836323195,,94.31605138980376,2025-08-07,48
2025-08-08,1,2025-08-07T23:00:00Z,2025-08-08T23:44:36Z,105.0,105.0,False,P,0.0,602.1098828561697,0.0,0.0,,,2111.1535704752173,-1548.2021361640545,0.0,39.683,2110.1535704752173,-1548.2021361640545,,39.683,2025-08-08,1
2025-08-08,2,2025-08-07T23:30:00Z,2025-08-09T00:14:39Z,102.5,102.5,False,P,0.0,383.8162518037518,0.0,0.0,,,2046.4537518037519,-1662.8125,0.0,0.0,2045.4537518037519,-1662.8125,,,2025-08-08,2
2025-08-08,3,2025-08-08T00:00:00Z,2025-08-09T00:44:36Z,102.4,102.4,False,P,0.0,39.77023809523809,0.0,0.0,,,1722.8035714285713,-1683.2,0.0,0.0,1721.8035714285713,-1683.2,,,2025-08-08,3
2025-08-08,4,2025-08-08T00:30:00Z,2025-08-09T01:14:41Z,79.18,79.18,False,N,0.0,-58.916717544973544,0.0,0.0,79.18,0.0,1608.2249490353247,-1667.1418395202822,0.0,0.0,1608.2249490353247,-1666.1418395202822,,,2025-08-08,4
2025-08-08,5,2025-08-08T01:00:00Z,2025-08-09T01:44:40Z,102.4,102.4,False,P,0.0,103.43757916666667,0.0,0.0,,,1702.2959125,-1598.7500791666666,0.0,0.0,1701.2959125,-1598.7500791666666,,,2025-08-08,5
2025-08-08,6,2025-08-08T01:30:00Z,2025-08-09T02:15:11Z,102.4,102.4,False,P,0.0,103.746875,0.0,0.0,,,1755.6,-1652.05,0.0,0.0,1754.6,-1652.05,,,2025-08-08,6
2025-08-08,7,2025-08-08T02:00:00Z,2025-08-09T02:44:48Z,102.4,102.4,False,P,0.0,81.83400019922341,0.0,0.0,,,1693.9833333375486,-1652.8333331341098,0.0,40.334,1692.9833333375486,-1652.8333331341098,,40.334,2025-08-08,7
2025-08-08,8,2025-08-08T02:30:00Z,2025-08-09T03:14:40Z,78.9,78.9,False,N,0.0,-91.63270815035932,0.0,0.0,78.9,0.0,1641.821180575151,-1733.213610928137,0.0,0.0,1641.821180575151,-1732.213610928137,,,2025-08-08,8
2025-08-08,9,2025-08-08T03:00:00Z,2025-08-09T03:44:42Z,82.52,82.52,False,N,0.0,-4.1481385104295745,0.0,0.0,82.52,0.0,1831.7351947233685,-1835.9216525382074,0.0,0.0,1831.7351947233685,-1834.9216525382074,,,2025-08-08,9
2025-08-08,10,2025-08-08T03:30:00Z,2025-08-09T04:14:36Z,104.49,104.49,False,P,0.0,197.18115089335197,0.0,0.0,,,2066.4915674624413,-1868.6666665669654,0.0,0.0,2065.4915674624413,-1868.6666665669654,,,2025-08-08,10
2025-08-08,11,2025-08-08T04:00:00Z,2025-08-09T04:44:40Z,108.0,108.0,False,P,0.0,788.9219050631513,0.0,0.0,,,2698.9228119883046,-1910.0364624765311,0.0,0.0,2697.9228119883046,-1910.0364624765311,,,2025-08-08,11
2025-08-08,12,2025-08-08T04:30:00Z,2025-08-09T05:14:43Z,107.5,107.5,False,P,0.0,318.22173720313157,0.0,0.0,,,2302.101403614478,-2016.4535006601163,0.0,32.712,2301.101403614478,-2016.4535006601163,,32.712,2025-08-08,12
2025-08-08,13,2025-08-08T05:00:00Z,2025-08-09T05:44:47Z,114.0,114.0,False,P,0.0,391.9753082918253,0.0,0.0,,,2556.33753015023,-2275.874484009762,0.0,112.0,2556.33753015023,-2275.874484009762,,111.0,2025-08-08,13
2025-08-08,14,2025-08-08T05:30:00Z,2025-08-09T06:14:40Z,114.9,114.9,False,P,0.0,590.9803952428834,0.0,0.0,,,2971.216119416103,-2484.157214578545,0.0,104.138,2970.216119416103,-2484.157214578545,,104.138,2025-08-08,14
2025-08-08,15,2025-08-08T06:00:00Z,2025-08-09T06:44:44Z,114.5,114.5,False,P,0.0,74.34842157605182,0.0,0.0,,,2665.228429908118,-2592.0398359544733,-0.005,2.183,2664.228429908118,-2592.0398359544733,-0.005,2.183,2025-08-08,15
2025-08-08,16,2025-08-08T06:30:00Z,2025-08-09T07:14:41Z,114.5,114.5,False,P,0.0,113.09776549603174,0.0,0.0,,,2662.3665432738094,-2581.0997870039682,-0.005,31.944,2661.3665432738094,-2581.0997870039682,-0.005,31.944,2025-08-08,16
2025-08-08,17,2025-08-08T07:00:00Z,2025-08-09T07:44:39Z,112.76,112.76,False,P,0.0,72.09068577248755,0.0,0.0,,,2526.8921857724877,-2601.0449757151305,-0.005,146.711,2525.8921857724877,-2601.0449757151305,-0.005,146.711,2025-08-08,17
2025-08-08,18,2025-08-08T07:30:00Z,2025-08-09T08:14:37Z,114.0,114.0,False,P,0.0,188.18075388789146,0.0,0.0,,,2578.5525872360113,-2421.049432063906,-0.005,30.994,2577.5525872360113,-2421.049432063906,-0.005,30.994,2025-08-08,18
2025-08-08,19,2025-08-08T08:00:00Z,2025-08-09T08:44:40Z,107.0,107.0,False,P,0.0,171.74385532214507,0.0,0.0,,,2543.5562164332564,-2371.8711305478396,-0.005,0.0,2542.5562164332564,-2371.8711305478396,-0.005,,2025-08-08,19
2025-08-08,20,2025-08-08T08:30:00Z,2025-08-09T09:14:36Z,107.0,107.0,False,P,0.0,236.51095929563493,0.0,0.0,,,2373.435070406746,-2158.1759975351733,-0.005,21.262,2372.435070406746,-2158.1759975351733,-0.005,21.262,2025-08-08,20
2025-08-08,21,2025-08-08T09:00:00Z,2025-08-09T09:44:37Z,94.0,94.0,False,P,0.0,212.35925939814814,0.0,0.0,,,2151.5830927314814,-2032.9497208730158,-0.005,93.717,2151.0473452848705,-2032.9497208730158,-0.005,93.25274744661095,2025-08-08,21
2025-08-08,22,2025-08-08T09:30:00Z,2025-08-09T10:14:58Z,78.77329986712523,78.77329986712523,False,P,0.0,90.16499833333333,0.0,0.0,,,1949.636665,-1942.3700005555556,-0.005,82.92,1948.636665,-1942.3700005555556,-0.005,82.92,2025-08-08,22
2025-08-08,23,2025-08-08T10:00:00Z,2025-08-09T10:44:36Z,31.16,31.16,False,N,0.0,-589.1215069982079,0.0,0.0,31.16,0.0,1428.6712013351255,-2017.683819212963,-0.005,0.0,1428.6712013351255,-2016.683819212963,-0.005,,2025-08-08,23
2025-08-08,24,2025-08-08T10:30:00Z,2025-08-09T11:14:44Z,24.24,24.24,False,N,0.0,-835.9393790866236,0.0,0.0,24.24,0.0,1225.1495150948297,-2060.391666671749,-0.005,0.0,1225.1495150948297,-2059.391666671749,-0.005,,2025-08-08,24
2025-08-08,25,2025-08-08T11:00:00Z,2025-08-09T11:44:43Z,21.71,21.71,False,N,0.0,-686.1477023611111,0.0,0.0,21.71,0.0,1438.202297638889,-2124.044240138889,-0.005,0.0,1438.202297638889,-2123.044240138889,-0.005,,2025-08-08,25
2025-08-08,26,2025-08-08T11:30:00Z,2025-08-09T12:14:41Z,1.0,1.0,False,N,0.0,-338.04126135660783,0.0,0.0,1.0,1.0,1903.2593140600588,-2241.475229027778,-0.005,0.0,1903.2593140600588,-2240.475229027778,-0.005,,2025-08-08,26
2025-08-08,27,2025-08-08T12:00:00Z,2025-08-09T12:44:38Z,3.109875157205675,3.109875157205675,False,N,0.0,-263.1747493160096,0.0,0.0,3.582,1.0,1770.077333739546,-2169.42306,-0.005,136.35,1770.077333739546,-2168.42306,-0.005,136.35,2025-08-08,27
2025-08-08,28,2025-08-08T12:30:00Z,2025-08-09T13:14:43Z,16.3,16.3,False,N,0.0,-397.2236221188071,0.0,0.0,16.3,0.0,1683.1780445478596,-2153.2667439285715,-0.005,72.865,1683.1780445478596,-2152.2667439285715,-0.005,72.865,2025-08-08,28
2025-08-08,29,2025-08-08T13:00:00Z,2025-08-09T13:44:40Z,-5.33,-5.33,False,N,0.0,-136.70634007996634,0.0,0.0,-5.33,1.0,2021.0458829755892,-2157.5384580555556,-0.005,0.0,2021.0458829755892,-2156.5384580555556,-0.005,,2025-08-08,29
2025-08-08,30,2025-08-08T13:30:00Z,2025-08-09T14:14:39Z,-5.33,-5.33,False,N,0.0,-338.4129547926208,0.0,0.0,-5.33,1.0,1802.2081524296013,-2140.827799508726,-0.005,0.0,1802.2081524296013,-2139.827799508726,-0.005,,2025-08-08,30
2025-08-08,31,2025-08-08T14:00:00Z,2025-08-09T14:44:41Z,35.03,35.03,False,N,0.0,-204.10408113715755,0.0,0.0,35.03,0.0,1854.4542522121935,-2058.5028578236656,-0.005,0.0,1854.4542522121935,-2057.5028578236656,-0.005,,2025-08-08,31
2025-08-08,32,2025-08-08T14:30:00Z,2025-08-09T15:14:48Z,83.71053335665061,83.71053335665061,False,N,0.0,-215.6658261111111,0.0,0.0,85.02725194166666,1.0,1899.8505544444445,-2103.797213888889,-11.445,0.0,1899.8505544444445,-2102.797213888889,-11.445,,2025-08-08,32
2025-08-08,33,2025-08-08T15:00:00Z,2025-08-09T15:44:43Z,78.77874848823109,78.77874848823109,False,N,0.0,-15.768258677074074,0.0,0.0,80.02545454545455,0.36666666666666664,2085.6356302118147,-2090.3467345833333,-11.445,0.0,2085.6356302118147,-2089.3467345833333,-11.445,,2025-08-08,33
2025-08-08,34,2025-08-08T15:30:00Z,2025-08-09T16:14:45Z,71.59,71.59,False,N,0.0,-118.23485322595569,0.0,0.0,71.59,0.0,2066.024219551822,-2189.9677861111113,-11.445,17.012,2066.024219551822,-2188.9677861111113,-11.445,17.012,2025-08-08,34
2025-08-08,35,2025-08-08T16:00:00Z,2025-08-09T16:44:44Z,-11.52,-11.52,False,N,0.0,-115.68259033263305,0.0,0.0,,,2179.9308315562557,-2490.4667324444445,-11.445,206.188,2179.9308315562557,-2489.4667324444445,-11.445,206.188,2025-08-08,35
2025-08-08,36,2025-08-08T16:30:00Z,2025-08-09T17:14:39Z,93.57,93.57,False,P,0.0,62.974505482026146,0.0,0.0,,,2538.997258398693,-2575.963031064815,-0.005,100.0,2538.997258398693,-2575.963031064815,-0.005,99.0,2025-08-08,36
2025-08-08,37,2025-08-08T17:00:00Z,2025-08-09T17:44:42Z,99.64,99.64,False,P,0.0,231.48618538105413,0.0,0.0,,,2334.514888992165,-2753.1715561752135,-0.005,650.0,2334.514888992165,-2753.1715561752135,-0.005,649.0,2025-08-08,37
2025-08-08,38,2025-08-08T17:30:00Z,2025-08-09T18:14:45Z,109.54,109.54,False,P,0.0,267.65417665014724,0.0,0.0,,,2392.656041927925,-2774.607489869281,-0.005,650.0,2391.656041927925,-2774.607489869281,-0.005,650.0,2025-08-08,38
2025-08-08,39,2025-08-08T18:00:00Z,2025-08-09T18:44:57Z,107.0,107.0,False,P,0.0,565.205591931217,0.0,0.0,,,2668.2037403650224,-2752.8735490748313,-0.005,650.0,2667.2037403650224,-2752.8735490748313,-0.005,650.0,2025-08-08,39
2025-08-08,40,2025-08-08T18:30:00Z,2025-08-09T19:14:51Z,107.0,107.0,False,P,0.0,364.59118048853924,0.0,0.0,,,2582.818840905206,-2867.877300417638,-0.005,650.0,2581.818840905206,-2867.877300417638,-0.005,650.0,2025-08-08,40
2025-08-08,41,2025-08-08T19:00:00Z,2025-08-09T19:44:46Z,27.55167670431193,27.55167670431193,False,N,0.0,-133.66214642288267,0.0,0.0,29.645144369444445,1.0,2452.849558854895,-2839.1721067200856,-1.1,252.687,2452.849558854895,-2838.1721067200856,-1.1,252.687,2025-08-08,41
2025-08-08,42,2025-08-08T19:30:00Z,2025-08-09T20:14:45Z,107.0,107.0,False,P,0.0,183.33320315295816,0.0,0.0,,,2618.8936475974024,-2866.75072635101,-1.108,431.359,2617.8936475974024,-2866.75072635101,-1.108,431.359,2025-08-08,42
2025-08-08,43,2025-08-08T20:00:00Z,2025-08-09T20:44:47Z,107.0,107.0,False,P,0.0,208.92002805555555,0.0,0.0,,,2821.65094359127,-2831.1858511324785,-1.14,218.404,2820.65094359127,-2831.1858511324785,-1.14,218.404,2025-08-08,43
2025-08-08,44,2025-08-08T20:30:00Z,2025-08-09T21:14:59Z,107.0,107.0,False,P,0.0,117.12187736014924,0.0,0.0,,,2929.8093780545937,-2812.595836194591,-1.059,0.0,2928.8093780545937,-2812.595836194591,-1.059,,2025-08-08,44
2025-08-08,45,2025-08-08T21:00:00Z,2025-08-09T21:44:43Z,50.9100667348532,50.9100667348532,False,N,0.0,-87.66364799734849,0.0,0.0,50.95222205,1.0,2687.42411739154,-2793.2914852613094,-0.525,19.333,2687.42411739154,-2792.2914852613094,-0.525,19.333,2025-08-08,45
2025-08-08,46,2025-08-08T21:30:00Z,2025-08-09T22:14:46Z,81.36,81.36,False,N,0.0,-296.61604715251724,0.0,0.0,81.36,0.0,2540.64221538937,-2878.709765610304,-0.525,41.916,2540.64221538937,-2877.709765610304,-0.525,41.916,2025-08-08,46
2025-08-08,47,2025-08-08T22:00:00Z,2025-08-09T22:44:41Z,78.69,78.69,False,N,0.0,-211.4050825705868,0.0,0.0,78.69,0.0,2732.9031868540164,-2970.072457988981,0.0,26.033,2732.9031868540164,-2969.072457988981,,26.033,2025-08-08,47
2025-08-08,48,2025-08-08T22:30:00Z,2025-08-09T23:14:46Z,102.35,102.35,False,P,0.0,124.26347030982906,0.0,0.0,,,2836.6702987820513,-2966.113244722222,0.0,253.616,2835.6702987820513,-2966.113244722222,,253.616,2025-08-08,48
2025-08-09,1,2025-08-08T23:00:00Z,2025-08-09T23:44:44Z,102.35,102.35,False,P,0.0,66.35555513888889,0.0,0.0,,,2706.4454472222224,-2855.334322166667,0.0,215.434,2705.4454472222224,-2855.334322166667,,215.434,2025-08-09,1
2025-08-09,2,2025-08-08T23:30:00Z,2025-08-10T00:14:50Z,69.5,69.5,False,N,0.0,-201.2539602849928,0.0,0.0,69.5,0.0,2496.998693174603,-2818.0841929545454,0.0,120.0,2496.998693174603,-2817.0841929545454,,120.0,2025-08-09,2
2025-08-09,3,2025-08-09T00:00:00Z,2025-08-10T00:44:47Z,62.49,62.49,False,N,0.0,-271.55957291860915,0.0,0.0,62.49,0.0,2381.942147361111,-2794.7139027334238,0.0,141.333,2381.942147361111,-2793.7139027334238,,141.333,2025-08-09,3
2025-08-09,4,2025-08-09T00:30:00Z,2025-08-10T01:14:46Z,59.64,59.64,False,N,0.0,-196.23810933360042,0.0,0.0,59.64,0.0,2337.943086927083,-2654.148527092777,0.0,120.0,2337.943086927083,-2653.148527092777,,120.0,2025-08-09,4
2025-08-09,5,2025-08-09T01:00:00Z,2025-08-10T01:44:41Z,-1.0,-1.0,False,N,0.0,-64.29471990123737,0.0,0.0,,,2458.989450458091,-2684.0545356353646,0.0,160.899,2458.989450458091,-2683.0545356353646,,160.899,2025-08-09,5
2025-08-09,6,2025-08-09T01:30:00Z,2025-08-10T02:14:58Z,102.35,102.35,False,P,0.0,95.23903158730158,0.0,0.0,,,2541.504341111111,-2591.948153968254,0.0,145.766,2540.504341111111,-2591.948153968254,,145.766,2025-08-09,6
2025-08-09,7,2025-08-09T02:00:00Z,2025-08-10T02:44:47Z,102.35,102.35,False,P,0.0,96.0433742628205,0.0,0.0,,,2396.958331527778,-2420.1982905982904,0.0,120.0,2395.958331527778,-2420.1982905982904,,120.0,2025-08-09,7
2025-08-09,8,2025-08-09T02:30:00Z,2025-08-10T03:14:43Z,58.93,58.93,False,N,0.0,-119.83309829059829,0.0,0.0,58.93,0.0,2277.536111111111,-2517.188653846154,0.0,120.0,2277.536111111111,-2516.188653846154,,120.0,2025-08-09,8
2025-08-09,9,2025-08-09T03:00:00Z,2025-08-10T03:44:47Z,-5.33,-5.33,False,N,0.0,-242.91527807416398,0.0,0.0,-5.33,1.0,2427.3999997408305,-2790.081944463053,0.0,120.0,2427.3999997408305,-2789.081944463053,,120.0,2025-08-09,9
2025-08-09,10,2025-08-09T03:30:00Z,2025-08-10T04:14:48Z,-5.33,-5.33,False,N,0.0,-96.20191935185186,0.0,0.0,-5.33,1.0,2532.531710925926,-2748.1925392592593,0.0,120.0,2532.531710925926,-2747.1925392592593,,120.0,2025-08-09,10
2025-08-09,11,2025-08-09T04:00:00Z,2025-08-10T04:44:43Z,102.0,102.0,False,P,0.0,77.52539374405453,0.0,0.0,,,2673.755949193579,-2716.22222210912,0.0,120.0,2672.755949193579,-2716.22222210912,,120.0,2025-08-09,11
2025-08-09,12,2025-08-09T04:30:00Z,2025-08-10T05:14:36Z,94.12108267139487,94.12108267139487,False,P,0.0,19.504679487179487,0.0,0.0,,,2546.233333333333,-2728.3836538461537,0.0,201.805,2545.233333333333,-2728.3836538461537,,201.805,2025-08-09,12
2025-08-09,13,2025-08-09T05:00:00Z,2025-08-10T05:44:44Z,104.9,104.9,False,P,0.0,218.64235951793995,0.0,0.0,,,2636.6762054417723,-2562.3105306011075,0.0,144.36,2635.6762054417723,-2562.3105306011075,,144.36,2025-08-09,13
2025-08-09,14,2025-08-09T05:30:00Z,2025-08-10T06:14:37Z,105.0,105.0,False,P,0.0,218.9514597500349,0.0,0.0,,,2642.185762276839,-2543.1332990139204,0.0,120.0,2641.185762276839,-2543.1332990139204,,120.0,2025-08-09,14
2025-08-09,15,2025-08-09T06:00:00Z,2025-08-10T06:44:40Z,105.0,105.0,False,P,0.0,234.98426583412802,0.0,0.0,,,2619.6919506148115,-2504.6807401867954,0.0,120.0,2618.6919506148115,-2504.6807401867954,,120.0,2025-08-09,15
2025-08-09,16,2025-08-09T06:30:00Z,2025-08-10T07:14:35Z,104.0,104.0,False,P,0.0,147.1799234569631,0.0,0.0,,,2414.3025900191556,-2407.840650320174,0.0,140.744,2413.3025900191556,-2407.840650320174,,140.744,2025-08-09,16
2025-08-09,17,2025-08-09T07:00:00Z,2025-08-10T07:44:44Z,41.19,41.19,False,N,0.0,-641.3588299310244,0.0,0.0,41.19,0.0,1826.4790588428416,-2475.3255554378775,0.0,7.621,1826.4790588428416,-2474.3255554378775,,7.621,2025-08-09,17
2025-08-09,18,2025-08-09T07:30:00Z,2025-08-10T08:14:30Z,-6.57,-6.57,False,N,0.0,-657.2737378644728,0.0,0.0,-6.57,1.0,1806.3773016167854,-2463.5052936364787,0.0,0.0,1806.3773016167854,-2462.5052936364787,,,2025-08-09,18
2025-08-09,19,2025-08-09T08:00:00Z,2025-08-10T08:44:41Z,-7.864178934318872,-7.864178934318872,False,N,0.0,-636.9960296428571,0.0,0.0,-7.703,1.0,1782.3789703571429,-2419.205158888889,0.0,0.0,1782.3789703571429,-2418.205158888889,,,2025-08-09,19
2025-08-09,20,2025-08-09T08:30:00Z,2025-08-10T09:14:36Z,13.0,13.0,False,N,0.0,-642.3572204632867,0.0,0.0,13.0,0.0,1609.66944620338,-2252.0627789141413,0.0,0.0,1609.66944620338,-2251.0627789141413,,,2025-08-09,20
2025-08-09,21,2025-08-09T09:00:00Z,2025-08-10T09:44:35Z,-17.61,-17.61,False,N,0.0,-477.55325984126983,0.0,0.0,,,1310.5749623809525,-1998.158299186508,0.0,210.444,1310.5749623809525,-1997.158299186508,,210.444,2025-08-09,21
2025-08-09,22,2025-08-09T09:30:00Z,2025-08-10T10:14:31Z,-11.5,-11.5,False,N,0.0,-129.35800493529496,0.0,0.0,,,1696.6299395091496,-1955.1337828813776,0.0,129.329,1696.6299395091496,-1954.1337828813776,,129.329,2025-08-09,22
2025-08-09,23,2025-08-09T10:00:00Z,2025-08-10T10:44:40Z,-11.5,-11.5,False,N,0.0,-190.7971443479222,0.0,0.0,,,1728.5261837076334,-1926.5944289423078,0.0,7.277,1728.5261837076334,-1925.5944289423078,,7.277,2025-08-09,23
2025-08-09,24,2025-08-09T10:30:00Z,2025-08-10T11:14:24Z,-17.61,-17.61,False,N,0.0,-344.8166875,0.0,0.0,,,1334.8249791666667,-1678.9416666666666,0.0,0.0,1334.8249791666667,-1677.9416666666666,,,2025-08-09,24
2025-08-09,25,2025-08-09T11:00:00Z,2025-08-10T11:44:42Z,-25.0,-25.0,False,N,0.0,-808.6900034722222,0.0,0.0,,,1158.283329861111,-1705.35,-261.44,0.0,1158.283329861111,-1704.35,-261.44,,2025-08-09,25
2025-08-09,26,2025-08-09T11:30:00Z,2025-08-10T12:14:32Z,-30.0,-30.0,False,N,0.0,-918.3972904040404,0.0,0.0,-30.0,1.0,1056.9793663888888,-1713.8695165151514,-261.44,0.0,1056.9793663888888,-1712.8695165151514,-261.44,,2025-08-09,26
2025-08-09,27,2025-08-09T12:00:00Z,2025-08-10T12:44:39Z,-30.0,-30.0,False,N,0.0,-933.0945475820707,0.0,0.0,-30.0,1.0,1044.763122013889,-1616.547971540404,-361.44,0.0,1044.763122013889,-1615.547971540404,-361.44,,2025-08-09,27
2025-08-09,28,2025-08-09T12:30:00Z,2025-08-10T13:14:28Z,-43.72,-43.72,False,N,0.0,-1029.6190748611111,0.0,0.0,,,1052.0023648611111,-1720.139310138889,-361.44,0.0,1052.0023648611111,-1719.139310138889,-361.44,,2025-08-09,28
2025-08-09,29,2025-08-09T13:00:00Z,2025-08-10T13:44:32Z,-30.7,-30.7,False,N,0.0,-935.9552982689753,0.0,0.0,,,1124.6597014069282,-1799.4946966023087,-261.44,0.0,1124.6597014069282,-1798.4946966023087,-261.44,,2025-08-09,29
2025-08-09,30,2025-08-09T13:30:00Z,2025-08-10T14:14:28Z,-43.72,-43.72,False,N,0.0,-973.5042343181818,0.0,0.0,,,1092.940756388889,-1804.7589401515152,-261.44,0.0,1092.940756388889,-1803.7589401515152,-261.44,,2025-08-09,30
2025-08-09,31,2025-08-09T14:00:00Z,2025-08-10T14:44:27Z,-17.61,-17.61,False,N,0.0,-433.5854166051392,0.0,0.0,,,1396.7680868544567,-1818.7387446969267,-11.44,0.0,1396.7680868544567,-1817.7387446969267,-11.44,,2025-08-09,31
2025-08-09,32,2025-08-09T14:30:00Z,2025-08-10T15:14:32Z,-17.61,-17.61,False,N,0.0,-510.4586857773993,0.0,0.0,,,1238.731716444823,-1737.1730555555555,-11.44,0.0,1238.731716444823,-1736.1730555555555,-11.44,,2025-08-09,32
2025-08-09,33,2025-08-09T15:00:00Z,2025-08-10T15:44:27Z,-17.61,-17.61,False,N,0.0,-213.68248681150212,0.0,0.0,,,1732.5332076489601,-1935.0277777857866,-11.44,0.0,1732.5332076489601,-1934.0277777857866,-11.44,,2025-08-09,33
2025-08-09,34,2025-08-09T15:30:00Z,2025-08-10T16:14:30Z,92.14,92.14,False,P,0.0,119.31913957338361,0.0,0.0,,,1992.8728062400503,-1958.7611111111112,-11.44,96.478,1991.8728062400503,-1958.7611111111112,-11.44,96.478,2025-08-09,34
2025-08-09,35,2025-08-09T16:00:00Z,2025-08-10T16:44:29Z,103.0,103.0,False,P,0.0,98.78232827476874,0.0,0.0,,,2252.144983769139,-2153.892064543226,0.0,0.972,2251.144983769139,-2153.892064543226,,0.972,2025-08-09,35
2025-08-09,36,2025-08-09T16:30:00Z,2025-08-10T17:14:37Z,104.25,104.25,False,P,0.0,134.1633716494709,0.0,0.0,,,2489.7133713037724,-2355.4844357579364,0.0,0.0,2488.7133713037724,-2355.4844357579364,,,2025-08-09,36
2025-08-09,37,2025-08-09T17:00:00Z,2025-08-10T17:44:35Z,51.91154741455936,51.91154741455936,False,N,0.0,-86.19636880621694,0.0,0.0,52.9535,1.0,1978.161631193783,-2421.1313203472223,0.0,356.762,1978.161631193783,-2420.1313203472223,,356.762,2025-08-09,37
2025-08-09,38,2025-08-09T17:30:00Z,2025-08-10T18:14:32Z,80.7348824551282,80.7348824551282,False,P,0.0,49.20415308226496,0.0,0.0,,,2062.7466267727414,-2415.1947605441087,0.0,401.583,2062.7466267727414,-2415.1947605441087,,400.583,2025-08-09,38
2025-08-09,39,2025-08-09T18:00:00Z,2025-08-10T18:44:43Z,95.88,95.88,False,P,0.0,41.34527619047619,0.0,0.0,,,1929.6898,-2402.7672454761905,0.0,514.91,1929.6898,-2402.7672454761905,,513.91,2025-08-09,39
2025-08-09,40,2025-08-09T18:30:00Z,2025-08-10T19:14:33Z,96.58,96.58,False,P,0.0,83.35667347222223,0.0,0.0,,,1985.9101814297385,-2496.7289239297384,0.0,594.5,1985.9101814297385,-2496.7289239297384,,593.5,2025-08-09,40
2025-08-09,41,2025-08-09T19:00:00Z,2025-08-10T19:44:25Z,94.08,94.08,False,P,0.0,273.0311820730417,0.0,0.0,,,2039.2290409619307,-2454.9762630452637,-0.874,688.861,2039.2290409619307,-2454.9762630452637,-0.874,687.861,2025-08-09,41
2025-08-09,42,2025-08-09T19:30:00Z,2025-08-10T20:14:28Z,94.87,94.87,False,P,0.0,396.64033944444446,0.0,0.0,,,2140.918817222222,-2319.812099563492,-0.886,575.634,2140.918817222222,-2319.812099563492,-0.886,574.634,2025-08-09,42
2025-08-09,43,2025-08-09T20:00:00Z,2025-08-10T20:44:28Z,110.0,110.0,False,P,0.0,178.3041277314815,0.0,0.0,,,2379.494961064815,-2256.894129398148,-0.938,55.5,2378.494961064815,-2256.894129398148,-0.938,55.5,2025-08-09,43
2025-08-09,44,2025-08-09T20:30:00Z,2025-08-10T21:14:25Z,105.0,105.0,False,P,0.0,247.0366619981326,0.0,0.0,,,2430.102426795141,-2183.542532473776,-0.812,0.0,2429.102426795141,-2183.542532473776,-0.812,,2025-08-09,44
2025-08-09,45,2025-08-09T21:00:00Z,2025-08-10T21:44:30Z,-11.5,-11.5,False,N,0.0,-276.6443119583697,0.0,0.0,,,1836.9807041527413,-2113.9975834356724,0.0,0.0,1836.9807041527413,-2112.9975834356724,,,2025-08-09,45
2025-08-09,46,2025-08-09T21:30:00Z,2025-08-10T22:14:31Z,-11.5,-11.5,False,N,0.0,-225.61708435107562,0.0,0.0,,,1656.195417435799,-1882.3963906757635,0.0,0.0,1656.195417435799,-1881.3963906757635,,,2025-08-09,46
2025-08-09,47,2025-08-09T22:00:00Z,2025-08-10T22:44:34Z,-11.5,-11.5,False,N,0.0,-433.6068154761905,0.0,0.0,,,1384.5065370238094,-1718.2424497222223,-100.0,0.0,1384.5065370238094,-1717.2424497222223,-100.0,,2025-08-09,47
2025-08-09,48,2025-08-09T22:30:00Z,2025-08-10T23:14:25Z,74.0,74.0,False,N,0.0,-37.42090837962963,0.0,0.0,74.0,1.0,1610.937758287037,-1626.765086329365,-100.0,78.723,1610.937758287037,-1626.0545908590398,-99.7104954703254,78.723,2025-08-09,48
2025-08-10,1,2025-08-09T23:00:00Z,2025-08-10T23:44:30Z,101.0,101.0,False,P,0.0,66.0216475,0.0,0.0,,,1793.8943141666666,-1473.140145,-300.0,45.944,1792.8943141666666,-1473.140145,-300.0,45.944,2025-08-10,1
2025-08-10,2,2025-08-09T23:30:00Z,2025-08-11T00:14:33Z,101.0,101.0,False,P,0.0,83.570347008547,0.0,0.0,,,1751.268972008547,-1401.2218129166667,-300.0,33.667,1750.268972008547,-1401.2218129166667,-300.0,33.667,2025-08-10,2
2025-08-10,3,2025-08-10T00:00:00Z,2025-08-11T00:44:34Z,101.0,101.0,False,P,0.0,65.62995833333333,0.0,0.0,,,1708.5072954166667,-1371.3200731944444,-350.0,78.566,1707.5072954166667,-1371.3200731944444,-350.0,78.566,2025-08-10,3
2025-08-10,4,2025-08-10T00:30:00Z,2025-08-11T01:14:29Z,104.5,104.5,False,P,0.0,163.75287958333334,0.0,0.0,,,1801.5203240277779,-1306.3703236111112,-350.0,18.85,1800.5203240277779,-1306.3703236111112,-350.0,18.85,2025-08-10,4
2025-08-10,5,2025-08-10T01:00:00Z,2025-08-11T01:44:33Z,108.9,108.9,False,P,0.0,65.57384444444445,0.0,0.0,,,1739.2671,-1273.3075782738094,-400.0,0.0,1738.2671,-1273.3075782738094,-400.0,,2025-08-10,5
2025-08-10,6,2025-08-10T01:30:00Z,2025-08-11T02:15:09Z,108.9,108.9,False,P,0.0,66.85024930555555,0.0,0.0,,,1629.8302493055555,-1162.68842390873,-400.0,0.0,1628.8302493055555,-1162.68842390873,-400.0,,2025-08-10,6
2025-08-10,7,2025-08-10T02:00:00Z,2025-08-11T02:44:34Z,74.64,74.64,False,N,0.0,-119.83524152777778,0.0,0.0,74.64,0.0,1433.423425138889,-1047.7000918055555,-550.0,44.583,1433.423425138889,-1047.7000918055555,-549.0,44.583,2025-08-10,7
2025-08-10,8,2025-08-10T02:30:00Z,2025-08-11T03:14:31Z,91.07446871679613,91.07446871679613,False,N,0.0,-58.251583333333336,0.0,0.0,91.23735849056604,0.8833333333333333,1522.2070833333332,-1095.04375,-550.0,64.333,1522.2070833333332,-1094.49375,-549.55,64.333,2025-08-10,8
2025-08-10,9,2025-08-10T03:00:00Z,2025-08-11T03:44:40Z,78.34,78.34,False,N,0.0,-31.201209022166104,0.0,0.0,78.34,0.0,1599.7268465333896,-1005.7879561672279,-650.0,25.0,1599.7268465333896,-1005.7879561672279,-649.0,25.0,2025-08-10,9
2025-08-10,10,2025-08-10T03:30:00Z,2025-08-11T04:14:32Z,78.78,78.78,False,N,0.0,-34.337831666666666,0.0,0.0,78.78,0.0,1580.9458355555555,-972.3750005555555,-650.0,7.083,1580.9458355555555,-972.3750005555555,-649.0,7.083,2025-08-10,10
2025-08-10,11,2025-08-10T04:00:00Z,2025-08-11T04:44:30Z,107.9,107.9,False,P,0.0,49.16537037037037,0.0,0.0,,,1517.7775925925926,-868.7463888888889,-600.0,0.0,1516.7775925925926,-868.7463888888889,-600.0,,2025-08-10,11
2025-08-10,12,2025-08-10T04:30:00Z,2025-08-11T05:14:28Z,107.9,107.9,False,P,0.0,66.18341958333333,0.0,0.0,,,1490.3067554166666,-824.2984245833334,-600.0,0.0,1489.3067554166666,-824.2984245833334,-600.0,,2025-08-10,12
2025-08-10,13,2025-08-10T05:00:00Z,2025-08-11T05:44:30Z,107.68392582589854,107.68392582589854,False,P,0.0,44.65394125,0.0,0.0,,,1578.92894125,-784.5309253769841,-750.0,0.0,1577.92894125,-784.5309253769841,-750.0,,2025-08-10,13
2025-08-10,14,2025-08-10T05:30:00Z,2025-08-11T06:14:31Z,107.85,107.85,False,P,0.0,66.37833333333333,0.0,0.0,,,1588.9477777777777,-772.7144444444444,-750.0,0.0,1587.9477777777777,-772.7144444444444,-750.0,,2025-08-10,14
2025-08-10,15,2025-08-10T06:00:00Z,2025-08-11T06:44:29Z,60.0,60.0,False,N,0.0,-41.19583361111111,0.0,0.0,,,1589.4083333333333,-780.7416669444444,-850.0,0.0,1589.4083333333333,-779.7416669444444,-850.0,,2025-08-10,15
2025-08-10,16,2025-08-10T06:30:00Z,2025-08-11T07:14:34Z,60.0,60.0,False,N,0.0,-152.79305555555555,0.0,0.0,60.0,1.0,1475.1333333333334,-777.3847222222222,-850.0,0.0,1475.1333333333334,-776.3847222222222,-850.0,,2025-08-10,16
2025-08-10,17,2025-08-10T07:00:00Z,2025-08-11T07:44:33Z,107.4,107.4,False,P,0.0,60.66699472222222,0.0,0.0,,,1364.1333333333334,-813.4833386111111,-500.0,10.167,1363.1333333333334,-813.4833386111111,-500.0,10.167,2025-08-10,17
2025-08-10,18,2025-08-10T07:30:00Z,2025-08-11T08:14:33Z,91.08,91.08,False,P,0.0,28.148761522366524,0.0,0.0,91.08,0.0,1261.425,-733.5679051443002,-500.0,0.0,1260.425,-733.5679051443002,-500.0,,2025-08-10,18
2025-08-10,19,2025-08-10T08:00:00Z,2025-08-11T08:44:34Z,84.91,84.91,False,P,0.0,134.86504807539683,0.0,0.0,84.91,0.0,1258.2774808838383,-973.7590333639971,-150.0,0.0,1257.2774808838383,-973.7590333639971,-150.0,,2025-08-10,19
2025-08-10,20,2025-08-10T08:30:00Z,2025-08-11T09:14:32Z,78.81,78.81,False,P,0.0,28.19640210362554,0.0,0.0,78.81,0.0,1316.9676987181724,-1138.884308123647,-150.0,0.0,1315.9676987181724,-1138.884308123647,-150.0,,2025-08-10,20
2025-08-10,21,2025-08-10T09:00:00Z,2025-08-11T09:44:33Z,81.08,81.08,False,P,0.0,32.394415098566306,0.0,0.0,81.08,0.0,1291.9498464695341,-1109.7942755958782,-150.0,0.0,1290.9498464695341,-1109.7942755958782,-150.0,,2025-08-10,21
2025-08-10,22,2025-08-10T09:30:00Z,2025-08-11T10:14:34Z,45.85,45.85,False,N,0.0,-84.93242906810036,0.0,0.0,,,1174.071055595878,-1108.909603234767,-150.0,0.0,1174.071055595878,-1107.909603234767,-150.0,,2025-08-10,22
2025-08-10,23,2025-08-10T10:00:00Z,2025-08-11T10:44:38Z,32.41,32.41,False,N,0.0,-161.8078911111111,0.0,0.0,,,1119.6368796176173,-1081.5412244444444,-200.0,0.0,1119.6368796176173,-1080.5412244444444,-200.0,,2025-08-10,23
2025-08-10,24,2025-08-10T10:30:00Z,2025-08-11T11:14:36Z,47.86,47.86,False,N,0.0,-10.873851650925895,0.0,0.0,,,1142.6842886582203,-953.6530177025132,-200.0,0.0,1142.6842886582203,-952.6530177025132,-200.0,,2025-08-10,24
2025-08-10,25,2025-08-10T11:00:00Z,2025-08-11T11:44:31Z,10.642855736773033,10.642855736773033,False,N,0.0,-54.89323318574742,0.0,0.0,,,1032.5755840185536,-612.8534946236559,-475.0,0.0,1032.5755840185536,-611.8534946236559,-475.0,,2025-08-10,25
2025-08-10,26,2025-08-10T11:30:00Z,2025-08-11T12:14:33Z,30.0,30.0,False,N,0.0,-10.084868700453299,0.0,0.0,,,1082.5839500316256,-618.0951628181003,-475.0,0.0,1082.5839500316256,-617.0951628181003,-475.0,,2025-08-10,26
2025-08-10,27,2025-08-10T12:00:00Z,2025-08-11T12:44:29Z,10.52,10.52,False,N,0.0,-141.63856426651304,0.0,0.0,,,1144.6559480766769,-786.1607864887353,-500.0,0.0,1144.6559480766769,-785.1607864887353,-500.0,,2025-08-10,27
2025-08-10,28,2025-08-10T12:30:00Z,2025-08-11T13:14:33Z,15.0,15.0,False,N,0.0,-31.59516129032258,0.0,0.0,,,1144.8819099242023,-676.8034946236559,-500.0,0.0,1144.8819099242023,-675.8034946236559,-500.0,,2025-08-10,28
2025-08-10,29,2025-08-10T13:00:00Z,2025-08-11T13:44:28Z,0.5,0.5,False,N,0.0,-94.05881147540984,0.0,0.0,,,1151.9647441666666,-696.9027223087431,-550.0,0.0,1151.9647441666666,-695.9027223087431,-550.0,,2025-08-10,29
2025-08-10,30,2025-08-10T13:30:00Z,2025-08-11T14:14:30Z,0.0,0.0,False,N,0.0,-338.5780168806922,0.0,0.0,,,1124.994410462204,-913.5613502140255,-550.0,0.0,1124.994410462204,-912.5613502140255,-550.0,,2025-08-10,30
2025-08-10,31,2025-08-10T14:00:00Z,2025-08-11T14:44:35Z,-4.34,-4.34,False,N,0.0,-317.12030119763205,0.0,0.0,,,1091.9148991666666,-659.5223214754099,-750.0,0.0,1091.9148991666666,-659.5223214754099,-749.0,,2025-08-10,31
2025-08-10,32,2025-08-10T14:30:00Z,2025-08-11T15:14:37Z,-4.34,-4.34,False,N,0.0,-295.7571038251366,0.0,0.0,,,994.0569099242024,-539.8071038251367,-750.0,0.0,994.0569099242024,-539.8071038251367,-749.0,,2025-08-10,32
2025-08-10,33,2025-08-10T15:00:00Z,2025-08-11T15:44:40Z,10.0,10.0,False,N,0.0,-193.45349462365593,0.0,0.0,,,939.5236559139785,-557.9701612903226,-575.0,0.0,939.5236559139785,-556.9701612903226,-575.0,,2025-08-10,33
2025-08-10,34,2025-08-10T15:30:00Z,2025-08-11T16:14:34Z,30.0,30.0,False,N,0.0,-33.82393548387097,0.0,0.0,,,964.7900537634408,-480.64516129032256,-575.0,57.038,964.7900537634408,-479.64516129032256,-575.0,57.038,2025-08-10,34
2025-08-10,35,2025-08-10T16:00:00Z,2025-08-11T16:44:38Z,99.99,99.99,False,P,0.0,82.7188655403915,0.0,0.0,,,800.25860405891,-569.12,-150.0,1.445,799.25860405891,-569.12,-150.0,1.445,2025-08-10,35
2025-08-10,36,2025-08-10T16:30:00Z,2025-08-11T17:14:32Z,65.0,65.0,False,N,0.0,-63.623891996892,0.0,0.0,,,773.8675524475525,-688.1111111111111,-150.0,0.0,773.8675524475525,-687.1111111111111,-150.0,,2025-08-10,36
2025-08-10,37,2025-08-10T17:00:00Z,2025-08-11T17:44:28Z,65.0,65.0,False,N,0.0,-168.43241008547008,0.0,0.0,,,785.8733333333333,-954.4646407521368,0.0,0.0,785.8733333333333,-953.4646407521368,,,2025-08-10,37
2025-08-10,38,2025-08-10T17:30:00Z,2025-08-11T18:14:28Z,65.0,65.0,False,N,0.0,-27.460595238095237,0.0,0.0,,,814.475,-842.0022619047619,0.0,0.0,814.475,-841.0022619047619,,,2025-08-10,38
2025-08-10,39,2025-08-10T18:00:00Z,2025-08-11T18:44:35Z,115.12,115.12,False,P,0.0,207.94054510384106,0.0,0.0,,,529.8461682166068,-893.0352658508741,0.0,571.334,529.8461682166068,-893.0352658508741,,570.334,2025-08-10,39
2025-08-10,40,2025-08-10T18:30:00Z,2025-08-11T19:14:36Z,72.94,72.94,False,N,0.0,-17.63651088888889,0.0,0.0,,,588.7555590731838,-1208.7179378333333,0.0,602.282,588.7555590731838,-1207.7179378333333,,602.282,2025-08-10,40
2025-08-10,41,2025-08-10T19:00:00Z,2025-08-11T19:44:31Z,73.59471831467853,73.59471831467853,False,N,0.0,-6.800209255698006,0.0,0.0,,,652.7652448646724,-1061.733535787037,0.0,402.018,652.7652448646724,-1060.733535787037,,402.018,2025-08-10,41
2025-08-10,42,2025-08-10T19:30:00Z,2025-08-11T20:14:26Z,67.39,67.39,False,N,0.0,-49.47981501068376,0.0,0.0,,,675.1346849893163,-1037.8912934413581,0.0,313.223,675.1346849893163,-1036.8912934413581,,313.223,2025-08-10,42
2025-08-10,43,2025-08-10T20:00:00Z,2025-08-11T20:44:35Z,89.53,89.53,False,P,0.0,3.2813073412698412,0.0,0.0,,,804.2498790079366,-953.6169444444445,0.0,152.677,803.2498790079366,-953.6169444444445,,152.677,2025-08-10,43
2025-08-10,44,2025-08-10T20:30:00Z,2025-08-11T21:14:30Z,109.0,109.0,False,P,0.0,127.90660473750889,0.0,0.0,,,1054.0409936263977,-948.6022422685185,0.0,22.317,1053.0409936263977,-948.6022422685185,,22.317,2025-08-10,44
2025-08-10,45,2025-08-10T21:00:00Z,2025-08-11T21:44:27Z,109.0,109.0,False,P,0.0,310.94372358829844,0.0,0.0,,,1166.7981073382985,-867.3075660802469,0.0,11.0,1165.7981073382985,-867.3075660802469,,11.0,2025-08-10,45
2025-08-10,46,2025-08-10T21:30:00Z,2025-08-11T22:14:33Z,109.0,109.0,False,P,0.0,178.33322148924668,0.0,0.0,,,967.6034025231972,-789.078413004092,0.0,0.0,966.6034025231972,-789.078413004092,,,2025-08-10,46
2025-08-10,47,2025-08-10T22:00:00Z,2025-08-11T22:44:30Z,109.0,109.0,False,P,0.0,336.88693930555553,0.0,0.0,,,938.5473559722222,-766.3806877777778,0.0,165.0,937.5473559722222,-766.3806877777778,,165.0,2025-08-10,47
2025-08-10,48,2025-08-10T22:30:00Z,2025-08-11T23:14:26Z,109.0,109.0,False,P,0.0,305.79670453703704,0.0,0.0,,,893.4640378703704,-758.952,0.0,171.341,892.4640378703704,-758.952,,171.341,2025-08-10,48
2025-08-11,1,2025-08-10T23:00:00Z,2025-08-11T23:44:34Z,109.0,109.0,False,P,0.0,319.6179192063492,0.0,0.0,,,883.1936414285715,-685.32756,0.0,121.659,882.1936414285715,-685.32756,,121.659,2025-08-11,1
2025-08-11,2,2025-08-10T23:30:00Z,2025-08-12T00:14:40Z,108.9,108.9,False,P,0.0,250.95735828281946,0.0,0.0,,,870.7865249494861,-740.3365257828194,0.0,120.0,869.7865249494861,-740.3365257828194,,120.0,2025-08-11,2
2025-08-11,3,2025-08-11T00:00:00Z,2025-08-12T00:44:31Z,108.8,108.8,False,P,0.0,96.41425796440875,0.0,0.0,,,676.8398148703297,-700.3518626338221,0.0,120.0,675.8398148703297,-700.3518626338221,,120.0,2025-08-11,3
2025-08-11,4,2025-08-11T00:30:00Z,2025-08-12T01:14:27Z,103.0,103.0,False,P,0.0,63.52116736111111,0.0,0.0,,,666.8615430555556,-723.3487651388889,0.0,120.0,665.8615430555556,-723.3487651388889,,120.0,2025-08-11,4
2025-08-11,5,2025-08-11T01:00:00Z,2025-08-12T01:44:30Z,96.95,96.95,False,P,0.0,169.9787024537037,0.0,0.0,,,857.7894787037037,-807.5552206944444,0.0,120.0,856.7894787037037,-807.5552206944444,,120.0,2025-08-11,5
2025-08-11,6,2025-08-11T01:30:00Z,2025-08-12T02:14:50Z,96.0,96.0,False,P,0.0,52.67817663817664,0.0,0.0,,,766.6398932721581,-834.4367166339815,0.0,120.0,765.6398932721581,-834.4367166339815,,120.0,2025-08-11,6
2025-08-11,7,2025-08-11T02:00:00Z,2025-08-12T02:44:30Z,52.5614521283078,52.5614521283078,False,N,0.0,-73.62079895299145,0.0,0.0,54.425,1.0,598.6792010470085,-792.7349716666666,0.0,120.0,598.6792010470085,-791.7349716666666,,120.0,2025-08-11,7
2025-08-11,8,2025-08-11T02:30:00Z,2025-08-12T03:14:30Z,62.03646709421687,62.03646709421687,False,N,0.0,-63.21445416666667,0.0,0.0,62.1148275862069,0.9666666666666667,613.8491569444444,-796.6952777777777,0.0,120.0,613.8491569444444,-795.6952777777777,,120.0,2025-08-11,8
2025-08-11,9,2025-08-11T03:00:00Z,2025-08-12T03:44:26Z,102.39,102.39,False,P,0.0,281.44326344017094,0.0,0.0,,,927.4667890705128,-766.054287720285,0.0,120.0,926.4667890705128,-766.054287720285,,120.0,2025-08-11,9
2025-08-11,10,2025-08-11T03:30:00Z,2025-08-12T04:14:28Z,96.99522874445283,96.99522874445283,False,P,0.0,51.20028083333333,0.0,0.0,,,671.7793594361295,-822.2515858250184,0.0,201.805,670.7793594361295,-822.2515858250184,,201.805,2025-08-11,10
2025-08-11,11,2025-08-11T04:00:00Z,2025-08-12T04:44:29Z,66.14,66.14,False,N,0.0,-11.061307592592593,0.0,0.0,,,849.0185152744709,-1039.2115617559523,0.0,179.11,849.0185152744709,-1038.2115617559523,,179.11,2025-08-11,11
2025-08-11,12,2025-08-11T04:30:00Z,2025-08-12T05:14:32Z,99.87051771091427,99.87051771091427,False,N,0.0,-85.83202490699009,0.0,0.0,100.03654509444445,1.0,989.3475359263432,-1215.5921635057084,0.0,140.14,989.3475359263432,-1214.5921635057084,,140.14,2025-08-11,12
2025-08-11,13,2025-08-11T05:00:00Z,2025-08-12T05:44:37Z,81.27,81.27,False,N,0.0,-67.10628705977217,0.0,0.0,81.27,0.0,950.7877684957833,-1268.2960587595555,0.0,250.749,950.7877684957833,-1267.2960587595555,,250.749,2025-08-11,13
2025-08-11,14,2025-08-11T05:30:00Z,2025-08-12T06:14:30Z,107.0,107.0,False,P,0.0,133.61613804038282,0.0,0.0,,,1246.4420828998204,-1374.6177712301587,0.0,261.5,1245.4420828998204,-1374.6177712301587,,261.5,2025-08-11,14
2025-08-11,15,2025-08-11T06:00:00Z,2025-08-12T06:44:28Z,60.0,60.0,False,N,0.0,-50.510337603174605,0.0,0.0,60.0,1.0,1198.444829063492,-1374.3699944074074,0.0,125.234,1198.444829063492,-1373.3699944074074,,125.234,2025-08-11,15
2025-08-11,16,2025-08-11T06:30:00Z,2025-08-12T07:14:35Z,66.11,66.11,False,N,0.0,-67.83212748015873,0.0,0.0,66.11,1.0,1328.0421674272486,-1402.4897881415343,0.0,6.277,1328.0421674272486,-1401.4897881415343,,6.277,2025-08-11,16
2025-08-11,17,2025-08-11T07:00:00Z,2025-08-12T07:44:32Z,65.9,65.9,False,N,0.0,-284.2694445833333,0.0,0.0,65.9,1.0,1132.4484179166666,-1416.5234180555556,0.0,0.0,1132.4484179166666,-1415.5234180555556,,,2025-08-11,17
2025-08-11,18,2025-08-11T07:30:00Z,2025-08-12T08:14:34Z,31.5,31.5,False,N,0.0,-398.95923930555557,0.0,0.0,,,1012.5667989520202,-1411.166807840909,0.0,0.0,1012.5667989520202,-1410.166807840909,,,2025-08-11,18
2025-08-11,19,2025-08-11T08:00:00Z,2025-08-12T08:44:38Z,31.5,31.5,False,N,0.0,-232.35106930555557,0.0,0.0,,,1071.657995138889,-1303.7605908730159,0.0,0.0,1071.657995138889,-1302.7605908730159,,,2025-08-11,19
2025-08-11,20,2025-08-11T08:30:00Z,2025-08-12T09:14:27Z,69.84,69.84,False,N,0.0,-274.629660462963,0.0,0.0,69.84,0.0,910.746733287037,-1184.665,0.0,0.0,910.746733287037,-1183.665,,,2025-08-11,20
2025-08-11,21,2025-08-11T09:00:00Z,2025-08-12T09:44:28Z,62.0,62.0,False,N,0.0,-609.175925925926,0.0,0.0,62.0,1.0,502.9490740740741,-1111.875,0.0,0.0,502.9490740740741,-1110.875,,,2025-08-11,21
2025-08-11,22,2025-08-11T09:30:00Z,2025-08-12T10:14:32Z,62.0,62.0,False,N,0.0,-414.2828552314815,0.0,0.0,62.0,1.0,603.8291825462964,-1017.8541801388889,0.0,0.0,603.8291825462964,-1016.8541801388889,,,2025-08-11,22
2025-08-11,23,2025-08-11T10:00:00Z,2025-08-12T10:44:34Z,95.0,95.0,False,P,0.0,14.795289722222222,0.0,0.0,,,744.1932241666667,-728.9813859226191,0.0,0.0,743.1932241666667,-728.9813859226191,,,2025-08-11,23
2025-08-11,24,2025-08-11T10:30:00Z,2025-08-12T11:14:32Z,95.0,95.0,False,P,0.0,7.059375,0.0,0.0,,,633.35,-626.490625,0.0,0.0,632.35,-626.490625,,,2025-08-11,24
2025-08-11,25,2025-08-11T11:00:00Z,2025-08-12T11:44:28Z,32.15,32.15,False,N,0.0,-167.01979166666666,0.0,0.0,,,551.5833333333334,-719.128125,0.0,0.0,551.5833333333334,-718.128125,,,2025-08-11,25
2025-08-11,26,2025-08-11T11:30:00Z,2025-08-12T12:14:30Z,61.0,61.0,False,N,0.0,-237.6021478887527,0.0,0.0,61.0,1.0,609.8579402913944,-847.1619636294935,0.0,0.0,609.8579402913944,-846.1619636294935,,,2025-08-11,26
2025-08-11,27,2025-08-11T12:00:00Z,2025-08-12T12:46:18Z,61.0,61.0,False,N,0.0,-68.30286616161617,0.0,0.0,,,658.69625,-726.7245328282828,0.0,0.0,658.69625,-725.7245328282828,,,2025-08-11,27
2025-08-11,28,2025-08-11T12:30:00Z,2025-08-12T13:14:36Z,61.0,61.0,False,N,0.0,-91.95277777777778,0.0,0.0,61.0,1.0,610.4666666666667,-702.5277777777778,0.0,0.0,610.4666666666667,-701.5277777777778,,,2025-08-11,28
2025-08-11,29,2025-08-11T13:00:00Z,2025-08-12T13:44:39Z,61.0,61.0,False,N,0.0,-42.992821944444444,0.0,0.0,61.0,1.0,630.2616063888889,-673.5754940277777,0.0,0.0,630.2616063888889,-672.5754940277777,,,2025-08-11,29
2025-08-11,30,2025-08-11T13:30:00Z,2025-08-12T14:14:38Z,99.0,99.0,False,P,0.0,167.45549416666665,0.0,0.0,,,796.5499975,-628.725,0.0,0.0,795.5499975,-628.725,,,2025-08-11,30
2025-08-11,31,2025-08-11T14:00:00Z,2025-08-12T14:44:48Z,98.5,98.5,False,P,0.0,174.17643079365078,0.0,0.0,,,775.4090234920635,-613.2125926984127,0.0,11.98,774.4090234920635,-613.2125926984127,,11.98,2025-08-11,31
2025-08-11,32,2025-08-11T14:30:00Z,2025-08-12T15:14:33Z,102.8,102.8,False,P,0.0,282.1411497141369,0.0,0.0,,,599.6658263578903,-476.29205164375344,0.0,158.833,598.6658263578903,-476.29205164375344,,158.833,2025-08-11,32
2025-08-11,33,2025-08-11T15:00:00Z,2025-08-12T15:44:36Z,111.0,111.0,False,P,0.0,359.4664338427756,0.0,0.0,,,685.1829338427756,-456.05140373737373,0.0,130.401,685.1829338427756,-456.05140373737373,,129.401,2025-08-11,33
2025-08-11,34,2025-08-11T15:30:00Z,2025-08-12T16:14:35Z,128.99,128.99,False,P,0.0,347.6190056322164,0.0,0.0,,,583.2053082435834,-377.25330261136713,0.0,141.667,582.2053082435834,-377.25330261136713,,141.667,2025-08-11,34
2025-08-11,35,2025-08-11T16:00:00Z,2025-08-12T16:44:38Z,129.0,129.0,False,P,0.0,311.8853838091424,0.0,0.0,,,301.7266060313646,-249.35222318948428,0.0,259.511,300.7266060313646,-249.35222318948428,,259.511,2025-08-11,35
2025-08-11,36,2025-08-11T16:30:00Z,2025-08-12T17:14:36Z,199.0,199.0,False,P,0.0,434.2336666666667,0.0,0.0,,,364.42333333333335,-219.70833333333334,0.0,289.477,363.42333333333335,-219.70833333333334,,289.477,2025-08-11,36
2025-08-11,37,2025-08-11T17:00:00Z,2025-08-12T17:44:35Z,148.95,148.95,False,P,0.0,303.86696472222224,0.0,0.0,,,230.75000055555554,-377.08749958333334,0.0,450.0,230.75000055555554,-377.08749958333334,,449.0,2025-08-11,37
2025-08-11,38,2025-08-11T17:30:00Z,2025-08-12T18:14:38Z,146.23,146.23,False,P,0.0,173.14221,0.0,0.0,,,230.0019565,-507.06612333333334,0.0,450.0,230.0019565,-507.06612333333334,,449.0,2025-08-11,38
2025-08-11,39,2025-08-11T18:00:00Z,2025-08-12T18:44:35Z,168.49883822037037,168.49883822037037,False,P,0.0,49.995850787037035,0.0,0.0,,,230.05044416666667,-1142.897899212963,0.0,962.5,230.05044416666667,-1142.897899212963,,961.5,2025-08-11,39
2025-08-11,40,2025-08-11T18:30:00Z,2025-08-12T19:14:35Z,81.01,81.01,False,N,0.0012,-48.55215109126984,0.0,0.0,,,178.41666666666666,-1189.7336226190475,0.0,962.5,178.41666666666666,-1188.7336226190475,,962.5,2025-08-11,40
2025-08-11,41,2025-08-11T19:00:00Z,2025-08-12T19:44:41Z,73.85,73.85,False,N,0.0,-67.13234391534391,0.0,0.0,,,144.60833398148148,-497.0607144708995,0.0,285.133,144.60833398148148,-496.0607144708995,,285.133,2025-08-11,41
2025-08-11,42,2025-08-11T19:30:00Z,2025-08-12T20:14:52Z,128.65,128.65,False,P,0.0,13.233261666666667,0.0,0.0,,,122.18340625,-383.8917383333333,0.0,275.0,122.18340625,-383.8917383333333,,274.0,2025-08-11,42
2025-08-11,43,2025-08-11T20:00:00Z,2025-08-12T20:44:37Z,63.05,63.05,False,N,0.0006,-193.75955916666666,0.0,0.0,63.05,1.0,119.55666666666667,-313.08333569444443,0.0,0.0,119.55666666666667,-312.08333569444443,,,2025-08-11,43
2025-08-11,44,2025-08-11T20:30:00Z,2025-08-12T21:14:39Z,62.29,62.29,False,N,0.0,-183.2524663826623,0.0,0.0,,,238.32499785715277,-421.1572276326623,0.0,0.0,238.32499785715277,-420.1572276326623,,,2025-08-11,44
2025-08-11,45,2025-08-11T21:00:00Z,2025-08-12T21:44:33Z,63.05,63.05,False,N,0.0,-141.14925492063492,0.0,0.0,63.05,1.0,401.75119277777776,-542.9434926984127,0.0,0.0,401.75119277777776,-541.9434926984127,,,2025-08-11,45
2025-08-11,46,2025-08-11T21:30:00Z,2025-08-12T22:14:34Z,63.0,63.0,False,N,0.0,-440.59708035714283,0.0,0.0,63.0,1.0,391.3339720833333,-870.4459791071429,0.0,38.522,391.3339720833333,-869.4459791071429,,38.522,2025-08-11,46
2025-08-11,47,2025-08-11T22:00:00Z,2025-08-12T22:44:40Z,61.03643886010191,61.03643886010191,False,N,0.0,-231.0743031807623,0.0,0.0,61.270833333333336,1.0,482.5894771212121,-901.9937422363179,0.0,188.697,482.5894771212121,-900.9937422363179,,188.697,2025-08-11,47
2025-08-11,48,2025-08-11T22:30:00Z,2025-08-12T23:14:37Z,61.0,61.0,False,N,0.0,-231.9661154737708,0.0,0.0,61.0,1.0,489.53614385162604,-782.4881154737708,0.0,60.947,489.53614385162604,-781.4881154737708,,60.947,2025-08-11,48
2025-08-12,1,2025-08-11T23:00:00Z,2025-08-12T23:44:36Z,63.0,63.0,False,N,0.0,-67.40039055555556,0.0,0.0,63.0,1.0,421.4833316666667,-629.8247222222222,0.0,140.991,421.4833316666667,-628.8247222222222,,140.991,2025-08-12,1
2025-08-12,2,2025-08-11T23:30:00Z,2025-08-13T00:14:41Z,72.14,72.14,False,N,0.0,-90.3839886111111,0.0,0.0,72.14,0.0,435.1419098015873,-527.0196678571428,0.0,1.659,435.1419098015873,-526.0196678571428,,1.659,2025-08-12,2
2025-08-12,3,2025-08-12T00:00:00Z,2025-08-13T00:44:34Z,97.58,97.58,False,P,0.0,35.36759388888889,0.0,0.0,,,393.4398161111111,-357.8870366666667,0.0,0.0,392.4398161111111,-357.8870366666667,,,2025-08-12,3
2025-08-12,4,2025-08-12T00:30:00Z,2025-08-13T01:14:42Z,64.16,64.16,False,N,0.0,-28.599653385416666,0.0,0.0,,,327.8360375,-356.31069088541665,0.0,0.0,327.8360375,-355.31069088541665,,,2025-08-12,4
2025-08-12,5,2025-08-12T01:00:00Z,2025-08-13T01:44:35Z,59.82,59.82,False,N,0.0,-438.62924929824965,0.0,0.0,,,320.0,-758.8459159649163,0.0,0.0,320.0,-757.8459159649163,,,2025-08-12,5
2025-08-12,6,2025-08-12T01:30:00Z,2025-08-13T02:15:17Z,60.0,60.0,False,N,0.0,-414.1693650793651,0.0,0.0,,,323.8890375,-738.7484028571429,0.0,0.0,323.8890375,-737.7484028571429,,,2025-08-12,6
2025-08-12,7,2025-08-12T02:00:00Z,2025-08-13T02:44:38Z,60.0,60.0,False,N,0.0,-557.6708333333333,0.0,0.0,,,320.0,-877.8395833333333,0.0,0.0,320.0,-876.8395833333333,,,2025-08-12,7
2025-08-12,8,2025-08-12T02:30:00Z,2025-08-13T03:14:41Z,63.0,63.0,False,N,0.0,-524.1772504578754,0.0,0.0,,,333.5370555555556,-857.8226393467644,0.0,0.0,333.5370555555556,-856.8226393467644,,,2025-08-12,8
2025-08-12,9,2025-08-12T03:00:00Z,2025-08-13T03:44:39Z,64.15,64.15,False,N,0.0,-144.7176875,0.0,0.0,,,320.0,-465.1493541666667,0.0,0.0,320.0,-464.1493541666667,,,2025-08-12,9
2025-08-12,10,2025-08-12T03:30:00Z,2025-08-13T04:14:43Z,99.0,99.0,False,P,0.0,42.23778611111111,0.0,0.0,99.0,1.0,324.0961111111111,-282.3822138888889,0.0,0.0,323.0961111111111,-282.3822138888889,,,2025-08-12,10
2025-08-12,11,2025-08-12T04:00:00Z,2025-08-13T04:44:41Z,110.0,110.0,False,P,0.0,329.6229552777778,0.0,0.0,110.0,1.0,539.9708719444444,-210.62503611111111,0.0,0.0,538.9708719444444,-210.62503611111111,,,2025-08-12,11
2025-08-12,12,2025-08-12T04:30:00Z,2025-08-13T05:14:39Z,111.42,111.42,False,P,0.0,304.66312833333336,0.0,0.0,111.42,1.0,511.93393333333336,-207.6755948611111,0.0,0.0,510.93393333333336,-207.6755948611111,,,2025-08-12,12
2025-08-12,13,2025-08-12T05:00:00Z,2025-08-13T05:44:39Z,106.87984011917204,106.87984011917204,False,P,0.0,23.575230833333332,0.0,0.0,106.46,1.0,344.80038,-321.19204583333334,0.0,0.0,343.80038,-321.19204583333334,,,2025-08-12,13
2025-08-12,14,2025-08-12T05:30:00Z,2025-08-13T06:14:38Z,145.0,145.0,False,P,0.0,164.45445916666668,0.0,0.0,,,336.3443497222222,-269.5630963888889,0.0,97.662,335.3443497222222,-269.5630963888889,,97.662,2025-08-12,14
2025-08-12,15,2025-08-12T06:00:00Z,2025-08-13T06:44:37Z,109.5,109.5,False,P,0.0,100.38216666666666,0.0,0.0,,,322.43710694444445,-226.90585694444445,-150.0,155.253,322.43710694444445,-226.90585694444445,-150.0,154.253,2025-08-12,15
2025-08-12,16,2025-08-12T06:30:00Z,2025-08-13T07:14:40Z,128.0,128.0,False,P,0.0,192.8777101388889,0.0,0.0,,,451.29106350538973,-167.9952886111111,-150.0,59.541,450.29106350538973,-167.9952886111111,-150.0,59.541,2025-08-12,16
2025-08-12,17,2025-08-12T07:00:00Z,2025-08-13T07:44:41Z,128.0,128.0,False,P,0.0,230.63172225746268,0.0,0.0,,,460.4505956618692,-129.6769638210732,-150.0,49.977,459.4505956618692,-129.6769638210732,-150.0,49.977,2025-08-12,17
2025-08-12,18,2025-08-12T07:30:00Z,2025-08-13T08:14:42Z,128.0,128.0,False,P,0.0,304.9789511256219,0.0,0.0,,,480.55104208333336,-91.78101679104478,-150.0,66.483,479.55104208333336,-91.78101679104478,-150.0,66.483,2025-08-12,18
2025-08-12,19,2025-08-12T08:00:00Z,2025-08-13T08:44:40Z,102.0,102.0,False,P,0.0,238.30421700041458,0.0,0.0,,,367.19197819444446,-18.08973855514096,-150.0,39.685,366.19197819444446,-18.08973855514096,-150.0,39.685,2025-08-12,19
2025-08-12,20,2025-08-12T08:30:00Z,2025-08-13T09:14:46Z,102.0,102.0,False,P,0.0,209.93059347222223,0.0,0.0,,,360.51392680555557,-0.038928333333333336,-150.0,0.0,359.51392680555557,-0.038928333333333336,-150.0,,2025-08-12,20
2025-08-12,21,2025-08-12T09:00:00Z,2025-08-13T09:44:38Z,102.0,102.0,False,P,0.0,189.98414916666667,0.0,0.0,,,287.2014825,-0.0014825,-150.0,53.016,286.2014825,-0.0014825,-150.0,53.016,2025-08-12,21
2025-08-12,22,2025-08-12T09:30:00Z,2025-08-13T10:14:44Z,110.0,110.0,False,P,0.0,190.27172472222222,0.0,0.0,,,268.85240361111113,-26.344068611111112,-150.0,97.816,268.85240361111113,-26.344068611111112,-150.0,96.816,2025-08-12,22
2025-08-12,23,2025-08-12T10:00:00Z,2025-08-13T10:44:42Z,110.0,110.0,False,P,0.0,30.44675527777778,0.0,0.0,,,223.61737083333333,-73.82291125,-150.0,30.6,223.61737083333333,-73.82291125,-150.0,29.6,2025-08-12,23
2025-08-12,24,2025-08-12T10:30:00Z,2025-08-13T11:14:42Z,115.0,115.0,False,P,0.0,262.04725041666666,0.0,0.0,,,313.01458375,-41.87708,-150.0,140.916,313.01458375,-41.87708,-150.0,139.916,2025-08-12,24
2025-08-12,25,2025-08-12T11:00:00Z,2025-08-13T11:44:46Z,100.0,100.0,False,P,0.0,135.71009625,0.0,0.0,,,243.94179333333332,-6.7209715625,-150.0,49.234,242.94179333333332,-6.7209715625,-150.0,49.234,2025-08-12,25
2025-08-12,26,2025-08-12T11:30:00Z,2025-08-13T12:14:35Z,100.0,100.0,False,P,0.0,147.34546,0.0,0.0,,,298.57323777777776,-1.614907361111111,-150.0,0.0,297.57323777777776,-1.614907361111111,-150.0,,2025-08-12,26
2025-08-12,27,2025-08-12T12:00:00Z,2025-08-13T12:46:12Z,64.2,64.2,False,N,0.0,-155.6836940836941,0.0,0.0,64.2,1.0,27.9520202020202,-128.50238095238095,-150.0,94.6,27.9520202020202,-127.92987754047883,-149.57250341190212,94.6,2025-08-12,27
2025-08-12,28,2025-08-12T12:30:00Z,2025-08-13T13:14:56Z,64.35,64.35,False,N,0.0,-56.71069402777778,0.0,0.0,64.35,1.0,63.37593069444444,-9.934268472222222,-150.0,39.534,63.37593069444444,-9.768603848706464,-149.16566462351577,39.534,2025-08-12,28
2025-08-12,29,2025-08-12T13:00:00Z,2025-08-13T13:44:44Z,64.3,64.3,False,N,0.0,-62.20822305555556,0.0,0.0,64.3,1.0,105.01287069444444,-17.04620361111111,-150.0,0.0,105.01287069444444,-16.772392007167344,-149.27381160394376,,2025-08-12,29
2025-08-12,30,2025-08-12T13:30:00Z,2025-08-13T14:14:42Z,80.25,80.25,False,N,0.0,-115.69980222222222,0.0,0.0,80.25,0.0,34.62519777777778,-0.35019944444444445,-150.0,0.0,34.62519777777778,-0.3477505782589246,-149.00244886618552,,2025-08-12,30
2025-08-12,31,2025-08-12T14:00:00Z,2025-08-13T14:44:28Z,100.0,100.0,False,P,0.0,107.21185939646465,0.0,0.0,,,258.3868593964647,-1.3990325227272726,-150.0,0.0,257.3868593964647,-1.3990325227272726,-150.0,,2025-08-12,31
2025-08-12,32,2025-08-12T14:30:00Z,2025-08-13T15:14:49Z,62.0,62.0,False,N,0.0,-154.94197574632068,0.0,0.0,,,124.60424414004297,-129.59665376052521,-150.0,0.0,124.60424414004297,-128.59665376052521,-150.0,,2025-08-12,32
2025-08-12,33,2025-08-12T15:00:00Z,2025-08-13T15:44:43Z,61.0,61.0,False,N,0.0,-374.839245014245,0.0,0.0,,,0.0,-224.89757834757836,-150.0,0.0,0.0,-223.89757834757836,-150.0,,2025-08-12,33
2025-08-12,34,2025-08-12T15:30:00Z,2025-08-13T16:14:54Z,60.0,60.0,False,N,0.0,-399.96673719093405,0.0,0.0,60.0,1.0,3.685897435897e-06,-250.01673719093407,-150.0,0.0,3.685897435897e-06,-249.01673719093407,-150.0,,2025-08-12,34
2025-08-12,35,2025-08-12T16:00:00Z,2025-08-13T16:44:32Z,65.0,65.0,False,N,0.0,-496.08529928761055,0.0,0.0,,,0.02364880341880342,-1358.7019659542773,0.0,862.5,0.02364880341880342,-1357.7019659542773,,862.5,2025-08-12,35
2025-08-12,36,2025-08-12T16:30:00Z,2025-08-13T17:14:34Z,65.0,65.0,False,N,0.0,-241.93059513301324,0.0,0.0,,,0.20009793350831515,-1104.9055951330133,0.0,862.5,0.20009793350831515,-1103.9055951330133,,862.5,2025-08-12,36
2025-08-12,37,2025-08-12T17:00:00Z,2025-08-13T17:44:36Z,69.55,69.55,False,N,0.0,-240.79607197940948,0.0,0.0,,,0.6,-1591.4877386460762,0.0,1350.0,0.6,-1590.4877386460762,,1350.0,2025-08-12,37
2025-08-12,38,2025-08-12T17:30:00Z,2025-08-13T18:14:27Z,79.84,79.84,False,N,0.0,-43.82892418673919,0.0,0.0,,,9.2991452991453e-05,-1394.0789241867392,0.0,1350.0,9.2991452991453e-05,-1393.0789241867392,,1350.0,2025-08-12,38
2025-08-12,39,2025-08-12T18:00:00Z,2025-08-13T18:44:38Z,73.57,73.57,False,N,0.0,-231.479,0.0,0.0,,,0.27066666666666667,-1231.7123333333334,0.0,1000.0,0.27066666666666667,-1230.7123333333334,,1000.0,2025-08-12,39
2025-08-12,40,2025-08-12T18:30:00Z,2025-08-13T19:14:36Z,76.33,76.33,False,N,0.0,-41.35515151515151,0.0,0.0,,,0.0,-1041.4051515151516,0.0,1000.0,0.0,-1040.4051515151516,,1000.0,2025-08-12,40
2025-08-12,41,2025-08-12T19:00:00Z,2025-08-13T19:44:27Z,65.0,65.0,False,N,0.0006,-145.53284404040403,0.0,0.0,,,223.77381396825396,-489.4031818181818,0.0,119.937,223.77381396825396,-488.4031818181818,,119.937,2025-08-12,41
2025-08-12,42,2025-08-12T19:30:00Z,2025-08-13T20:14:31Z,67.55070419518695,67.55070419518695,False,N,0.0006,-291.13964285714286,0.0,0.0,67.75933333333333,1.0,132.41785714285714,-496.0,0.0,72.73,132.41785714285714,-495.0,,72.73,2025-08-12,42
2025-08-12,43,2025-08-12T20:00:00Z,2025-08-13T20:44:28Z,33.2,33.2,False,N,0.0,-117.95332555555555,0.0,0.0,,,192.20679388888888,-310.10678666666666,0.0,0.0,192.20679388888888,-309.10678666666666,,,2025-08-12,43
2025-08-12,44,2025-08-12T20:30:00Z,2025-08-13T21:14:42Z,65.07,65.07,False,N,0.0,-276.70954,0.0,0.0,65.07,1.0,24.30434888888889,-301.02657111111114,0.0,0.0,24.30434888888889,-300.02657111111114,,,2025-08-12,44
2025-08-12,45,2025-08-12T21:00:00Z,2025-08-13T21:44:33Z,65.1,65.1,False,N,0.0,-81.45785,0.0,0.0,65.1,1.0,117.41992777777777,-198.87270527777778,0.0,0.0,117.41992777777777,-197.87270527777778,,,2025-08-12,45
2025-08-12,46,2025-08-12T21:30:00Z,2025-08-13T22:14:33Z,66.34764860965787,66.34764860965787,False,N,0.0,-14.766666666666667,0.0,0.0,,,126.09609375,-140.65442708333333,0.0,0.0,126.09609375,-139.65442708333333,,,2025-08-12,46
2025-08-12,47,2025-08-12T22:00:00Z,2025-08-13T22:44:39Z,115.0,115.0,False,P,0.0,40.49583416666667,0.0,0.0,115.0,1.0,148.87332734848485,-108.31082651515152,0.0,0.0,147.87332734848485,-108.31082651515152,,,2025-08-12,47
2025-08-12,48,2025-08-12T22:30:00Z,2025-08-13T23:14:34Z,65.2,65.2,False,N,0.0,-23.614285714285714,0.0,0.0,,,152.16524331349206,-175.71702902777778,0.0,0.0,152.16524331349206,-174.71702902777778,,,2025-08-12,48
2025-08-13,1,2025-08-12T23:00:00Z,2025-08-13T23:44:26Z,88.02,88.02,False,P,0.0,3.5449690476190474,0.0,0.0,,,42.63928571428571,-38.795831666666665,0.0,0.0,41.63928571428571,-38.795831666666665,,,2025-08-13,1
2025-08-13,2,2025-08-12T23:30:00Z,2025-08-14T00:14:28Z,88.0,88.0,False,P,0.0,8.849080277777778,0.0,0.0,,,60.78305493055556,-51.649721944444444,0.0,0.0,59.78305493055556,-51.649721944444444,,,2025-08-13,2
2025-08-13,3,2025-08-13T00:00:00Z,2025-08-14T00:45:06Z,109.9,109.9,False,P,0.0,58.87460388888889,0.0,0.0,,,61.62460388888889,-2.674603888888889,0.0,0.0,60.62460388888889,-2.674603888888889,,,2025-08-13,3
2025-08-13,4,2025-08-13T00:30:00Z,2025-08-14T01:14:30Z,107.0,107.0,False,P,0.0,24.825833333333332,0.0,0.0,,,30.7925,-5.8341666666666665,0.0,0.0,29.7925,-5.8341666666666665,,,2025-08-13,4
2025-08-13,5,2025-08-13T01:00:00Z,2025-08-14T01:44:40Z,110.0,110.0,False,P,0.0,149.57570302083334,0.0,0.0,110.0,1.0,149.65903635416666,-0.04167396990740741,0.0,0.0,148.65903635416666,-0.04167396990740741,,,2025-08-13,5
2025-08-13,6,2025-08-13T01:30:00Z,2025-08-14T02:14:41Z,112.54800505998739,112.54800505998739,False,P,0.0,95.225,0.0,0.0,111.24775,1.0,95.69,-0.14833333333333334,0.0,0.0,94.69,-0.14833333333333334,,,2025-08-13,6
2025-08-13,7,2025-08-13T02:00:00Z,2025-08-14T02:44:32Z,111.46,111.46,False,P,0.0,122.03988166666667,0.0,0.0,,,131.63988166666667,-9.398214166666667,0.0,0.0,130.63988166666667,-9.398214166666667,,,2025-08-13,7
2025-08-13,8,2025-08-13T02:30:00Z,2025-08-14T03:14:41Z,113.5,113.5,False,P,0.0,115.51315125,0.0,0.0,,,119.90481791666667,-4.3714825,0.0,0.0,118.90481791666667,-4.3714825,,,2025-08-13,8
2025-08-13,9,2025-08-13T03:00:00Z,2025-08-14T03:44:24Z,66.4,66.4,False,N,0.0,-26.785398611111113,0.0,0.0,,,57.16460138888889,-83.98126805555556,0.0,0.0,57.16460138888889,-82.98126805555556,,,2025-08-13,9
2025-08-13,10,2025-08-13T03:30:00Z,2025-08-14T04:14:24Z,66.4,66.4,False,N,0.0,-74.69027777777778,0.0,0.0,,,55.791666666666664,-130.45694444444445,0.0,0.0,55.791666666666664,-129.45694444444445,,,2025-08-13,10
2025-08-13,11,2025-08-13T04:00:00Z,2025-08-14T04:44:23Z,65.3,65.3,False,N,0.0,-16.533333333333335,0.0,0.0,,,37.99166666666667,-54.388888888888886,0.0,0.0,37.99166666666667,-53.388888888888886,,,2025-08-13,11
2025-08-13,12,2025-08-13T04:30:00Z,2025-08-14T05:14:21Z,115.0,115.0,False,P,0.0,6.33,0.0,0.0,,,7.841666666666667,-1.2533333333333334,0.0,0.0,6.841666666666667,-1.2533333333333334,,,2025-08-13,12
2025-08-13,13,2025-08-13T05:00:00Z,2025-08-14T05:44:31Z,111.4,111.4,False,P,0.0,17.73088027777778,0.0,0.0,,,66.21039416666666,-48.573726666666666,0.0,0.0,65.21039416666666,-48.573726666666666,,,2025-08-13,13
2025-08-13,14,2025-08-13T05:30:00Z,2025-08-14T06:14:25Z,112.0,112.0,False,P,0.0,15.5557475,0.0,0.0,,,33.335414166666666,-48.68541666666667,0.0,30.937,33.335414166666666,-48.68541666666667,,29.937,2025-08-13,14
2025-08-13,15,2025-08-13T06:00:00Z,2025-08-14T06:44:44Z,115.0,115.0,False,P,0.0,158.34630246031747,0.0,0.0,,,130.4945499073889,-73.93978841929365,0.0,102.0,129.4945499073889,-73.93978841929365,,102.0,2025-08-13,15
2025-08-13,16,2025-08-13T06:30:00Z,2025-08-14T07:14:28Z,150.0,150.0,False,P,0.0,239.11457142857142,0.0,0.0,,,118.18716527777778,-10.916927182539682,0.0,131.836,117.18716527777778,-10.916927182539682,,131.836,2025-08-13,16
2025-08-13,17,2025-08-13T07:00:00Z,2025-08-14T07:44:30Z,150.88926998672756,150.88926998672756,False,P,0.0,337.12385416666666,0.0,0.0,,,192.97534805555554,-0.32534805555555557,0.0,144.72,191.97534805555554,-0.32534805555555557,,144.72,2025-08-13,17
2025-08-13,18,2025-08-13T07:30:00Z,2025-08-14T08:14:24Z,159.0,159.0,False,P,0.0,225.9586618145655,0.0,0.0,,,91.37130070345437,-0.20677606059722223,0.0,135.25,90.37130070345437,-0.20677606059722223,,135.25,2025-08-13,18
2025-08-13,19,2025-08-13T08:00:00Z,2025-08-14T08:44:25Z,159.0,159.0,False,P,0.0,480.84225646221535,0.0,0.0,159.0,1.0,334.12308090665977,-1.3089815277777779,0.0,148.003,333.12308090665977,-1.3089815277777779,,148.003,2025-08-13,19
2025-08-13,20,2025-08-13T08:30:00Z,2025-08-14T09:14:31Z,160.48,160.48,False,P,0.0,470.87908125,0.0,0.0,160.48,1.0,268.9240555555556,-0.9057191666666666,0.0,203.05,267.9240555555556,-0.9057191666666666,,203.05,2025-08-13,20
2025-08-13,21,2025-08-13T09:00:00Z,2025-08-14T09:44:25Z,151.0,151.0,False,P,0.0,337.1068888888889,0.0,0.0,151.0,1.0,181.15722222222223,0.0,0.0,156.083,180.15722222222223,0.0,,156.083,2025-08-13,21
2025-08-13,22,2025-08-13T09:30:00Z,2025-08-14T10:14:33Z,151.49003328093357,151.49003328093357,False,P,0.0,446.8306997222222,0.0,0.0,151.28616666666667,1.0,382.4891925,-0.15474277777777778,0.0,64.505,381.4891925,-0.15474277777777778,,64.505,2025-08-13,22
2025-08-13,23,2025-08-13T10:00:00Z,2025-08-14T10:44:29Z,99.25,99.25,False,P,0.0,277.48334847222225,0.0,0.0,,,403.76210444444445,-0.6912716666666666,-162.5,37.167,402.76210444444445,-0.6912716666666666,-162.5,37.167,2025-08-13,23
2025-08-13,24,2025-08-13T10:30:00Z,2025-08-14T11:14:29Z,92.75,92.75,False,P,0.0,111.38333333333334,0.0,0.0,,,308.65,-34.88333333333333,-162.5,0.0,307.65,-34.88333333333333,-162.5,,2025-08-13,24
2025-08-13,25,2025-08-13T11:00:00Z,2025-08-14T11:44:29Z,103.0,103.0,False,P,0.0,253.975,0.0,0.0,,,390.53333333333336,-3.033333333333333,-162.5,28.5,389.53333333333336,-3.033333333333333,-162.5,28.5,2025-08-13,25
2025-08-13,26,2025-08-13T11:30:00Z,2025-08-14T12:14:25Z,92.75,92.75,False,P,0.0,33.68333318834795,0.0,0.0,,,346.0485719855799,-149.8652387972319,-162.5,0.0,345.0485719855799,-149.8652387972319,-162.5,,2025-08-13,26
2025-08-13,27,2025-08-13T12:00:00Z,2025-08-14T12:45:11Z,95.0,95.0,False,P,0.0,278.05703666666665,0.0,0.0,,,490.93079708333335,-50.5990037037037,-162.5,0.0,489.93079708333335,-50.5990037037037,-162.5,,2025-08-13,27
2025-08-13,28,2025-08-13T12:30:00Z,2025-08-14T13:14:25Z,92.5,92.5,False,P,0.0,22.17262222943723,0.0,0.0,,,432.8060669212436,-248.36677560089728,-162.5,0.0,431.8060669212436,-248.36677560089728,-162.5,,2025-08-13,28
2025-08-13,29,2025-08-13T13:00:00Z,2025-08-14T13:44:23Z,92.75,92.75,False,P,0.0,107.12738095238095,0.0,0.0,,,370.71666666666664,-101.52261904761905,-162.5,0.0,369.71666666666664,-101.52261904761905,-162.5,,2025-08-13,29
2025-08-13,30,2025-08-13T13:30:00Z,2025-08-14T14:14:25Z,66.0,66.0,False,N,0.0,-23.663492063492065,0.0,0.0,,,366.25,-227.5718253968254,-162.5,0.0,366.25,-226.5718253968254,-162.5,,2025-08-13,30
2025-08-13,31,2025-08-13T14:00:00Z,2025-08-14T14:44:41Z,92.75,92.75,False,P,0.0,37.33611099206349,0.0,0.0,,,335.275,-135.70238109126984,-162.5,0.0,334.275,-135.70238109126984,-162.5,,2025-08-13,31
2025-08-13,32,2025-08-13T14:30:00Z,2025-08-14T15:14:40Z,92.75,92.75,False,P,0.0,17.326992753623188,0.0,0.0,,,247.44782608695652,-67.57083333333334,-162.5,0.0,246.44782608695652,-67.57083333333334,-162.5,,2025-08-13,32
2025-08-13,33,2025-08-13T15:00:00Z,2025-08-14T15:44:57Z,66.1,66.1,False,N,0.0,-38.66498936661422,0.0,0.0,,,258.0002759166084,-304.63845971773753,0.0,7.85,258.0002759166084,-303.63845971773753,,7.85,2025-08-13,33
2025-08-13,34,2025-08-13T15:30:00Z,2025-08-14T16:14:30Z,65.45,65.45,False,N,0.0,-384.00416666666666,0.0,0.0,,,77.34765277777778,-461.57679,0.0,0.0,77.34765277777778,-460.57679,,,2025-08-13,34
2025-08-13,35,2025-08-13T16:00:00Z,2025-08-14T16:44:31Z,66.0,66.0,False,N,0.0,-44.24516883116883,0.0,0.0,,,27.708333333333332,-444.6978354978355,0.0,372.961,27.708333333333332,-443.6978354978355,,372.961,2025-08-13,35
2025-08-13,36,2025-08-13T16:30:00Z,2025-08-14T17:14:27Z,108.99,108.99,False,P,0.0,286.5673316666667,0.0,0.0,,,61.34999833333333,-228.055,0.0,453.489,61.34999833333333,-228.055,,452.489,2025-08-13,36
2025-08-13,37,2025-08-13T17:00:00Z,2025-08-14T17:44:34Z,130.0,130.0,False,P,0.0,217.13831055555556,0.0,0.0,130.0,1.0,1.3933583333333333,-635.1783561111112,0.0,850.75,1.3870040159653119,-635.1783561111112,,849.756354317368,2025-08-13,37
2025-08-13,38,2025-08-13T17:30:00Z,2025-08-14T18:14:28Z,130.0,130.0,False,P,0.0,213.67440476190475,0.0,0.0,130.0,1.0,104.15916666666666,-741.1639555110837,0.0,850.0,103.9472162083916,-741.1639555110837,,849.211950458275,2025-08-13,38
2025-08-13,39,2025-08-13T18:00:00Z,2025-08-14T18:44:42Z,72.85,72.85,False,N,0.0,-89.36592615079365,0.0,0.0,,,386.3726066666667,-1060.216170595238,0.0,584.0,386.3726066666667,-1059.216170595238,,584.0,2025-08-13,39
2025-08-13,40,2025-08-13T18:30:00Z,2025-08-14T19:14:34Z,66.5,66.5,False,N,0.0,-168.1638492063492,0.0,0.0,,,443.5083333333333,-1162.125238095238,0.0,550.0,443.5083333333333,-1161.125238095238,,550.0,2025-08-13,40
2025-08-13,41,2025-08-13T19:00:00Z,2025-08-14T19:44:29Z,66.4,66.4,False,N,0.0,-439.3910363751526,0.0,0.0,,,443.5438601984127,-1583.2285363751525,0.0,700.0,443.5438601984127,-1582.2285363751525,,700.0,2025-08-13,41
2025-08-13,42,2025-08-13T19:30:00Z,2025-08-14T20:14:26Z,66.5,66.5,False,N,0.0,-49.93196743071743,0.0,0.0,,,443.5,-1194.1194674307173,0.0,700.0,443.5,-1193.1194674307173,,700.0,2025-08-13,42
2025-08-13,43,2025-08-13T20:00:00Z,2025-08-14T20:44:34Z,66.5,66.5,False,N,0.0006,-53.062393162393164,0.0,0.0,,,443.5861111111111,-897.0207264957265,0.0,400.0,443.5861111111111,-896.0207264957265,,400.0,2025-08-13,43
2025-08-13,44,2025-08-13T20:30:00Z,2025-08-14T21:14:41Z,104.26,104.26,False,P,0.0,84.98461538461538,0.0,0.0,,,453.28333333333336,-768.248717948718,0.0,400.0,453.28333333333336,-768.248717948718,,399.0,2025-08-13,44
2025-08-13,45,2025-08-13T21:00:00Z,2025-08-14T21:44:29Z,93.13013333333333,93.13013333333333,False,P,0.0,54.12222222222222,0.0,0.0,,,580.0,-925.6777777777778,0.0,400.0,580.0,-925.6777777777778,,399.0,2025-08-13,45
2025-08-13,46,2025-08-13T21:30:00Z,2025-08-14T22:14:35Z,93.31008695652174,93.31008695652174,False,P,0.0,63.84181926892552,0.0,0.0,,,801.1333381944445,-1137.0338703144077,0.0,400.0,801.1333381944445,-1137.0338703144077,,399.0,2025-08-13,46
2025-08-13,47,2025-08-13T22:00:00Z,2025-08-14T22:44:30Z,65.52,65.52,False,N,0.0,-390.9153575591076,0.0,0.0,,,886.4416666666667,-1277.3570242257742,0.0,0.0,886.4416666666667,-1276.3570242257742,,,2025-08-13,47
2025-08-13,48,2025-08-13T22:30:00Z,2025-08-14T23:14:33Z,66.2,66.2,False,N,0.0,-143.9748244358302,0.0,0.0,,,884.5931690078928,-1123.2178750391952,0.0,94.631,884.5931690078928,-1122.2178750391952,,94.631,2025-08-13,48
2025-08-14,1,2025-08-13T23:00:00Z,2025-08-14T23:44:30Z,97.65,97.65,False,P,0.0,5.552459554334554,0.0,0.0,,,895.0337301587301,-995.4012706043956,0.0,105.92,894.0337301587301,-995.4012706043956,,105.92,2025-08-14,1
2025-08-14,2,2025-08-13T23:30:00Z,2025-08-15T00:14:35Z,66.16,66.16,False,N,0.0,-168.85618886800333,0.0,0.0,,,613.3237529761905,-800.4287444235589,0.0,18.267,613.3237529761905,-799.4287444235589,,18.267,2025-08-14,2
2025-08-14,3,2025-08-14T00:00:00Z,2025-08-15T00:44:32Z,66.22,66.22,False,N,0.0,-18.60921430659983,0.0,0.0,,,342.515925229741,-452.1932143065998,0.0,91.084,342.515925229741,-451.1932143065998,,91.084,2025-08-14,3
2025-08-14,4,2025-08-14T00:30:00Z,2025-08-15T01:14:28Z,66.16374442763336,66.16374442763336,False,N,0.0,-73.35065476190476,0.0,0.0,66.17975,1.0,267.1201388888889,-340.5589880952381,0.0,0.0,267.1201388888889,-339.5589880952381,,,2025-08-14,4
2025-08-14,5,2025-08-14T01:00:00Z,2025-08-15T01:44:26Z,66.2,66.2,False,N,0.0,-151.8330175,0.0,0.0,,,213.6946903611111,-365.93719111111113,0.0,0.0,213.6946903611111,-364.93719111111113,,,2025-08-14,5
2025-08-14,6,2025-08-14T01:30:00Z,2025-08-15T02:14:36Z,66.16,66.16,False,N,0.0,-214.09989513888888,0.0,0.0,,,227.51634652777778,-441.8742548611111,0.0,0.0,227.51634652777778,-440.8742548611111,,,2025-08-14,6
2025-08-14,7,2025-08-14T02:00:00Z,2025-08-15T02:44:26Z,66.2,66.2,False,N,0.0,-121.81,0.0,0.0,,,210.0075,-332.04333333333335,0.0,0.0,210.0075,-331.04333333333335,,,2025-08-14,7
2025-08-14,8,2025-08-14T02:30:00Z,2025-08-15T03:14:31Z,66.2,66.2,False,N,0.0,-215.02020526695526,0.0,0.0,,,223.74166666666667,-454.56820526695526,0.0,15.773,223.74166666666667,-453.56820526695526,,15.773,2025-08-14,8
2025-08-14,9,2025-08-14T03:00:00Z,2025-08-15T03:44:27Z,66.16,66.16,False,N,0.0,-398.5910119047619,0.0,0.0,,,210.8672222222222,-746.1137896825397,0.0,136.5,210.8672222222222,-745.1137896825397,,136.5,2025-08-14,9
2025-08-14,10,2025-08-14T03:30:00Z,2025-08-15T04:14:25Z,66.17,66.17,False,N,0.0,-180.06220089285713,0.0,0.0,,,363.1279075,-545.5006139630053,0.0,2.161,363.1279075,-544.5006139630053,,2.161,2025-08-14,10
2025-08-14,11,2025-08-14T04:00:00Z,2025-08-15T04:44:34Z,66.2,66.2,False,N,0.0,-48.85138888888889,0.0,0.0,,,210.0,-259.7763888888889,0.0,0.0,210.0,-258.7763888888889,,,2025-08-14,11
2025-08-14,12,2025-08-14T04:30:00Z,2025-08-15T05:14:56Z,99.5,99.5,False,P,0.0,35.534367705905204,0.0,0.0,,,216.49423194444444,-333.12929896076145,0.0,151.972,215.49423194444444,-333.12929896076145,,151.972,2025-08-14,12
2025-08-14,13,2025-08-14T05:00:00Z,2025-08-15T05:44:40Z,66.2,66.2,False,N,0.0,-6.3423106060606065,0.0,0.0,,,212.68333333333334,-233.4150883838384,0.0,13.845,212.68333333333334,-232.4150883838384,,13.845,2025-08-14,13
2025-08-14,14,2025-08-14T05:30:00Z,2025-08-15T06:14:35Z,104.5,104.5,False,P,0.0,90.68112456108706,0.0,0.0,,,210.43333333333334,-164.0925421055796,0.0,43.882,209.43333333333334,-164.0925421055796,,43.882,2025-08-14,14
2025-08-14,15,2025-08-14T06:00:00Z,2025-08-15T06:44:32Z,66.22,66.22,False,N,0.0,-4.9088904614367115,0.0,0.0,,,292.36881569444444,-447.7571915725478,0.0,150.594,292.36881569444444,-446.7571915725478,,150.594,2025-08-14,15
2025-08-14,16,2025-08-14T06:30:00Z,2025-08-15T07:14:35Z,109.5,109.5,False,P,0.0,107.83573994132958,0.0,0.0,,,248.96020896910736,-215.18856561422598,0.0,73.7,247.96020896910736,-215.18856561422598,,73.7,2025-08-14,16
2025-08-14,17,2025-08-14T07:00:00Z,2025-08-15T07:44:30Z,66.22,66.22,False,N,0.0,-27.502151851851853,0.0,0.0,,,242.50833333333333,-276.83831435185186,0.0,7.106,242.50833333333333,-275.83831435185186,,7.106,2025-08-14,17
2025-08-14,18,2025-08-14T07:30:00Z,2025-08-15T08:14:41Z,66.22,66.22,False,N,0.0,-107.02329545454545,0.0,0.0,,,229.82045454545454,-336.84375,0.0,0.0,229.82045454545454,-335.84375,,,2025-08-14,18
2025-08-14,19,2025-08-14T08:00:00Z,2025-08-15T08:44:40Z,66.2,66.2,False,N,0.0,-436.42524444444444,0.0,0.0,,,141.5113525925926,-477.92524444444444,-100.0,0.0,141.5113525925926,-476.92524444444444,-100.0,,2025-08-14,19
2025-08-14,20,2025-08-14T08:30:00Z,2025-08-15T09:14:39Z,58.279615596153924,58.279615596153924,False,N,0.0,-544.7243083333333,0.0,0.0,58.47000025,1.0,0.33809541666666665,-445.2790704166667,-100.0,0.0,0.33809541666666665,-444.2790704166667,-100.0,,2025-08-14,20
2025-08-14,21,2025-08-14T09:00:00Z,2025-08-15T09:44:29Z,55.76701320184127,55.76701320184127,False,N,0.0,-551.1747237245233,0.0,0.0,,,2.339027777777778,-353.44180562034296,-200.0,0.0,2.339027777777778,-353.2034722870096,-199.23833333333334,,2025-08-14,21
2025-08-14,22,2025-08-14T09:30:00Z,2025-08-15T10:14:36Z,55.97,55.97,False,N,0.0,-314.7440894885078,0.0,0.0,,,44.812879736901316,-169.4554889693529,-200.0,9.75,44.812879736901316,-169.4554889693529,-199.0,9.75,2025-08-14,22
2025-08-14,23,2025-08-14T10:00:00Z,2025-08-15T10:44:39Z,66.28,66.28,False,N,0.0,-211.7414351851852,0.0,0.0,66.28,1.0,105.00208333333333,-120.13490740740741,-200.0,3.35,105.00208333333333,-119.56773679947473,-199.56717060793267,3.35,2025-08-14,23
2025-08-14,24,2025-08-14T10:30:00Z,2025-08-15T11:14:39Z,43.82,43.82,False,N,0.0,-199.7473573313492,0.0,0.0,,,116.06934211309523,-115.80003277777777,-200.0,0.0,116.06934211309523,-115.80003277777777,-199.0,,2025-08-14,24
2025-08-14,25,2025-08-14T11:00:00Z,2025-08-15T11:44:38Z,54.192265709288364,54.192265709288364,False,N,0.0,-178.89948412698413,0.0,0.0,54.44166666666667,1.0,187.30357142857142,-141.42805555555555,-225.0,0.0,187.30357142857142,-140.8685570297561,-224.55949852579946,,2025-08-14,25
2025-08-14,26,2025-08-14T11:30:00Z,2025-08-15T12:14:42Z,35.0,35.0,False,N,0.0,-385.0398148148148,0.0,0.0,35.0,1.0,200.0,-360.27314814814815,-225.0,0.0,200.0,-359.96280332056193,-224.31034482758622,,2025-08-14,26
2025-08-14,27,2025-08-14T12:00:00Z,2025-08-15T12:44:28Z,60.0,60.0,False,N,0.0,-270.43212340491755,0.0,0.0,,,200.06805555555556,-295.6001789604731,-175.0,0.0,200.06805555555556,-294.6001789604731,-175.0,,2025-08-14,27
2025-08-14,28,2025-08-14T12:30:00Z,2025-08-15T13:14:29Z,65.24,65.24,False,N,0.0,-47.348055555555554,0.0,0.0,,,243.187315,-115.76898166666666,-175.0,0.0,243.187315,-114.76898166666666,-175.0,,2025-08-14,28
2025-08-14,29,2025-08-14T13:00:00Z,2025-08-15T13:44:33Z,94.35,94.35,False,P,0.0,16.508796296296296,0.0,0.0,,,220.0,-28.491203703703704,-175.0,0.0,219.0,-28.491203703703704,-175.0,,2025-08-14,29
2025-08-14,30,2025-08-14T13:30:00Z,2025-08-15T14:14:24Z,65.24,65.24,False,N,0.0,-115.97897810185185,0.0,0.0,,,200.00001111111112,-141.17198921296296,-175.0,0.0,200.00001111111112,-140.17198921296296,-175.0,,2025-08-14,30
2025-08-14,31,2025-08-14T14:00:00Z,2025-08-15T14:44:32Z,61.2,61.2,False,N,0.0,-206.40208125,0.0,0.0,,,198.775,-280.3587479166667,-125.0,0.0,198.775,-280.3587479166667,-124.0,,2025-08-14,31
2025-08-14,32,2025-08-14T14:30:00Z,2025-08-15T15:14:38Z,60.0,60.0,False,N,0.0,-599.9401096560847,0.0,0.0,,,182.6,-658.0827019246032,-125.0,0.0,182.6,-657.0827019246032,-125.0,,2025-08-14,32
2025-08-14,33,2025-08-14T15:00:00Z,2025-08-15T15:44:26Z,65.24,65.24,False,N,0.0,-512.6221559744268,0.0,0.0,,,141.7,-680.0321559744268,0.0,25.66,141.7,-679.0321559744268,,25.66,2025-08-14,33
2025-08-14,34,2025-08-14T15:30:00Z,2025-08-15T16:14:30Z,66.2,66.2,False,N,0.0,-422.917235990861,0.0,0.0,66.2,1.0,16.2719696969697,-439.46387235449737,0.0,0.233,16.2719696969697,-438.46387235449737,,0.233,2025-08-14,34
2025-08-14,35,2025-08-14T16:00:00Z,2025-08-15T16:44:32Z,86.0,86.0,False,P,0.0,201.2900418121693,0.0,0.0,,,161.01159110119048,-403.7629640112434,0.0,444.144,161.01159110119048,-403.7629640112434,,443.144,2025-08-14,35
2025-08-14,36,2025-08-14T16:30:00Z,2025-08-15T17:14:32Z,88.5,88.5,False,P,0.0,341.36646753156566,0.0,0.0,,,371.40554381944446,-503.61326869913665,0.0,473.957,371.40554381944446,-503.61326869913665,,472.957,2025-08-14,36
2025-08-14,37,2025-08-14T17:00:00Z,2025-08-15T17:44:24Z,148.45,148.45,False,P,0.0,337.5999898989899,0.0,0.0,,,173.2927778030303,-705.0937882575757,0.0,869.626,173.2927778030303,-705.0937882575757,,868.626,2025-08-14,37
2025-08-14,38,2025-08-14T17:30:00Z,2025-08-15T18:14:29Z,68.38,68.38,False,N,0.0,-88.48594231060606,0.0,0.0,,,174.56666666666666,-1125.2456089772727,0.0,862.193,174.56666666666666,-1124.2456089772727,,862.193,2025-08-14,38
2025-08-14,39,2025-08-14T18:00:00Z,2025-08-15T18:44:27Z,119.0,119.0,False,P,0.0,15.259333333333334,0.0,0.0,,,223.06666666666666,-1070.0166666666667,0.0,862.201,223.06666666666666,-1070.0166666666667,,861.201,2025-08-14,39
2025-08-14,40,2025-08-14T18:30:00Z,2025-08-15T19:14:28Z,162.4,162.4,False,P,0.0,229.31016472222223,0.0,0.0,,,226.50000111111112,-816.2458363888888,0.0,819.206,226.50000111111112,-816.2458363888888,,818.206,2025-08-14,40
2025-08-14,41,2025-08-14T19:00:00Z,2025-08-15T19:44:24Z,117.15,117.15,False,P,0.0,285.6242183333333,0.0,0.0,,,340.789885,-610.4732197222222,0.0,555.351,340.789885,-610.4732197222222,,554.351,2025-08-14,41
2025-08-14,42,2025-08-14T19:30:00Z,2025-08-15T20:14:29Z,117.15,117.15,False,P,0.0,189.48499430555555,0.0,0.0,,,347.4643595833333,-702.5949208333334,0.0,545.0,347.4643595833333,-702.5949208333334,,544.0,2025-08-14,42
2025-08-14,43,2025-08-14T20:00:00Z,2025-08-15T20:44:37Z,131.27,131.27,False,P,0.0,152.274283829137,0.0,0.0,,,721.2788514162562,-655.9363177499935,0.0,86.744,720.2788514162562,-655.9363177499935,,86.744,2025-08-14,43
2025-08-14,44,2025-08-14T20:30:00Z,2025-08-15T21:14:35Z,135.0,135.0,False,P,0.0,118.92577684523809,0.0,0.0,,,694.9224197023809,-633.9676592261904,0.0,58.123,693.9224197023809,-633.9676592261904,,58.123,2025-08-14,44
2025-08-14,45,2025-08-14T21:00:00Z,2025-08-15T21:44:23Z,60.441011520924654,60.441011520924654,False,N,0.0,-163.40497021825396,0.0,0.0,60.50266666666667,1.0,493.1625061111111,-785.9279761904762,0.0,128.823,493.1625061111111,-784.9279761904762,,128.823,2025-08-14,45
2025-08-14,46,2025-08-14T21:30:00Z,2025-08-15T22:14:28Z,89.57,89.57,False,N,0.0,-191.58498765873017,0.0,0.0,89.57,0.0,455.4213456746032,-777.1272973611111,0.0,129.827,455.4213456746032,-776.1272973611111,,129.827,2025-08-14,46
2025-08-14,47,2025-08-14T22:00:00Z,2025-08-15T22:44:28Z,64.94876949274898,64.94876949274898,False,N,0.0,-153.22051066506907,0.0,0.0,64.9725,1.0,415.0491097708365,-582.0821722402025,0.0,13.606,415.0491097708365,-581.0821722402025,,13.606,2025-08-14,47
2025-08-14,48,2025-08-14T22:30:00Z,2025-08-15T23:14:29Z,101.0,101.0,False,P,0.0,26.541427883597883,0.0,0.0,,,586.542076031746,-593.771457910053,0.0,33.46,585.542076031746,-593.771457910053,,33.46,2025-08-14,48
2025-08-15,1,2025-08-14T23:00:00Z,2025-08-15T23:44:30Z,66.26,66.26,False,N,0.0,-115.63864351851852,0.0,0.0,66.26,1.0,412.9142361111111,-637.0025462962963,0.0,107.933,412.9142361111111,-636.0025462962963,,107.933,2025-08-15,1
2025-08-15,2,2025-08-14T23:30:00Z,2025-08-16T00:14:30Z,66.33,66.33,False,N,0.0,-190.09047938172043,0.0,0.0,66.33,1.0,407.22913902777776,-597.4840597167237,0.0,0.0,407.22913902777776,-596.4840597167237,,,2025-08-15,2
2025-08-15,3,2025-08-15T00:00:00Z,2025-08-16T00:44:21Z,66.33,66.33,False,N,0.0,-222.86666666666667,0.0,0.0,66.33,1.0,411.44166666666666,-634.525,0.0,0.0,411.44166666666666,-633.525,,,2025-08-15,3
2025-08-15,4,2025-08-15T00:30:00Z,2025-08-16T01:14:28Z,73.92,73.92,False,N,0.0,-129.91666666666666,0.0,0.0,73.92,0.0,513.5916666666667,-643.5083333333333,0.0,0.0,513.5916666666667,-642.5083333333333,,,2025-08-15,4
2025-08-15,5,2025-08-15T01:00:00Z,2025-08-16T01:44:28Z,65.0,65.0,False,N,0.0,-47.583333333333336,0.0,0.0,,,598.75,-646.3333333333334,0.0,0.0,598.75,-645.3333333333334,,,2025-08-15,5
2025-08-15,6,2025-08-15T01:30:00Z,2025-08-16T02:14:35Z,96.0,96.0,False,P,0.0,66.78333333333333,0.0,0.0,,,667.8833333333333,-600.8833333333333,0.0,0.0,666.8833333333333,-600.8833333333333,,,2025-08-15,6
2025-08-15,7,2025-08-15T02:00:00Z,2025-08-16T02:44:34Z,95.6,95.6,False,P,0.0,30.025,0.0,0.0,,,578.2166666666667,-548.5666666666667,0.0,0.0,577.2166666666667,-548.5666666666667,,,2025-08-15,7
2025-08-15,8,2025-08-15T02:30:00Z,2025-08-16T03:14:32Z,79.67,79.67,False,N,0.0,-13.986363636363636,0.0,0.0,79.67,0.0,491.2886363636364,-505.23333333333335,0.0,0.0,491.2886363636364,-504.23333333333335,,,2025-08-15,8
2025-08-15,9,2025-08-15T03:00:00Z,2025-08-16T03:44:30Z,66.26,66.26,False,N,0.0,-168.77554112554114,0.0,0.0,66.26,1.0,310.11136363636365,-478.88690476190476,0.0,0.0,310.11136363636365,-477.88690476190476,,,2025-08-15,9
2025-08-15,10,2025-08-15T03:30:00Z,2025-08-16T04:14:31Z,63.5,63.5,False,N,0.0,-301.82559687246214,0.0,0.0,63.5,1.0,315.25833337051876,-617.2672635391289,0.0,0.0,315.25833337051876,-616.2672635391289,,,2025-08-15,10
2025-08-15,11,2025-08-15T04:00:00Z,2025-08-16T04:44:29Z,60.0,60.0,False,N,0.0,-290.3958333333333,0.0,0.0,60.0,1.0,390.44166666666666,-681.1041666666666,0.0,0.0,390.44166666666666,-680.1041666666666,,,2025-08-15,11
2025-08-15,12,2025-08-15T04:30:00Z,2025-08-16T05:14:28Z,65.25,65.25,False,N,0.0,-142.42500333333334,0.0,0.0,,,464.55555555555554,-607.0555588888889,0.0,0.0,464.55555555555554,-606.0555588888889,,,2025-08-15,12
2025-08-15,13,2025-08-15T05:00:00Z,2025-08-16T05:44:30Z,65.25,65.25,False,N,0.0,-246.71666277777777,0.0,0.0,,,492.5083333333333,-639.3333294444444,-100.0,0.0,492.5083333333333,-638.3333294444444,-100.0,,2025-08-15,13
2025-08-15,14,2025-08-15T05:30:00Z,2025-08-16T06:14:37Z,65.69,65.69,False,N,0.0,-167.15416666666667,0.0,0.0,65.69,1.0,612.6757430092362,-680.1882430092361,-100.0,0.0,612.6757430092362,-679.1882430092361,-100.0,,2025-08-15,14
2025-08-15,15,2025-08-15T06:00:00Z,2025-08-16T06:44:30Z,66.34,66.34,False,N,0.0,-302.6111252136752,0.0,0.0,,,586.8500020833334,-732.6650627136752,-250.0,93.687,586.8500020833334,-731.6650627136752,-250.0,93.687,2025-08-15,15
2025-08-15,16,2025-08-15T06:30:00Z,2025-08-16T07:14:26Z,69.62,69.62,False,N,0.0,-263.57371923076926,0.0,0.0,,,772.1387719444444,-787.4570458974359,-250.0,1.514,772.1387719444444,-786.4570458974359,-250.0,1.514,2025-08-15,16
2025-08-15,17,2025-08-15T07:00:00Z,2025-08-16T07:44:29Z,63.30643382304612,63.30643382304612,False,N,0.0,-467.54890512468484,0.0,0.0,63.962833333333336,1.0,645.9914930388939,-863.776214135801,-250.0,0.0,645.9914930388939,-862.776214135801,-250.0,,2025-08-15,17
2025-08-15,18,2025-08-15T07:30:00Z,2025-08-16T08:14:33Z,75.03013273836903,75.03013273836903,False,N,0.0,-112.20538893518518,0.0,0.0,76.9995744680851,0.7180555555555556,858.1647499537037,-720.3591892592592,-250.0,0.0,858.1647499537037,-720.0078003703703,-249.3513888888889,,2025-08-15,18
2025-08-15,19,2025-08-15T08:00:00Z,2025-08-16T08:44:30Z,97.1,97.1,False,P,0.0,51.570513432539684,0.0,0.0,,,865.6685234325397,-564.5220975,-250.0,0.0,864.6685234325397,-564.5220975,-250.0,,2025-08-15,19
2025-08-15,20,2025-08-15T08:30:00Z,2025-08-16T09:14:32Z,64.77,64.77,False,N,0.0,-106.33983837698413,0.0,0.0,,,694.8659015674604,-551.7752485555555,-250.0,0.0,694.8659015674604,-550.7752485555555,-250.0,,2025-08-15,20
2025-08-15,21,2025-08-15T09:00:00Z,2025-08-16T09:44:30Z,57.59,57.59,False,N,0.0,-18.100591785714286,0.0,0.0,,,702.20750375,-470.5348805357143,-250.0,0.0,702.20750375,-469.5348805357143,-250.0,,2025-08-15,21
2025-08-15,22,2025-08-15T09:30:00Z,2025-08-16T10:14:33Z,57.59,57.59,False,N,0.0,-88.18093139771263,0.0,0.0,,,674.493881657843,-513.2438762555671,-250.0,0.0,674.493881657843,-512.2438762555671,-250.0,,2025-08-15,22
2025-08-15,23,2025-08-15T10:00:00Z,2025-08-16T10:44:29Z,56.24599896702047,56.24599896702047,False,N,0.0,-185.72977134510472,0.0,0.0,56.785,1.0,550.0200808049202,-485.7168386919708,-250.0,0.0,550.0200808049202,-484.7168386919708,-250.0,,2025-08-15,23
2025-08-15,24,2025-08-15T10:30:00Z,2025-08-16T11:14:29Z,65.25,65.25,False,N,0.0,-325.62896825396825,0.0,0.0,65.25,1.0,364.525,-440.2373015873016,-250.0,0.0,364.525,-439.2373015873016,-250.0,,2025-08-15,24
2025-08-15,25,2025-08-15T11:00:00Z,2025-08-16T11:44:30Z,32.5,32.5,False,N,0.0,-290.3044486111111,0.0,0.0,,,263.60277666666667,-553.8527933333334,0.0,0.0,263.60277666666667,-552.8527933333334,,,2025-08-15,25
2025-08-15,26,2025-08-15T11:30:00Z,2025-08-16T12:14:34Z,47.748261469965776,47.748261469965776,False,N,0.0,-439.10297969771244,0.0,0.0,48.844,1.0,159.10575902777776,-597.8335296977124,0.0,0.0,159.10575902777776,-596.8335296977124,,,2025-08-15,26
2025-08-15,27,2025-08-15T12:00:00Z,2025-08-16T12:44:30Z,63.35,63.35,False,N,0.0,-201.05149402777778,0.0,0.0,63.35,0.0,308.74872597222225,-509.5903984722222,0.0,0.0,308.74872597222225,-508.5903984722222,,,2025-08-15,27
2025-08-15,28,2025-08-15T12:30:00Z,2025-08-16T13:14:26Z,92.0,92.0,False,P,0.0,49.811181998531744,0.0,0.0,,,383.55284866519844,-333.29332299059524,0.0,0.0,382.55284866519844,-333.29332299059524,,,2025-08-15,28
2025-08-15,29,2025-08-15T13:00:00Z,2025-08-16T13:44:33Z,51.21,51.21,False,N,0.0,-70.55615833333333,0.0,0.0,51.21,1.0,366.6018986111111,-331.00389126068376,-150.0,43.793,366.6018986111111,-330.00389126068376,-150.0,43.793,2025-08-15,29
2025-08-15,30,2025-08-15T13:30:00Z,2025-08-16T14:14:29Z,91.58,91.58,False,P,0.0,5.6542042333878,0.0,0.0,,,456.84219194444444,-347.14955579794054,-150.0,46.307,455.84219194444444,-347.14955579794054,-150.0,46.307,2025-08-15,30
2025-08-15,31,2025-08-15T14:00:00Z,2025-08-16T14:44:32Z,94.0,94.0,False,P,0.0,88.34664094276094,0.0,0.0,,,840.2944557575757,-437.2664814814815,-380.0,65.467,839.2944557575757,-437.2664814814815,-380.0,65.467,2025-08-15,31
2025-08-15,32,2025-08-15T14:30:00Z,2025-08-16T15:14:24Z,94.0,94.0,False,P,0.0,104.07209599506974,0.0,0.0,,,862.6834441035354,-397.6132521362434,-380.0,18.799,861.6834441035354,-397.6132521362434,-380.0,18.799,2025-08-15,32
2025-08-15,33,2025-08-15T15:00:00Z,2025-08-16T15:44:29Z,57.59,57.59,False,N,0.0,-145.95167760699096,0.0,0.0,,,476.9233233652313,-373.00208430555557,-250.0,0.0,476.9233233652313,-372.00208430555557,-250.0,,2025-08-15,33
2025-08-15,34,2025-08-15T15:30:00Z,2025-08-16T16:14:28Z,72.03,72.03,False,N,0.0,-210.83631277777778,0.0,0.0,72.03,0.0,338.5876872222222,-350.08282444444444,-250.0,50.676,338.5876872222222,-349.8682029714931,-249.21462147295136,50.676,2025-08-15,34
2025-08-15,35,2025-08-15T16:00:00Z,2025-08-16T16:44:28Z,72.32,72.32,False,N,0.0,-71.09606193102935,0.0,0.0,,,447.8496602911929,-366.243010327374,-300.0,147.344,447.8496602911929,-366.243010327374,-299.0,147.344,2025-08-15,35
2025-08-15,36,2025-08-15T16:30:00Z,2025-08-16T17:14:36Z,83.0,83.0,False,N,0.0,-35.66148178571429,0.0,0.0,83.0,0.1828626388888889,690.8306664087302,-435.02470569444444,-300.0,8.713,690.8306664087302,-435.0195779591476,-299.0051277352968,8.713,2025-08-15,36
2025-08-15,37,2025-08-15T17:00:00Z,2025-08-16T17:44:29Z,91.08,91.08,False,N,0.0,-316.78777105172196,0.0,0.0,91.08,0.0,429.28810154472586,-563.1114389988909,-300.0,117.093,429.28810154472586,-563.0584452517018,-299.05299374718913,117.093,2025-08-15,37
2025-08-15,38,2025-08-15T17:30:00Z,2025-08-16T18:14:28Z,97.5,97.5,False,N,0.0,-69.20974506944444,0.0,0.0,97.5,0.14333333333333334,728.429705406746,-557.1546260416667,-300.0,59.766,728.429705406746,-557.1525550423704,-299.0020709992963,59.766,2025-08-15,38
2025-08-15,39,2025-08-15T18:00:00Z,2025-08-16T18:44:37Z,107.69,107.69,False,N,0.0,-18.11394880952381,0.0,0.0,,,682.613373968254,-601.8828986111112,-150.0,51.13,682.613373968254,-601.8828986111112,-149.0,51.13,2025-08-15,39
2025-08-15,40,2025-08-15T18:30:00Z,2025-08-16T19:14:29Z,107.59,107.59,False,N,0.0,-67.03520236832613,0.0,0.0,,,572.3881527705628,-538.2155111625602,-150.0,49.0,572.3881527705628,-538.2155111625602,-149.0,49.0,2025-08-15,40
2025-08-15,41,2025-08-15T19:00:00Z,2025-08-16T19:44:35Z,61.25,61.25,False,N,0.0,-52.966,0.0,0.0,,,290.1423611111111,-438.5423611111111,0.0,95.559,290.1423611111111,-437.5423611111111,,95.559,2025-08-15,41
2025-08-15,42,2025-08-15T19:30:00Z,2025-08-16T20:14:28Z,61.25,61.25,False,N,0.0,-40.9507775,0.0,0.0,,,326.48811666666666,-383.85144972222224,0.0,16.357,326.48811666666666,-382.85144972222224,,16.357,2025-08-15,42
2025-08-15,43,2025-08-15T20:00:00Z,2025-08-16T20:44:41Z,62.81814004667617,62.81814004667617,False,N,0.0,-87.47375402777777,0.0,0.0,,,381.0163459722222,-476.35468058333333,0.0,7.693,381.0163459722222,-475.35468058333333,,7.693,2025-08-15,43
2025-08-15,44,2025-08-15T20:30:00Z,2025-08-16T21:14:26Z,61.25,61.25,False,N,0.0,-93.87255958333333,0.0,0.0,,,237.52123041666667,-447.5503929166667,0.0,115.907,237.52123041666667,-446.5503929166667,,115.907,2025-08-15,44
2025-08-15,45,2025-08-15T21:00:00Z,2025-08-16T21:44:31Z,58.9,58.9,False,N,0.0,-71.48611111111111,0.0,0.0,58.9,1.0,231.43682555555554,-303.18849222222224,0.0,0.0,231.43682555555554,-302.18849222222224,,,2025-08-15,45
2025-08-15,46,2025-08-15T21:30:00Z,2025-08-16T22:14:28Z,72.76,72.76,False,N,0.0,-7.080988577441078,0.0,0.0,,,287.7231502777778,-295.0386470959596,0.0,0.0,287.7231502777778,-294.0386470959596,,,2025-08-15,46
2025-08-15,47,2025-08-15T22:00:00Z,2025-08-16T22:44:32Z,98.0,98.0,False,P,0.0,22.967878725589227,0.0,0.0,,,557.9031633333333,-485.0487879410774,-50.0,0.0,556.9031633333333,-485.0487879410774,-50.0,,2025-08-15,47
2025-08-15,48,2025-08-15T22:30:00Z,2025-08-16T23:14:28Z,84.35,84.35,False,N,0.0,-18.602738234126985,0.0,0.0,,,616.1783333333333,-585.0819049007937,-50.0,0.0,616.1783333333333,-585.0819049007937,-49.0,,2025-08-15,48
2025-08-16,1,2025-08-15T23:00:00Z,2025-08-16T23:44:28Z,77.58,77.58,False,N,0.0,-28.402083333333334,0.0,0.0,,,790.15,-618.46875,-200.0,0.0,790.15,-618.46875,-199.0,,2025-08-16,1
2025-08-16,2,2025-08-15T23:30:00Z,2025-08-17T00:14:36Z,75.9,75.9,False,N,0.0,-66.42969117647058,0.0,0.0,,,790.1583333333333,-708.9633578431373,-200.0,52.367,790.1583333333333,-708.9633578431373,-199.0,52.367,2025-08-16,2
2025-08-16,3,2025-08-16T00:00:00Z,2025-08-17T00:44:28Z,66.41,66.41,False,N,0.0,-166.9127240873016,0.0,0.0,,,790.542732020875,-726.8207289484127,-350.0,119.333,790.542732020875,-726.8207289484127,-349.0,119.333,2025-08-16,3
2025-08-16,4,2025-08-16T00:30:00Z,2025-08-17T01:14:30Z,69.81,69.81,False,N,0.0,-40.17499708333333,0.0,0.0,,,808.916738452381,-630.1765588888888,-350.0,131.084,808.916738452381,-630.1765588888888,-349.0,131.084,2025-08-16,4
2025-08-16,5,2025-08-16T01:00:00Z,2025-08-17T01:44:40Z,95.75,95.75,False,P,0.0,135.26918752543753,0.0,0.0,,,705.3250008333333,-270.2455560643061,-300.0,0.0,704.3250008333333,-270.2455560643061,-300.0,,2025-08-16,5
2025-08-16,6,2025-08-16T01:30:00Z,2025-08-17T02:14:34Z,95.75,95.75,False,P,0.0,37.36425518925519,0.0,0.0,,,654.4166666666666,-317.06630036630037,-300.0,0.0,653.4166666666666,-317.06630036630037,-300.0,,2025-08-16,6
2025-08-16,7,2025-08-16T02:00:00Z,2025-08-17T02:44:25Z,62.6,62.6,False,N,0.0,-55.626488095238095,0.0,0.0,,,665.0,-484.0202380952381,-300.0,63.0,665.0,-483.0202380952381,-300.0,63.0,2025-08-16,7
2025-08-16,8,2025-08-16T02:30:00Z,2025-08-17T03:14:29Z,62.6,62.6,False,N,0.0,-37.34689153439153,0.0,0.0,,,665.0,-402.52189153439156,-300.0,0.0,665.0,-401.52189153439156,-300.0,,2025-08-16,8
2025-08-16,9,2025-08-16T03:00:00Z,2025-08-17T03:44:26Z,96.0,96.0,False,P,0.0,346.4152283597884,0.0,0.0,,,695.8001155555555,-49.393136084656085,-300.0,0.0,694.8001155555555,-49.393136084656085,-300.0,,2025-08-16,9
2025-08-16,10,2025-08-16T03:30:00Z,2025-08-17T04:14:32Z,62.6,62.6,False,N,0.0,-31.28262738095238,0.0,0.0,,,665.0002861111111,-396.5131829365079,-300.0,0.0,665.0002861111111,-395.5131829365079,-300.0,,2025-08-16,10
2025-08-16,11,2025-08-16T04:00:00Z,2025-08-17T04:44:24Z,61.55,61.55,False,N,0.0,-60.65810582010582,0.0,0.0,,,665.0,-474.2751058201058,-350.0,98.517,665.0,-473.2751058201058,-350.0,98.517,2025-08-16,11
2025-08-16,12,2025-08-16T04:30:00Z,2025-08-17T05:14:23Z,61.5,61.5,False,N,0.0,-85.98366666666666,0.0,0.0,,,665.0,-406.06666666666666,-350.0,5.083,665.0,-405.06666666666666,-350.0,5.083,2025-08-16,12
2025-08-16,13,2025-08-16T05:00:00Z,2025-08-17T05:44:30Z,61.5,61.5,False,N,0.0,-106.32142857142857,0.0,0.0,,,736.2833333333333,-392.6797619047619,-450.0,0.0,736.2833333333333,-391.6797619047619,-450.0,,2025-08-16,13
2025-08-16,14,2025-08-16T05:30:00Z,2025-08-17T06:14:25Z,60.15,60.15,False,N,0.0,-135.2007142857143,0.0,0.0,,,667.4,-352.8257142857143,-450.0,0.0,667.4,-351.8257142857143,-450.0,,2025-08-16,14
2025-08-16,15,2025-08-16T06:00:00Z,2025-08-17T06:44:25Z,67.43009900990099,67.43009900990099,False,N,0.0,-204.79809523809524,0.0,0.0,,,667.0458333333333,-571.9189285714285,-300.0,0.0,667.0458333333333,-571.9189285714285,-299.0,,2025-08-16,15
2025-08-16,16,2025-08-16T06:30:00Z,2025-08-17T07:14:26Z,72.55013333333333,72.55013333333333,False,N,0.0,-17.797619047619047,0.0,0.0,,,666.1416666666667,-384.18095238095236,-300.0,0.0,666.1416666666667,-384.18095238095236,-299.0,,2025-08-16,16
2025-08-16,17,2025-08-16T07:00:00Z,2025-08-17T07:44:24Z,106.95,106.95,False,P,0.0,115.49166666666666,0.0,0.0,,,670.2666666666667,-404.7,-150.0,0.0,669.2666666666667,-404.7,-150.0,,2025-08-16,17
2025-08-16,18,2025-08-16T07:30:00Z,2025-08-17T08:14:25Z,106.95,106.95,False,P,0.0,159.1904761904762,0.0,0.0,,,636.0416666666666,-327.05119047619047,-150.0,0.0,635.0416666666666,-327.05119047619047,-150.0,,2025-08-16,18
2025-08-16,19,2025-08-16T08:00:00Z,2025-08-17T08:44:27Z,111.25,111.25,False,P,0.0,273.4116357031034,0.0,0.0,,,553.634765515873,-130.09999996504536,-150.0,0.0,552.634765515873,-130.09999996504536,-150.0,,2025-08-16,19
2025-08-16,20,2025-08-16T08:30:00Z,2025-08-17T09:14:24Z,111.25,111.25,False,P,0.0,350.5715463389657,0.0,0.0,111.25,1.0,605.0243241167435,-104.1361111111111,-150.0,0.0,604.0243241167435,-104.1361111111111,-150.0,,2025-08-16,20
2025-08-16,21,2025-08-16T09:00:00Z,2025-08-17T09:44:30Z,111.78618551189825,111.78618551189825,False,P,0.0,402.69694444444445,0.0,0.0,111.745,1.0,650.8365277777777,-47.88125,-200.0,0.0,649.8365277777777,-47.88125,-200.0,,2025-08-16,21
2025-08-16,22,2025-08-16T09:30:00Z,2025-08-17T10:14:37Z,111.25,111.25,False,P,0.0,450.7051675925926,0.0,0.0,111.25,1.0,651.1593342592593,-0.19035208333333334,-200.0,0.0,650.1593342592593,-0.19035208333333334,-200.0,,2025-08-16,22
2025-08-16,23,2025-08-16T10:00:00Z,2025-08-17T10:44:23Z,109.45,109.45,False,P,0.0,296.94860949074075,0.0,0.0,,,548.5902761574074,-1.4784193055555555,-250.0,0.0,547.5902761574074,-1.4784193055555555,-250.0,,2025-08-16,23
2025-08-16,24,2025-08-16T10:30:00Z,2025-08-17T11:14:21Z,97.0,97.0,False,P,0.0,204.80154791666666,0.0,0.0,,,456.00988125,-1.03488125,-250.0,0.0,455.00988125,-1.03488125,-250.0,,2025-08-16,24
2025-08-16,25,2025-08-16T11:00:00Z,2025-08-17T11:44:25Z,97.0,97.0,False,P,0.0,218.86277777777778,0.0,0.0,,,419.67277777777775,-0.7311111111111112,-200.0,0.0,418.67277777777775,-0.7311111111111112,-200.0,,2025-08-16,25
2025-08-16,26,2025-08-16T11:30:00Z,2025-08-17T12:14:23Z,95.0,95.0,False,P,0.0,80.06111194444445,0.0,0.0,,,328.33503319444446,-48.501699027777775,-200.0,0.0,327.33503319444446,-48.501699027777775,-200.0,,2025-08-16,26
2025-08-16,27,2025-08-16T12:00:00Z,2025-08-17T12:44:23Z,62.0,62.0,False,N,0.0,-44.83627289377289,0.0,0.0,,,276.42321428571427,-103.00032051282051,-225.0,6.77,276.42321428571427,-102.00032051282051,-225.0,6.77,2025-08-16,27
2025-08-16,28,2025-08-16T12:30:00Z,2025-08-17T13:14:26Z,95.00549116403354,95.00549116403354,False,P,0.0,37.71678373015873,0.0,0.0,,,279.02488095238095,-51.001666666666665,-225.0,35.013,279.02109722222224,-51.001666666666665,-225.0,34.01678373015873,2025-08-16,28
2025-08-16,29,2025-08-16T13:00:00Z,2025-08-17T13:44:22Z,95.0,95.0,False,P,0.0,66.97895654761905,0.0,0.0,,,328.45651626984125,-11.242231848290599,-250.0,0.0,327.45651626984125,-11.242231848290599,-250.0,,2025-08-16,29
2025-08-16,30,2025-08-16T13:30:00Z,2025-08-17T14:14:26Z,96.46,96.46,False,P,0.0,154.73972875,0.0,0.0,,,356.8344138782051,-33.392730416666666,-250.0,81.406,355.8344138782051,-33.392730416666666,-250.0,81.406,2025-08-16,30
2025-08-16,31,2025-08-16T14:00:00Z,2025-08-17T14:44:31Z,103.0,103.0,False,P,0.0,309.2803354166667,0.0,0.0,,,513.5833354166666,-50.05833333333333,-275.0,120.847,512.5833354166666,-50.05833333333333,-275.0,120.847,2025-08-16,31
2025-08-16,32,2025-08-16T14:30:00Z,2025-08-17T15:14:34Z,103.0,103.0,False,P,0.0,263.98147861111113,0.0,0.0,,,529.0508248207885,-42.59599194444444,-275.0,52.814,528.0508248207885,-42.59599194444444,-275.0,52.814,2025-08-16,32
2025-08-16,33,2025-08-16T15:00:00Z,2025-08-17T15:44:32Z,103.9998943643374,103.9998943643374,False,P,0.0,90.77844444444445,0.0,0.0,,,301.6349802777778,-39.28414444444444,-300.0,128.419,301.6349802777778,-39.28414444444444,-300.0,127.419,2025-08-16,33
2025-08-16,34,2025-08-16T15:30:00Z,2025-08-17T16:14:30Z,128.0,128.0,False,P,0.0,91.49446710526315,0.0,0.0,,,448.9528125,-60.398351347117796,-300.0,2.547,447.9528125,-60.398351347117796,-300.0,2.547,2025-08-16,34
2025-08-16,35,2025-08-16T16:00:00Z,2025-08-17T16:44:43Z,118.8,118.8,False,P,0.0,41.221500416666665,0.0,0.0,,,558.1029379166666,-317.4368329166667,-200.0,0.0,557.1029379166666,-317.4368329166667,-200.0,,2025-08-16,35
2025-08-16,36,2025-08-16T16:30:00Z,2025-08-17T17:14:36Z,79.49650102968229,79.49650102968229,False,N,0.0,-3.036878306878307,0.0,0.0,,,558.9333333333333,-362.5118783068783,-200.0,0.0,558.9333333333333,-361.5118783068783,-200.0,,2025-08-16,36
2025-08-16,37,2025-08-16T17:00:00Z,2025-08-17T17:44:37Z,113.4119109903139,113.4119109903139,False,P,0.0,1.8025104293854295,0.0,0.0,,,359.84490819444443,-233.49795332061458,-125.0,0.0,358.84490819444443,-233.49795332061458,-125.0,,2025-08-16,37
2025-08-16,38,2025-08-16T17:30:00Z,2025-08-17T18:14:38Z,124.8,124.8,False,P,0.0,37.145307083333336,0.0,0.0,,,362.6929758333333,-200.7846384722222,-125.0,0.0,361.6929758333333,-200.7846384722222,-125.0,,2025-08-16,38
2025-08-16,39,2025-08-16T18:00:00Z,2025-08-17T18:44:37Z,124.8,124.8,False,P,0.0,35.278703703703705,0.0,0.0,,,358.51666666666665,-223.43796296296296,-100.0,0.0,357.51666666666665,-223.43796296296296,-100.0,,2025-08-16,39
2025-08-16,40,2025-08-16T18:30:00Z,2025-08-17T19:14:38Z,71.68,71.68,False,N,0.0,-145.8912037037037,0.0,0.0,,,358.7583333333333,-405.09537037037035,-100.0,0.0,358.7583333333333,-404.09537037037035,-100.0,,2025-08-16,40
2025-08-16,41,2025-08-16T19:00:00Z,2025-08-17T19:44:33Z,73.61,73.61,False,N,0.0,-81.22555833333334,0.0,0.0,,,379.03333333333336,-385.03916944444444,-75.0,0.0,379.03333333333336,-384.03916944444444,-75.0,,2025-08-16,41
2025-08-16,42,2025-08-16T19:30:00Z,2025-08-17T20:14:37Z,69.0,69.0,False,N,0.0,-166.75934357142856,0.0,0.0,,,358.5,-450.4176769047619,-75.0,0.0,358.5,-449.4176769047619,-75.0,,2025-08-16,42
2025-08-16,43,2025-08-16T20:00:00Z,2025-08-17T20:44:35Z,82.07,82.07,False,N,0.0,-6.171210231481481,0.0,0.0,,,346.3500002380952,-302.7045435648148,-50.0,0.0,346.3500002380952,-302.7045435648148,-49.0,,2025-08-16,43
2025-08-16,44,2025-08-16T20:30:00Z,2025-08-17T21:14:34Z,62.05,62.05,False,N,0.0,-155.994645,0.0,0.0,,,272.3126338888889,-378.7834688888889,-50.0,0.0,272.3126338888889,-377.7834688888889,-50.0,,2025-08-16,44
2025-08-16,45,2025-08-16T21:00:00Z,2025-08-17T21:44:33Z,5.0,5.0,False,N,0.0,-274.1666666666667,0.0,0.0,,,145.0,-394.78333333333336,-25.0,0.0,145.0,-393.78333333333336,-25.0,,2025-08-16,45
2025-08-16,46,2025-08-16T21:30:00Z,2025-08-17T22:14:35Z,62.0,62.0,False,N,0.0,-91.27355388888888,0.0,0.0,,,239.57777805555557,-306.44056208333336,-25.0,0.0,239.57777805555557,-305.44056208333336,-25.0,,2025-08-16,46
2025-08-16,47,2025-08-16T22:00:00Z,2025-08-17T22:44:35Z,98.75,98.75,False,P,0.0,262.7297649525609,0.0,0.0,98.75,1.0,397.98544344618057,-155.4973761817681,-100.0,120.0,396.98544344618057,-155.4973761817681,-100.0,120.0,2025-08-16,47
2025-08-16,48,2025-08-16T22:30:00Z,2025-08-17T23:14:37Z,98.75,98.75,False,P,0.0,192.66346354166666,0.0,0.0,98.75,1.0,477.6334635416667,-305.3534636708656,-100.0,120.0,476.6334635416667,-305.3534636708656,-100.0,120.0,2025-08-16,48
2025-08-17,1,2025-08-16T23:00:00Z,2025-08-17T23:44:37Z,98.75,98.75,False,P,0.0,251.6261111111111,0.0,0.0,98.75,1.0,498.75,-267.2655555555556,-100.0,120.0,497.75,-267.2655555555556,-100.0,120.0,2025-08-17,1
2025-08-17,2,2025-08-16T23:30:00Z,2025-08-18T00:14:39Z,82.51,82.51,False,P,0.0,38.31944444444444,0.0,0.0,82.51,0.0,398.0,-379.7388888888889,-100.0,120.0,397.0,-379.7388888888889,-100.0,120.0,2025-08-17,2
2025-08-17,3,2025-08-17T00:00:00Z,2025-08-18T00:44:41Z,82.98,82.98,False,P,0.0,64.97962546296296,0.0,0.0,82.98,0.0,398.0,-528.4703745370371,-150.0,345.0,397.0,-528.4703745370371,-150.0,345.0,2025-08-17,3
2025-08-17,4,2025-08-17T00:30:00Z,2025-08-18T01:14:47Z,82.76,82.76,False,P,0.0,21.155555555555555,0.0,0.0,82.76,0.0,398.0,-571.8444444444444,-150.0,345.0,397.0,-571.8444444444444,-150.0,345.0,2025-08-17,4
2025-08-17,5,2025-08-17T01:00:00Z,2025-08-18T01:44:35Z,61.1,61.1,False,N,0.0,-64.2077380952381,0.0,0.0,,,398.0,-632.3410714285715,-175.0,345.0,398.0,-631.3410714285715,-175.0,345.0,2025-08-17,5
2025-08-17,6,2025-08-17T01:30:00Z,2025-08-18T02:19:56Z,62.01,62.01,False,N,0.0,-11.651984126984127,0.0,0.0,,,398.0,-579.7769841269841,-175.0,345.0,398.0,-578.7769841269841,-175.0,345.0,2025-08-17,6
2025-08-17,7,2025-08-17T02:00:00Z,2025-08-18T02:44:26Z,74.12,74.12,False,P,0.0,25.81873494949495,0.0,0.0,74.12,0.0,461.18358527777775,-680.6065240782829,-100.0,345.0,460.18358527777775,-680.6065240782829,-100.0,345.0,2025-08-17,7
2025-08-17,8,2025-08-17T02:30:00Z,2025-08-18T03:14:23Z,65.33,65.33,False,N,0.0,-32.610416666666666,0.0,0.0,,,629.675,-907.36875,-100.0,345.0,629.675,-906.36875,-100.0,345.0,2025-08-17,8
2025-08-17,9,2025-08-17T03:00:00Z,2025-08-18T03:44:29Z,94.28268374479634,94.28268374479634,False,P,0.0,69.88038376984127,0.0,0.0,94.23991666666667,1.0,565.1016020833333,-740.3362828968254,-100.0,345.0,564.1016020833333,-740.3362828968254,-100.0,345.0,2025-08-17,9
2025-08-17,10,2025-08-17T03:30:00Z,2025-08-18T04:14:22Z,74.04,74.04,False,P,0.0,204.05240868748933,0.0,0.0,74.04,0.0,516.8916666666667,-557.8142579791773,-100.0,345.0,515.8916666666667,-557.8142579791773,-100.0,345.0,2025-08-17,10
2025-08-17,11,2025-08-17T04:00:00Z,2025-08-18T04:44:23Z,74.7,74.7,False,P,0.0,248.44751812468,0.0,0.0,74.7,0.0,508.1920433531746,-479.72748187532,-125.0,345.0,507.37456688356434,-479.72748187532,-125.0,344.81747646961026,2025-08-17,11
2025-08-17,12,2025-08-17T04:30:00Z,2025-08-18T05:14:25Z,76.13,76.13,False,P,0.0,279.2821319444445,0.0,0.0,76.13,0.0,508.0178569444444,-448.8762013888889,-125.0,345.0,507.2909934011642,-448.8762013888889,-125.0,344.7268635432803,2025-08-17,12
2025-08-17,13,2025-08-17T05:00:00Z,2025-08-18T05:44:26Z,74.12,74.12,False,P,0.0,161.28015873015872,0.0,0.0,74.12,0.0,508.0,-516.7198412698413,-175.0,345.0,507.0,-516.7198412698413,-175.0,345.0,2025-08-17,13
2025-08-17,14,2025-08-17T05:30:00Z,2025-08-18T06:14:30Z,94.0,94.0,False,P,0.0,122.38796296296296,0.0,0.0,94.0,1.0,529.1416666666667,-576.6787037037037,-175.0,345.0,528.1416666666667,-576.6787037037037,-175.0,345.0,2025-08-17,14
2025-08-17,15,2025-08-17T06:00:00Z,2025-08-18T06:44:31Z,61.2,61.2,False,N,0.0,-47.438008658008656,0.0,0.0,,,524.9416666666667,-642.2296753246753,-275.0,345.0,524.9416666666667,-641.2296753246753,-275.0,345.0,2025-08-17,15
2025-08-17,16,2025-08-17T06:30:00Z,2025-08-18T07:14:28Z,77.96,77.96,False,P,0.0,5.483333333333333,0.0,0.0,77.96,0.0,493.9583333333333,-558.65,-275.0,345.0,492.9583333333333,-558.65,-275.0,345.0,2025-08-17,16
2025-08-17,17,2025-08-17T07:00:00Z,2025-08-18T07:44:28Z,61.2,61.2,False,N,0.0,-55.80692139650473,0.0,0.0,,,530.65,-461.66525472983807,-125.0,0.0,530.65,-460.66525472983807,-125.0,,2025-08-17,17
2025-08-17,18,2025-08-17T07:30:00Z,2025-08-18T08:14:30Z,61.1,61.1,False,N,0.0,-191.4378787878788,0.0,0.0,,,702.5333333333333,-769.2712121212121,-125.0,0.0,702.5333333333333,-768.2712121212121,-125.0,,2025-08-17,18
2025-08-17,19,2025-08-17T08:00:00Z,2025-08-18T08:44:21Z,65.06,65.06,False,N,0.0,-0.1159345312095312,0.0,0.0,,,649.2083333333334,-525.1492678645428,-125.0,0.0,649.2083333333334,-525.0333333333333,-125.0,,2025-08-17,19
2025-08-17,20,2025-08-17T08:30:00Z,2025-08-18T09:14:41Z,61.2,61.2,False,N,0.0,-169.33268033234128,0.0,0.0,,,655.42,-700.0110136656746,-125.0,0.0,655.42,-699.0110136656746,-125.0,,2025-08-17,20
2025-08-17,21,2025-08-17T09:00:00Z,2025-08-18T09:44:28Z,61.1,61.1,False,N,0.0,-231.96099541666666,0.0,0.0,,,793.4544529166667,-775.78875,-250.0,0.0,793.4544529166667,-774.78875,-250.0,,2025-08-17,21
2025-08-17,22,2025-08-17T09:30:00Z,2025-08-18T10:14:28Z,61.05,61.05,False,N,0.0,-414.5639058226496,0.0,0.0,,,800.0,-964.8722391559829,-250.0,0.0,800.0,-963.8722391559829,-250.0,,2025-08-17,22
2025-08-17,23,2025-08-17T10:00:00Z,2025-08-18T10:44:30Z,50.0,50.0,False,N,0.0,-341.33208995726494,0.0,0.0,,,800.0,-941.6820899572649,-200.0,0.0,800.0,-940.6820899572649,-200.0,,2025-08-17,23
2025-08-17,24,2025-08-17T10:30:00Z,2025-08-18T11:14:26Z,55.0,55.0,False,N,0.0,-176.36900192996967,0.0,0.0,,,802.8333333333334,-779.3106685966363,-200.0,0.0,802.8333333333334,-778.3106685966363,-200.0,,2025-08-17,24
2025-08-17,25,2025-08-17T11:00:00Z,2025-08-18T11:44:23Z,48.0,48.0,False,N,0.0,-45.03467809139785,0.0,0.0,,,712.0,-82.53738642473118,-675.0,0.0,712.0,-81.53738642473118,-675.0,,2025-08-17,25
2025-08-17,26,2025-08-17T11:30:00Z,2025-08-18T12:14:24Z,57.08,57.08,False,P,0.0,37.0,0.0,0.0,57.08,0.0,712.0,0.0,-675.0,0.0,711.0,0.0,-675.0,,2025-08-17,26
2025-08-17,27,2025-08-17T12:00:00Z,2025-08-18T12:44:38Z,53.4,53.4,False,P,0.0,37.0,0.0,0.0,53.4,0.0,712.0,0.0,-675.0,0.0,711.0,0.0,-675.0,,2025-08-17,27
2025-08-17,28,2025-08-17T12:30:00Z,2025-08-18T13:14:37Z,54.23,54.23,False,P,0.0,36.9,0.0,0.0,54.23,0.0,712.0,-0.1,-675.0,0.0,711.0,-0.1,-675.0,,2025-08-17,28
2025-08-17,29,2025-08-17T13:00:00Z,2025-08-18T13:44:31Z,78.74,78.74,False,P,0.0,62.5333275,0.0,0.0,,,862.5333275,0.0,-800.0,0.0,861.5333275,0.0,-800.0,,2025-08-17,29
2025-08-17,30,2025-08-17T13:30:00Z,2025-08-18T14:14:24Z,90.09,90.09,False,P,0.0,88.71056527777777,0.0,0.0,,,888.8272319444444,-0.035570694444444446,-800.0,0.0,887.8272319444444,-0.035570694444444446,-800.0,,2025-08-17,30
2025-08-17,31,2025-08-17T14:00:00Z,2025-08-18T14:44:36Z,98.0,98.0,False,P,0.0,189.21666569444446,0.0,0.0,,,939.3416656944445,0.0,-750.0,0.0,938.3416656944445,0.0,-750.0,,2025-08-17,31
2025-08-17,32,2025-08-17T14:30:00Z,2025-08-18T15:14:38Z,98.0,98.0,False,P,0.0,278.3325396825397,0.0,0.0,,,1029.165873015873,-0.8444444444444444,-750.0,0.0,1028.165873015873,-0.8444444444444444,-750.0,,2025-08-17,32
2025-08-17,33,2025-08-17T15:00:00Z,2025-08-18T15:44:38Z,95.0,95.0,False,P,0.0,24.463571428571427,0.0,0.0,,,836.2135714285714,-11.7,-800.0,0.0,835.2135714285714,-11.7,-800.0,,2025-08-17,33
2025-08-17,34,2025-08-17T15:30:00Z,2025-08-18T16:14:38Z,78.97,78.97,False,P,0.0,2.1083333333333334,0.0,0.0,,,738.2833333333333,0.0,-800.0,64.0,738.2833333333333,0.0,-800.0,63.0,2025-08-17,34
2025-08-17,35,2025-08-17T16:00:00Z,2025-08-18T16:44:39Z,109.5,109.5,False,P,0.0,156.50202325396825,0.0,0.0,,,591.4416666666667,-135.27297674603176,-300.0,0.0,590.4416666666667,-135.27297674603176,-300.0,,2025-08-17,35
2025-08-17,36,2025-08-17T16:30:00Z,2025-08-18T17:14:37Z,62.53934600462194,62.53934600462194,False,N,0.0,-24.938744588744587,0.0,0.0,,,608.6636363636363,-334.10238095238094,-300.0,0.0,608.6636363636363,-333.10238095238094,-300.0,,2025-08-17,36
2025-08-17,37,2025-08-17T17:00:00Z,2025-08-18T17:44:43Z,69.12,69.12,False,N,0.0,-44.45473472222222,0.0,0.0,,,633.0000030555556,-327.71458333333334,-350.0,0.0,633.0000030555556,-327.71458333333334,-349.0,,2025-08-17,37
2025-08-17,38,2025-08-17T17:30:00Z,2025-08-18T18:14:40Z,114.9,114.9,False,P,0.0,15.841666666666667,0.0,0.0,,,633.0,-267.75416666666666,-350.0,0.0,632.0,-267.75416666666666,-350.0,,2025-08-17,38
2025-08-17,39,2025-08-17T18:00:00Z,2025-08-18T18:44:42Z,114.9,114.9,False,P,0.0,16.385184775132274,0.0,0.0,,,633.0000050066137,-316.92314855820104,-300.0,0.0,632.0000050066137,-316.92314855820104,-300.0,,2025-08-17,39
2025-08-17,40,2025-08-17T18:30:00Z,2025-08-18T19:14:39Z,85.0,85.0,False,N,0.0,-23.086392222222223,0.0,0.0,,,633.0083333333333,-356.2488922222222,-300.0,0.0,633.0083333333333,-356.2488922222222,-299.0,,2025-08-17,40
2025-08-17,41,2025-08-17T19:00:00Z,2025-08-18T19:44:39Z,117.0,117.0,False,P,0.0,31.023611111111112,0.0,0.0,,,578.925,-297.5263888888889,-250.0,0.0,577.925,-297.5263888888889,-250.0,,2025-08-17,41
2025-08-17,42,2025-08-17T19:30:00Z,2025-08-18T20:14:46Z,80.12,80.12,False,N,0.0,-90.1797386111111,0.0,0.0,,,433.4277941666667,-274.0139052777778,-250.0,0.0,433.4277941666667,-274.0139052777778,-249.0,,2025-08-17,42
2025-08-17,43,2025-08-17T20:00:00Z,2025-08-18T20:44:42Z,84.91,84.91,False,N,0.0,-0.24814689814814817,0.0,0.0,,,439.65833333333336,-439.53981356481484,0.0,0.0,439.65833333333336,-439.2916666666667,,,2025-08-17,43
2025-08-17,44,2025-08-17T20:30:00Z,2025-08-18T21:14:39Z,61.5,61.5,False,N,0.0,-76.23593765046296,0.0,0.0,,,444.35262604166667,-525.8476043171296,0.0,4.87,444.35262604166667,-524.8476043171296,,4.87,2025-08-17,44
2025-08-17,45,2025-08-17T21:00:00Z,2025-08-18T21:44:42Z,120.0,120.0,False,P,0.0,32.935423547979795,0.0,0.0,,,471.75,-468.4892431186869,0.0,29.463,470.75,-468.4892431186869,,29.463,2025-08-17,45
2025-08-17,46,2025-08-17T21:30:00Z,2025-08-18T22:14:36Z,61.5,61.5,False,N,0.0,-169.57009764136328,0.0,0.0,,,374.15,-588.1450976413632,0.0,44.3,374.15,-587.1450976413632,,44.3,2025-08-17,46
2025-08-17,47,2025-08-17T22:00:00Z,2025-08-18T22:44:37Z,102.95,102.95,False,P,0.0,26.004336691086692,0.0,0.0,,,234.41751888888888,-223.21462664224663,0.0,15.032,233.41751888888888,-223.21462664224663,,15.032,2025-08-17,47
2025-08-17,48,2025-08-17T22:30:00Z,2025-08-18T23:14:41Z,71.12319331374447,71.12319331374447,False,N,0.0,-8.308,0.0,0.0,,,142.09444444444443,-160.34444444444443,0.0,10.017,142.09444444444443,-159.34444444444443,,10.017,2025-08-17,48
2025-08-18,1,2025-08-17T23:00:00Z,2025-08-18T23:44:42Z,61.5,61.5,False,N,0.0,-63.95975,0.0,0.0,,,25.177083333333332,-169.07708333333332,0.0,79.784,25.177083333333332,-168.07708333333332,,79.784,2025-08-18,1
2025-08-18,2,2025-08-17T23:30:00Z,2025-08-19T00:14:40Z,61.2,61.2,False,N,0.0,-44.862833333333334,0.0,0.0,,,37.25833333333333,-101.17916666666666,0.0,19.433,37.25833333333333,-100.17916666666666,,19.433,2025-08-18,2
2025-08-18,3,2025-08-18T00:00:00Z,2025-08-19T00:44:40Z,61.15,61.15,False,N,0.0,-52.28333333333333,0.0,0.0,,,19.941666666666666,-72.19166666666666,0.0,0.0,19.941666666666666,-71.19166666666666,,,2025-08-18,3
2025-08-18,4,2025-08-18T00:30:00Z,2025-08-19T01:14:39Z,61.15,61.15,False,N,0.0,-11.015,0.0,0.0,,,65.68027777777777,-76.87861111111111,0.0,0.0,65.68027777777777,-75.87861111111111,,,2025-08-18,4
2025-08-18,5,2025-08-18T01:00:00Z,2025-08-19T01:44:43Z,101.00032726082688,101.00032726082688,False,P,0.0,9.770833333333334,0.0,0.0,,,1.7541666666666667,-6.354166666666667,0.0,14.3,1.7541666666666667,-6.354166666666667,,13.3,2025-08-18,5
2025-08-18,6,2025-08-18T01:30:00Z,2025-08-19T02:14:47Z,66.0,66.0,False,N,0.0,-11.973872328441225,0.0,0.0,,,43.44146638888889,-55.749807606219,0.0,0.0,43.44146638888889,-54.749807606219,,,2025-08-18,6
2025-08-18,7,2025-08-18T02:00:00Z,2025-08-19T02:44:41Z,61.55,61.55,False,N,0.0,-37.95,0.0,0.0,61.55,1.0,0.0,-38.54,0.0,0.0,0.0,-37.54,,,2025-08-18,7
2025-08-18,8,2025-08-18T02:30:00Z,2025-08-19T03:14:34Z,100.0,100.0,False,P,0.0,23.14472222222222,0.0,0.0,,,61.50408541666667,-39.14408541666667,0.0,0.0,60.50408541666667,-39.14408541666667,,,2025-08-18,8
2025-08-18,9,2025-08-18T03:00:00Z,2025-08-19T03:44:36Z,107.0,107.0,False,P,0.0,12.99,0.0,0.0,,,173.08333333333334,-160.77666666666667,0.0,0.0,172.08333333333334,-160.77666666666667,,,2025-08-18,9
2025-08-18,10,2025-08-18T03:30:00Z,2025-08-19T04:14:46Z,66.38771453049895,66.38771453049895,False,N,0.0,-65.80987103174603,0.0,0.0,,,266.05868055555555,-332.1515376984127,0.0,0.0,266.05868055555555,-331.1515376984127,,,2025-08-18,10
2025-08-18,11,2025-08-18T04:00:00Z,2025-08-19T04:44:37Z,112.5,112.5,False,P,0.0,108.76785783730159,0.0,0.0,,,276.4,-168.1710310515873,0.0,0.0,275.4,-168.1710310515873,,,2025-08-18,11
2025-08-18,12,2025-08-18T04:30:00Z,2025-08-19T05:14:38Z,112.5,112.5,False,P,0.0,85.2150925925926,0.0,0.0,,,318.6975,-247.36324074074074,0.0,13.47,317.6975,-247.36324074074074,,13.47,2025-08-18,12
2025-08-18,13,2025-08-18T05:00:00Z,2025-08-19T05:44:40Z,113.83013333333334,113.83013333333334,False,P,0.0,95.54378205128205,0.0,0.0,,,207.66041666666666,-621.353579059829,0.0,508.93,207.66041666666666,-621.353579059829,,507.93,2025-08-18,13
2025-08-18,14,2025-08-18T05:30:00Z,2025-08-19T06:14:34Z,115.53,115.53,False,P,0.0,168.87441892094017,0.0,0.0,,,188.97141606107326,-558.2919209081197,0.0,537.953,188.97141606107326,-558.2919209081197,,536.953,2025-08-18,14
2025-08-18,15,2025-08-18T06:00:00Z,2025-08-19T06:44:39Z,62.0,62.0,False,N,0.0,-48.6737037037037,0.0,0.0,,,293.5602564102564,-441.5806267806268,0.0,99.38,293.5602564102564,-440.5806267806268,,99.38,2025-08-18,15
2025-08-18,16,2025-08-18T06:30:00Z,2025-08-19T07:14:40Z,124.0,124.0,False,P,0.0,122.35203703703704,0.0,0.0,,,165.70641025641027,-90.18270655270655,0.0,46.52,164.70641025641027,-90.18270655270655,,46.52,2025-08-18,16
2025-08-18,17,2025-08-18T07:00:00Z,2025-08-19T07:44:39Z,123.84691284389979,123.84691284389979,False,P,0.0,55.92933333333333,0.0,0.0,,,145.0,-144.08333333333334,0.0,54.946,144.01666666666668,-144.08333333333334,,54.92933333333333,2025-08-18,17
2025-08-18,18,2025-08-18T07:30:00Z,2025-08-19T08:14:37Z,124.0,124.0,False,P,0.0,4.928667916666667,0.0,0.0,,,135.10833333333332,-132.12499875,0.0,1.887,134.10833333333332,-132.12499875,,1.887,2025-08-18,18
2025-08-18,19,2025-08-18T08:00:00Z,2025-08-19T08:44:41Z,124.0,124.0,False,P,0.0,180.88940666666667,0.0,0.0,,,136.0533325,-2.4116666666666666,-50.0,97.417,135.0533325,-2.4116666666666666,-50.0,97.417,2025-08-18,19
2025-08-18,20,2025-08-18T08:30:00Z,2025-08-19T09:14:47Z,124.0,124.0,False,P,0.0,363.7273065277778,0.0,0.0,,,333.01363986111113,-0.021979166666666668,-50.0,80.797,332.01363986111113,-0.021979166666666668,-50.0,80.797,2025-08-18,20
2025-08-18,21,2025-08-18T09:00:00Z,2025-08-19T09:44:43Z,120.0,120.0,False,P,0.0,359.01367186865275,0.0,0.0,,,474.4866520472176,-0.7449785749953703,-250.0,135.276,473.4866520472176,-0.7449785749953703,-250.0,135.276,2025-08-18,21
2025-08-18,22,2025-08-18T09:30:00Z,2025-08-19T10:14:41Z,118.65,118.65,False,P,0.0,512.0183941971111,0.0,0.0,,,637.7376576693333,-0.7793222526666667,-250.0,125.011,636.7376576693333,-0.7793222526666667,-250.0,125.011,2025-08-18,22
2025-08-18,23,2025-08-18T10:00:00Z,2025-08-19T10:44:41Z,122.87,122.87,False,P,0.0,418.0848320833333,0.0,0.0,,,731.8190820833333,-0.5774129166666667,-350.0,36.897,730.8190820833333,-0.5774129166666667,-350.0,36.897,2025-08-18,23
2025-08-18,24,2025-08-18T10:30:00Z,2025-08-19T11:14:40Z,62.0,62.0,False,N,0.0,-1.721217942372301,0.0,0.0,,,367.87721900207214,-19.35220738248148,-350.0,0.0,367.87721900207214,-18.35220738248148,-350.0,,2025-08-18,24
2025-08-18,25,2025-08-18T11:00:00Z,2025-08-19T11:44:35Z,120.0,120.0,False,P,0.0,117.56966625,0.0,0.0,,,66.91666625,-33.68333333333333,0.0,84.453,65.91666625,-33.68333333333333,,84.453,2025-08-18,25
2025-08-18,26,2025-08-18T11:30:00Z,2025-08-19T12:14:35Z,120.0,120.0,False,P,0.0,152.57433333333333,0.0,0.0,,,139.74166666666667,-106.87,0.0,119.616,138.74166666666667,-106.87,,119.616,2025-08-18,26
2025-08-18,27,2025-08-18T12:00:00Z,2025-08-19T12:46:22Z,130.0,130.0,False,P,0.0,178.52138888888888,0.0,0.0,,,287.3277777777778,-129.975,0.0,21.73,286.3277777777778,-129.975,,21.73,2025-08-18,27
2025-08-18,28,2025-08-18T12:30:00Z,2025-08-19T13:14:37Z,106.62,106.62,False,P,0.0,56.38166583333334,0.0,0.0,,,181.2733325,-124.59166666666667,0.0,0.0,180.2733325,-124.59166666666667,,,2025-08-18,28
2025-08-18,29,2025-08-18T13:00:00Z,2025-08-19T13:44:39Z,101.53,101.53,False,P,0.0,5.3249965277777775,0.0,0.0,,,201.27499652777777,-195.53333333333333,0.0,0.0,200.27499652777777,-195.53333333333333,,,2025-08-18,29
2025-08-18,30,2025-08-18T13:30:00Z,2025-08-19T14:14:46Z,62.53,62.53,False,N,0.0,-122.02966666666667,0.0,0.0,,,159.32963041666667,-314.05463,0.0,32.487,159.32963041666667,-313.05463,,32.487,2025-08-18,30
2025-08-18,31,2025-08-18T14:00:00Z,2025-08-19T14:44:37Z,107.59,107.59,False,P,0.0,158.3560623611111,0.0,0.0,107.59,1.0,345.49841950396825,-256.16250168650794,0.0,68.713,344.49841950396825,-256.16250168650794,,68.713,2025-08-18,31
2025-08-18,32,2025-08-18T14:30:00Z,2025-08-19T15:14:24Z,116.22,116.22,False,P,0.0,104.33395281440781,0.0,0.0,116.22,1.0,527.5650848015873,-423.33678754273507,0.0,0.0,526.5650848015873,-423.33678754273507,,,2025-08-18,32
2025-08-18,33,2025-08-18T15:00:00Z,2025-08-19T15:44:22Z,97.9,97.9,False,P,0.0,112.11042818986569,0.0,0.0,,,445.5393327020202,-333.66665514346766,0.0,0.0,444.5393327020202,-333.66665514346766,,,2025-08-18,33
2025-08-18,34,2025-08-18T15:30:00Z,2025-08-19T16:14:31Z,118.0,118.0,False,P,0.0,175.89144452380953,0.0,0.0,,,351.93957944444446,-175.9648015873016,0.0,0.0,350.93957944444446,-175.9648015873016,,,2025-08-18,34
2025-08-18,35,2025-08-18T16:00:00Z,2025-08-19T16:44:24Z,124.63,124.63,False,P,0.0,116.85,0.0,0.0,,,220.07434,-189.35767333333334,0.0,86.2,219.07434,-189.35767333333334,,86.2,2025-08-18,35
2025-08-18,36,2025-08-18T16:30:00Z,2025-08-19T17:14:21Z,114.9300446124745,114.9300446124745,False,P,0.0,1.0272222222222223,0.0,0.0,,,131.10833333333332,-129.74166666666667,0.0,0.0,130.10833333333332,-129.74166666666667,,,2025-08-18,36
2025-08-18,37,2025-08-18T17:00:00Z,2025-08-19T17:44:25Z,99.86,99.86,False,P,0.0,145.57597222222222,0.0,0.0,,,52.71805555555556,-306.6791666666667,0.0,400.0,52.71805555555556,-306.6791666666667,,399.0,2025-08-18,37
2025-08-18,38,2025-08-18T17:30:00Z,2025-08-19T18:14:30Z,75.0,75.0,False,N,0.0,-34.64490699074074,0.0,0.0,,,18.683135416666666,-453.1155424074074,0.0,400.0,18.683135416666666,-452.1155424074074,,400.0,2025-08-18,38
2025-08-18,39,2025-08-18T18:00:00Z,2025-08-19T18:44:27Z,105.82,105.82,False,P,0.0,51.70422404761905,0.0,0.0,,,0.41899041666666664,-498.6442878968254,0.0,550.0,0.41899041666666664,-498.6442878968254,,549.0,2025-08-18,39
2025-08-18,40,2025-08-18T18:30:00Z,2025-08-19T19:14:33Z,110.17005714285715,110.17005714285715,False,P,0.0,307.83815295634923,0.0,0.0,,,84.61285722222222,-326.97649742346704,0.0,550.0,84.61285722222222,-326.97649742346704,,549.0,2025-08-18,40
2025-08-18,41,2025-08-18T19:00:00Z,2025-08-19T19:44:32Z,98.1300826446281,98.1300826446281,False,P,0.0,115.91805555555555,0.0,0.0,,,138.20833333333334,-322.10277777777776,0.0,300.0,138.20833333333334,-322.10277777777776,,299.0,2025-08-18,41
2025-08-18,42,2025-08-18T19:30:00Z,2025-08-19T20:14:25Z,99.46,99.46,False,P,0.0,150.277,0.0,0.0,,,139.66425,-289.583,0.0,300.0,139.66425,-289.583,,299.0,2025-08-18,42
2025-08-18,43,2025-08-18T20:00:00Z,2025-08-19T20:44:26Z,89.42,89.42,False,P,0.0006,134.36983055555555,0.0,0.0,,,145.00393055555554,-310.73588375,0.0,300.0,145.00393055555554,-310.73588375,,299.0,2025-08-18,43
2025-08-18,44,2025-08-18T20:30:00Z,2025-08-19T21:14:26Z,89.42,89.42,False,P,0.0,121.71537037037037,0.0,0.0,,,0.6011508333333333,-178.9913361574074,0.0,300.0,0.6011508333333333,-178.9913361574074,,299.0,2025-08-18,44
2025-08-18,45,2025-08-18T21:00:00Z,2025-08-19T21:44:26Z,63.448578438106125,63.448578438106125,False,N,0.0,-11.57557420289855,0.0,0.0,,,14.75000013888889,-26.250199758454105,0.0,0.0,14.75000013888889,-25.250199758454105,,,2025-08-18,45
2025-08-18,46,2025-08-18T21:30:00Z,2025-08-19T22:14:27Z,63.2,63.2,False,N,0.0,-4.0147535418859555,0.0,0.0,,,49.493300996168585,-53.83325320176647,0.0,0.0,49.493300996168585,-52.83325320176647,,,2025-08-18,46
2025-08-18,47,2025-08-18T22:00:00Z,2025-08-19T22:44:26Z,63.15,63.15,False,N,0.0,-337.6994500452788,0.0,0.0,,,246.41666666666666,-584.3744500452788,0.0,0.0,246.41666666666666,-583.3744500452788,,,2025-08-18,47
2025-08-18,48,2025-08-18T22:30:00Z,2025-08-19T23:14:31Z,63.25,63.25,False,N,0.0,-127.20388888888888,0.0,0.0,,,320.0111111111111,-447.2038888888889,0.0,0.0,320.0111111111111,-446.2038888888889,,,2025-08-18,48
2025-08-19,1,2025-08-18T23:00:00Z,2025-08-19T23:44:26Z,63.25,63.25,False,N,0.0,-84.65587486111112,0.0,0.0,,,376.52254898148146,-460.8225415277778,0.0,0.0,376.52254898148146,-459.8225415277778,,,2025-08-19,1
2025-08-19,2,2025-08-18T23:30:00Z,2025-08-20T00:14:25Z,63.25,63.25,False,N,0.0,-68.73104451007326,0.0,0.0,,,341.73333333333335,-410.4517439545177,0.0,0.0,341.73333333333335,-409.4517439545177,,,2025-08-19,2
2025-08-19,3,2025-08-19T00:00:00Z,2025-08-20T00:44:27Z,96.9,96.9,False,P,0.0,21.31572793872794,0.0,0.0,,,343.49914333333334,-321.9787528946054,0.0,0.0,342.49914333333334,-321.9787528946054,,,2025-08-19,3
2025-08-19,4,2025-08-19T00:30:00Z,2025-08-20T01:14:27Z,63.25,63.25,False,N,0.0,-26.56489316239316,0.0,0.0,,,356.3666666666667,-383.1648931623932,0.0,0.0,356.3666666666667,-382.1648931623932,,,2025-08-19,4
2025-08-19,5,2025-08-19T01:00:00Z,2025-08-20T01:44:30Z,79.99,79.99,False,P,0.0,50.639368686868686,0.0,0.0,79.99,0.0,320.01666666666665,-269.8106313131313,0.0,0.0,319.01666666666665,-269.8106313131313,,,2025-08-19,5
2025-08-19,6,2025-08-19T01:30:00Z,2025-08-20T02:15:06Z,92.02343275442587,92.02343275442587,False,P,0.0,64.79373252849003,0.0,0.0,90.06283333333333,1.0,335.3846875,-270.8515681196581,0.0,0.0,334.3846875,-270.8515681196581,,,2025-08-19,6
2025-08-19,7,2025-08-19T02:00:00Z,2025-08-20T02:44:35Z,75.35,75.35,False,P,0.0,3.5369047619047618,0.0,0.0,75.35,0.5666666666666667,320.56666666666666,-317.1797619047619,0.0,0.0,319.56666666666666,-317.1797619047619,,,2025-08-19,7
2025-08-19,8,2025-08-19T02:30:00Z,2025-08-20T03:14:25Z,63.26,63.26,False,N,0.0,-112.73824074074074,0.0,0.0,,,329.175,-441.8299074074074,0.0,0.0,329.175,-440.8299074074074,,,2025-08-19,8
2025-08-19,9,2025-08-19T03:00:00Z,2025-08-20T03:44:30Z,63.33,63.33,False,N,0.0,-69.0124806892454,0.0,0.0,,,344.00454545454545,-413.1003594771242,0.0,0.0,344.00454545454545,-412.1003594771242,,,2025-08-19,9
2025-08-19,10,2025-08-19T03:30:00Z,2025-08-20T04:14:25Z,63.32,63.32,False,N,0.0,-288.30592041666665,0.0,0.0,,,320.55062930555556,-608.6309204166666,0.0,0.0,320.55062930555556,-607.6309204166666,,,2025-08-19,10
2025-08-19,11,2025-08-19T04:00:00Z,2025-08-20T04:44:32Z,63.32,63.32,False,N,0.0,-410.90226495726495,0.0,0.0,,,329.275,-740.3189316239316,0.0,0.0,329.275,-739.3189316239316,,,2025-08-19,11
2025-08-19,12,2025-08-19T04:30:00Z,2025-08-20T05:14:30Z,63.34,63.34,False,N,0.0,-209.78897435897437,0.0,0.0,,,340.96979166666665,-550.5754326923077,0.0,0.0,340.96979166666665,-549.5754326923077,,,2025-08-19,12
2025-08-19,13,2025-08-19T05:00:00Z,2025-08-20T05:44:33Z,63.34,63.34,False,N,0.0,-519.7409833226495,0.0,0.0,,,324.4650013888889,-844.5476513782052,0.0,0.0,324.4650013888889,-843.5476513782052,,,2025-08-19,13
2025-08-19,14,2025-08-19T05:30:00Z,2025-08-20T06:14:26Z,63.36,63.36,False,N,0.0,-193.98250865384617,0.0,0.0,,,353.55000416666667,-547.6408461538462,0.0,0.0,353.55000416666667,-546.6408461538462,,,2025-08-19,14
2025-08-19,15,2025-08-19T06:00:00Z,2025-08-20T06:44:28Z,63.37,63.37,False,N,0.0,-129.0050856517094,0.0,0.0,,,322.5746911111111,-451.62668148504275,0.0,0.0,322.5746911111111,-450.62668148504275,,,2025-08-19,15
2025-08-19,16,2025-08-19T06:30:00Z,2025-08-20T07:14:30Z,63.37,63.37,False,N,0.0,-155.03339763888889,0.0,0.0,,,336.25000208333336,-536.1955555555555,0.0,44.536,336.25000208333336,-535.1955555555555,,44.536,2025-08-19,16
2025-08-19,17,2025-08-19T07:00:00Z,2025-08-20T07:44:33Z,63.4,63.4,False,N,0.0,-517.7313372183372,0.0,0.0,,,275.5,-540.1866705516705,-300.0,46.797,275.5,-539.1866705516705,-300.0,46.797,2025-08-19,17
2025-08-19,18,2025-08-19T07:30:00Z,2025-08-20T08:14:32Z,63.4,63.4,False,N,0.0,-370.3764774368687,0.0,0.0,,,228.36666666666667,-298.74314410353537,-300.0,0.0,228.36666666666667,-297.74314410353537,-300.0,,2025-08-19,18
2025-08-19,19,2025-08-19T08:00:00Z,2025-08-20T08:44:28Z,61.5,61.5,False,N,0.0,-352.91131943299564,0.0,0.0,61.5,1.0,217.87546020601548,-214.97877963901112,-400.0,44.717,217.87546020601548,-214.76225161502416,-399.216528023987,44.717,2025-08-19,19
2025-08-19,20,2025-08-19T08:30:00Z,2025-08-20T09:14:34Z,99.0,99.0,False,P,0.0,416.8141878174603,0.0,0.0,,,839.9813753174603,-23.904084145299144,-400.0,0.65,838.9813753174603,-23.904084145299144,-400.0,0.65,2025-08-19,20
2025-08-19,21,2025-08-19T09:00:00Z,2025-08-20T09:44:38Z,91.42,91.42,False,P,0.0,29.064041953986113,0.0,0.0,,,479.3354772195083,-0.19738128696857718,-450.0,0.0,478.3354772195083,-0.19738128696857718,-450.0,,2025-08-19,21
2025-08-19,22,2025-08-19T09:30:00Z,2025-08-20T10:14:33Z,90.56,90.56,False,P,0.0,10.79475612566734,0.0,0.0,,,439.4060398756673,-0.16714819444444445,-450.0,21.566,438.4060398756673,-0.16714819444444445,-450.0,21.566,2025-08-19,22
2025-08-19,23,2025-08-19T10:00:00Z,2025-08-20T10:44:32Z,94.25,94.25,False,P,0.0,23.828404174836603,0.0,0.0,,,542.9960645915032,-18.976945833333332,-500.0,0.0,541.9960645915032,-18.976945833333332,-500.0,,2025-08-19,23
2025-08-19,24,2025-08-19T10:30:00Z,2025-08-20T11:14:27Z,60.0,60.0,False,N,0.0,-454.9017254901961,0.0,0.0,60.0,1.0,209.66960784313724,-205.2,-500.0,40.887,209.66960784313724,-205.04872721233355,-499.15127278766647,40.887,2025-08-19,24
2025-08-19,25,2025-08-19T11:00:00Z,2025-08-20T11:44:25Z,61.5,61.5,False,N,0.0,-381.8647866013072,0.0,0.0,61.5,1.0,1.479239827264239,-165.32272777777777,-300.0,81.98,1.479239827264239,-165.21682009391483,-299.10590768386294,81.98,2025-08-19,25
2025-08-19,26,2025-08-19T11:30:00Z,2025-08-20T12:14:31Z,53.61315806542998,53.61315806542998,False,N,0.0,-186.25028043465002,0.0,0.0,54.40291666666667,1.0,130.4606007503527,-17.16077872795308,-300.0,0.0,130.4606007503527,-16.827445394619748,-299.3333333333333,,2025-08-19,26
2025-08-19,27,2025-08-19T12:00:00Z,2025-08-20T12:45:10Z,54.87297734261161,54.87297734261161,False,N,0.0,-416.46658339285716,0.0,0.0,55.0035,1.0,60.37866726968585,-127.27549111111111,-350.0,0.0,60.37866726968585,-126.92521069341328,-349.35028041769783,,2025-08-19,27
2025-08-19,28,2025-08-19T12:30:00Z,2025-08-20T13:14:28Z,55.958194394123794,55.958194394123794,False,N,0.0,-509.1673930555556,0.0,0.0,56.05108333333333,1.0,4.7,-164.1583613888889,-350.0,0.0,4.7,-163.69966240945044,-349.45869897943845,,2025-08-19,28
2025-08-19,29,2025-08-19T13:00:00Z,2025-08-20T13:44:44Z,56.98795625930627,56.98795625930627,False,N,0.0,-216.85964021825396,0.0,0.0,57.085,1.0,90.59172089285714,-15.853030277777778,-350.0,58.266,90.59172089285714,-15.642311281527254,-349.21071899625053,58.266,2025-08-19,29
2025-08-19,30,2025-08-19T13:30:00Z,2025-08-20T14:14:43Z,93.5,93.5,False,P,0.0,258.16554180555556,0.0,0.0,,,579.5794366468253,-0.11792537698412699,-350.0,28.7,578.5794366468253,-0.11792537698412699,-350.0,28.7,2025-08-19,30
2025-08-19,31,2025-08-19T14:00:00Z,2025-08-20T14:44:44Z,93.0,93.0,False,P,0.0,198.08341833333333,0.0,0.0,,,581.1056405555555,-32.93143420634921,-350.0,0.0,580.1056405555555,-32.93143420634921,-350.0,,2025-08-19,31
2025-08-19,32,2025-08-19T14:30:00Z,2025-08-20T15:14:41Z,61.5,61.5,False,N,0.0,-102.39546270078932,0.0,0.0,,,300.1726110262726,-194.2581153937286,-350.0,141.604,300.1726110262726,-193.2581153937286,-350.0,141.604,2025-08-19,32
2025-08-19,33,2025-08-19T15:00:00Z,2025-08-20T15:44:36Z,69.15010101010101,69.15010101010101,False,N,0.0,-144.98813242829294,0.0,0.0,,,142.59181783625732,-157.20491020607074,-150.0,19.264,142.59181783625732,-157.20491020607074,-149.0,19.264,2025-08-19,33
2025-08-19,34,2025-08-19T15:30:00Z,2025-08-20T16:14:48Z,61.55,61.55,False,N,0.0,-323.9431818181818,0.0,0.0,,,272.75,-446.92373737373737,-150.0,0.0,272.75,-445.92373737373737,-150.0,,2025-08-19,34
2025-08-19,35,2025-08-19T16:00:00Z,2025-08-20T16:44:45Z,76.02,76.02,False,N,0.0,-4.107556277696318,0.0,0.0,,,384.1515882235663,-356.5877372790404,-150.0,118.286,384.1515882235663,-356.5877372790404,-149.0,118.286,2025-08-19,35
2025-08-19,36,2025-08-19T16:30:00Z,2025-08-20T17:14:39Z,109.9,109.9,False,P,0.0,17.749166666666667,0.0,0.0,,,379.0416666666667,-212.91416666666666,-150.0,1.48,378.0416666666667,-212.91416666666666,-150.0,1.48,2025-08-19,36
2025-08-19,37,2025-08-19T17:00:00Z,2025-08-20T17:44:48Z,109.9,109.9,False,P,0.0,198.48573015873015,0.0,0.0,,,490.9504611111111,-292.5445065079365,0.0,0.0,489.9504611111111,-292.5445065079365,,,2025-08-19,37
2025-08-19,38,2025-08-19T17:30:00Z,2025-08-20T18:14:41Z,75.0,75.0,False,N,0.0,-3.753165282186949,0.0,0.0,,,505.02031441358025,-508.8723319488536,0.0,0.0,505.02031441358025,-507.8723319488536,,,2025-08-19,38
2025-08-19,39,2025-08-19T18:00:00Z,2025-08-20T18:44:41Z,109.9,109.9,False,P,0.0,181.38491666666667,0.0,0.0,,,505.0,-352.6404166666667,0.0,28.767,504.0,-352.6404166666667,,28.767,2025-08-19,39
2025-08-19,40,2025-08-19T18:30:00Z,2025-08-20T19:14:39Z,109.9,109.9,False,P,0.0,137.83565476190475,0.0,0.0,,,505.0,-410.34767857142856,0.0,43.1,504.0,-410.34767857142856,,43.1,2025-08-19,40
2025-08-19,41,2025-08-19T19:00:00Z,2025-08-20T19:44:43Z,109.9,109.9,False,P,0.0,177.39249583333333,0.0,0.0,,,505.18693616666667,-327.90194916666667,0.0,0.0,504.18693616666667,-327.90194916666667,,,2025-08-19,41
2025-08-19,42,2025-08-19T19:30:00Z,2025-08-20T20:14:43Z,109.9,109.9,False,P,0.0,183.2367390277778,0.0,0.0,,,517.0544473611111,-333.634375,0.0,0.0,516.0544473611111,-333.634375,,,2025-08-19,42
2025-08-19,43,2025-08-19T20:00:00Z,2025-08-20T20:44:42Z,70.0,70.0,False,N,0.0,-25.48731909430439,0.0,0.0,,,575.2918475723623,-600.8625,0.0,0.0,575.2918475723623,-599.8625,,,2025-08-19,43
2025-08-19,44,2025-08-19T20:30:00Z,2025-08-20T21:14:45Z,62.54,62.54,False,N,0.0,-198.65486952957173,0.0,0.0,,,618.2307913814617,-817.0367322746698,0.0,0.0,618.2307913814617,-816.0367322746698,,,2025-08-19,44
2025-08-19,45,2025-08-19T21:00:00Z,2025-08-20T21:44:42Z,62.55,62.55,False,N,0.0,-71.83186431623932,0.0,0.0,,,661.6958333333333,-733.5251976495726,0.0,0.0,661.6958333333333,-732.5251976495726,,,2025-08-19,45
2025-08-19,46,2025-08-19T21:30:00Z,2025-08-20T22:14:43Z,66.4,66.4,False,N,0.0,-6.887068514818515,0.0,0.0,,,810.7063458964647,-817.8495525700952,0.0,0.0,810.7063458964647,-816.8495525700952,,,2025-08-19,46
2025-08-19,47,2025-08-19T22:00:00Z,2025-08-20T22:44:41Z,63.0,63.0,False,N,0.0,-324.9195781969419,0.0,0.0,,,1138.3500005555557,-1162.8945787524974,-300.0,0.0,1138.3500005555557,-1161.8945787524974,-300.0,,2025-08-19,47
2025-08-19,48,2025-08-19T22:30:00Z,2025-08-20T23:14:43Z,98.6,98.6,False,P,0.0,210.64638897422023,0.0,0.0,,,888.825,-377.82027769244644,-300.0,0.0,887.825,-377.82027769244644,-300.0,,2025-08-19,48
2025-08-20,1,2025-08-19T23:00:00Z,2025-08-20T23:44:35Z,95.0,95.0,False,P,0.0,114.74779677702472,0.0,0.0,,,909.0833333333334,-494.5605365563086,-300.0,0.0,908.0833333333334,-494.5605365563086,-300.0,,2025-08-20,1
2025-08-20,2,2025-08-19T23:30:00Z,2025-08-21T00:14:42Z,63.0,63.0,False,N,0.0,-282.48567294122546,0.0,0.0,,,812.6666666666666,-795.2356729412254,-300.0,0.0,812.6666666666666,-794.2356729412254,-300.0,,2025-08-20,2
2025-08-20,3,2025-08-20T00:00:00Z,2025-08-21T00:44:38Z,61.0,61.0,False,N,0.0,-337.38063186813184,0.0,0.0,,,818.175,-605.6722985347985,-550.0,0.0,818.175,-604.6722985347985,-550.0,,2025-08-20,3
2025-08-20,4,2025-08-20T00:30:00Z,2025-08-21T01:14:36Z,63.0,63.0,False,N,0.0,-159.7462912087912,0.0,0.0,,,840.5566666666666,-450.2362912087912,-550.0,0.0,840.5566666666666,-449.2362912087912,-550.0,,2025-08-20,4
2025-08-20,5,2025-08-20T01:00:00Z,2025-08-21T01:44:44Z,60.0,60.0,False,N,0.0,-164.35528846153846,0.0,0.0,,,927.6613782051282,-441.8979166666667,-650.0,0.0,927.6613782051282,-440.8979166666667,-650.0,,2025-08-20,5
2025-08-20,6,2025-08-20T01:30:00Z,2025-08-21T02:15:32Z,60.0,60.0,False,N,0.0,-6.52849175058275,0.0,0.0,,,1089.3502961282052,-445.8794503073593,-650.0,0.0,1089.3502961282052,-444.8794503073593,-650.0,,2025-08-20,6
2025-08-20,7,2025-08-20T02:00:00Z,2025-08-21T02:44:38Z,95.0,95.0,False,P,0.0,145.9,0.0,0.0,,,1065.9,-520.0083333333333,-400.0,0.0,1064.9,-520.0083333333333,-400.0,,2025-08-20,7
2025-08-20,8,2025-08-20T02:30:00Z,2025-08-21T03:14:34Z,95.0,95.0,False,P,0.0,40.61,0.0,0.0,,,979.66,-539.05,-400.0,0.0,978.66,-539.05,-400.0,,2025-08-20,8
2025-08-20,9,2025-08-20T03:00:00Z,2025-08-21T03:44:46Z,65.75,65.75,False,N,0.0,-65.78666666666666,0.0,0.0,,,899.6383333333333,-715.6916666666667,-250.0,0.0,899.6383333333333,-715.6916666666667,-249.0,,2025-08-20,9
2025-08-20,10,2025-08-20T03:30:00Z,2025-08-21T04:14:37Z,68.39,68.39,False,N,0.0,-15.56223281707674,0.0,0.0,,,900.9877839398459,-666.6679593128032,-250.0,0.0,900.9877839398459,-665.6679593128032,-250.0,,2025-08-20,10
2025-08-20,11,2025-08-20T04:00:00Z,2025-08-21T04:44:41Z,119.9,119.9,False,P,0.0,79.14304288274,0.0,0.0,,,846.3961211237961,-767.692137019105,0.0,0.0,845.3961211237961,-767.692137019105,,,2025-08-20,11
2025-08-20,12,2025-08-20T04:30:00Z,2025-08-21T05:14:31Z,62.5,62.5,False,N,0.0,-61.97468528846154,0.0,0.0,,,1080.3833335714285,-1142.8548936217949,0.0,0.0,1080.3833335714285,-1141.8548936217949,,,2025-08-20,12
2025-08-20,13,2025-08-20T05:00:00Z,2025-08-21T05:44:32Z,108.07,108.07,False,P,0.0,41.6820466135172,0.0,0.0,,,1543.7166666666667,-301.6179533864828,-1250.0,49.2,1542.7166666666667,-301.6179533864828,-1250.0,49.2,2025-08-20,13
2025-08-20,14,2025-08-20T05:30:00Z,2025-08-21T06:14:37Z,119.9,119.9,False,P,0.0,77.15618378306878,0.0,0.0,,,1604.7172576851851,-283.5027051058201,-1250.0,6.0,1603.7172576851851,-283.5027051058201,-1250.0,6.0,2025-08-20,14
2025-08-20,15,2025-08-20T06:00:00Z,2025-08-21T06:44:38Z,123.9,123.9,False,P,0.0,292.8499679100529,0.0,0.0,,,1657.117,-614.3902805621693,-750.0,0.0,1656.117,-614.3902805621693,-750.0,,2025-08-20,15
2025-08-20,16,2025-08-20T06:30:00Z,2025-08-21T07:14:32Z,120.0,120.0,False,P,0.0,424.94166666666666,0.0,0.0,,,1563.0,-388.63055555555553,-750.0,0.0,1562.0,-388.63055555555553,-750.0,,2025-08-20,16
2025-08-20,17,2025-08-20T07:00:00Z,2025-08-21T07:44:31Z,120.0,120.0,False,P,0.0,310.9138888888889,0.0,0.0,,,1563.0,-252.41944444444445,-1000.0,0.0,1562.0,-252.41944444444445,-1000.0,,2025-08-20,17
2025-08-20,18,2025-08-20T07:30:00Z,2025-08-21T08:14:40Z,120.0,120.0,False,P,0.0,262.4764957264957,0.0,0.0,,,1479.675,-217.0318376068376,-1000.0,0.0,1478.675,-217.0318376068376,-1000.0,,2025-08-20,18
2025-08-20,19,2025-08-20T08:00:00Z,2025-08-21T08:44:43Z,94.24,94.24,False,N,0.0,-72.38149572649573,0.0,0.0,94.24,0.0,1316.2994444444444,-388.58149572649575,-1000.0,0.0,1316.2994444444444,-388.5752479663785,-999.0062477601172,,2025-08-20,19
2025-08-20,20,2025-08-20T08:30:00Z,2025-08-21T09:14:35Z,98.03,98.03,False,N,0.0,-43.92395833333333,0.0,0.0,98.03,0.0,1356.2343758838383,-399.97511662457913,-1000.0,0.0,1356.2343758838383,-399.97511662457913,-999.0,,2025-08-20,20
2025-08-20,21,2025-08-20T09:00:00Z,2025-08-21T09:44:34Z,116.5,116.5,False,P,0.0,141.90833458333333,0.0,0.0,,,1539.738678888889,-397.6636776388889,-1000.0,0.0,1538.738678888889,-397.6636776388889,-1000.0,,2025-08-20,21
2025-08-20,22,2025-08-20T09:30:00Z,2025-08-21T10:14:34Z,116.75,116.75,False,P,0.0,348.4395298611111,0.0,0.0,,,1746.1311965277778,-397.5812006944444,-1000.0,0.0,1745.1311965277778,-397.5812006944444,-1000.0,,2025-08-20,22
2025-08-20,23,2025-08-20T10:00:00Z,2025-08-21T10:44:34Z,116.5,116.5,False,P,0.0,67.21980080545033,0.0,0.0,,,1464.1636996943391,-396.77377931555134,-1000.0,0.0,1463.1636996943391,-396.77377931555134,-1000.0,,2025-08-20,23
2025-08-20,24,2025-08-20T10:30:00Z,2025-08-21T11:14:32Z,96.5,96.5,False,P,0.0,159.71309400793518,0.0,0.0,,,1556.6464273412685,-396.6630952579352,-1000.0,0.0,1555.6464273412685,-396.6630952579352,-1000.0,,2025-08-20,24
2025-08-20,25,2025-08-20T11:00:00Z,2025-08-21T11:44:42Z,108.0,108.0,False,P,0.0,317.6865275,0.0,0.0,,,1712.1202868055555,-394.32028694444443,-1000.0,0.0,1711.1202868055555,-394.32028694444443,-1000.0,,2025-08-20,25
2025-08-20,26,2025-08-20T11:30:00Z,2025-08-21T12:14:39Z,105.0,105.0,False,P,0.0,322.10106125,0.0,0.0,,,1715.869579861111,-393.5973537962963,-1000.0,0.0,1714.869579861111,-393.5973537962963,-1000.0,,2025-08-20,26
2025-08-20,27,2025-08-20T12:00:00Z,2025-08-21T12:44:29Z,105.0,105.0,False,P,0.0,287.6496744246032,0.0,0.0,,,1679.9168619246032,-392.0783734722222,-1000.0,0.0,1678.9168619246032,-392.0783734722222,-1000.0,,2025-08-20,27
2025-08-20,28,2025-08-20T12:30:00Z,2025-08-21T13:14:42Z,115.0,115.0,False,P,0.0,414.16845763888887,0.0,0.0,,,1807.6212180555556,-393.10454652777776,-1000.0,0.0,1806.6212180555556,-393.10454652777776,-1000.0,,2025-08-20,28
2025-08-20,29,2025-08-20T13:00:00Z,2025-08-21T13:44:33Z,115.0,115.0,False,P,0.0,424.6132655376344,0.0,0.0,,,1813.4315988709677,-388.53333333333336,-1000.0,0.0,1812.4315988709677,-388.53333333333336,-1000.0,,2025-08-20,29
2025-08-20,30,2025-08-20T13:30:00Z,2025-08-21T14:14:38Z,108.0,108.0,False,P,0.0,97.631874790235,0.0,0.0,,,1538.5283944905275,-440.95590835108607,-1000.0,0.0,1537.5283944905275,-440.95590835108607,-1000.0,,2025-08-20,30
2025-08-20,31,2025-08-20T14:00:00Z,2025-08-21T14:44:35Z,115.40607026037274,115.40607026037274,False,P,0.0,242.24142459064328,0.0,0.0,,,1629.410313479532,-387.1342279532164,-1000.0,0.0,1628.410313479532,-387.1342279532164,-1000.0,,2025-08-20,31
2025-08-20,32,2025-08-20T14:30:00Z,2025-08-21T15:14:40Z,123.0,123.0,False,P,0.0,313.58722222222224,0.0,0.0,,,1700.828888888889,-387.0083333333333,-1000.0,0.0,1699.828888888889,-387.0083333333333,-1000.0,,2025-08-20,32
2025-08-20,33,2025-08-20T15:00:00Z,2025-08-21T15:44:38Z,121.75,121.75,False,P,0.0,289.68908066137567,0.0,0.0,,,1676.2890806613757,-386.5189765079365,-1000.0,0.0,1675.2890806613757,-386.5189765079365,-1000.0,,2025-08-20,33
2025-08-20,34,2025-08-20T15:30:00Z,2025-08-21T16:14:28Z,108.9997120092157,108.9997120092157,False,P,0.0,27.806250512474435,0.0,0.0,,,1350.316098997323,-374.5931820401435,-1000.0,52.3,1350.316098997323,-374.5931820401435,-1000.0,51.3,2025-08-20,34
2025-08-20,35,2025-08-20T16:00:00Z,2025-08-21T16:44:32Z,127.0,127.0,False,P,0.0,109.49675330871906,0.0,0.0,,,687.9813842740155,-347.05939940332814,-250.0,18.534,686.9813842740155,-347.05939940332814,-250.0,18.534,2025-08-20,35
2025-08-20,36,2025-08-20T16:30:00Z,2025-08-21T17:14:25Z,127.0,127.0,False,P,0.0,110.4992549537037,0.0,0.0,,,623.9305555555555,-263.56833763888886,-250.0,0.0,622.9305555555555,-263.56833763888886,-250.0,,2025-08-20,36
2025-08-20,37,2025-08-20T17:00:00Z,2025-08-21T17:44:20Z,195.0,195.0,False,P,0.0,355.5175301256614,0.0,0.0,,,542.4768518518518,-187.51066589285713,0.0,0.0,541.4768518518518,-187.51066589285713,,,2025-08-20,37
2025-08-20,38,2025-08-20T17:30:00Z,2025-08-21T18:14:24Z,130.0,130.0,False,P,0.0,264.7154745238095,0.0,0.0,,,525.8166666666667,-261.43452547619046,0.0,0.0,524.8166666666667,-261.43452547619046,,,2025-08-20,38
2025-08-20,39,2025-08-20T18:00:00Z,2025-08-21T18:44:28Z,159.0,159.0,False,P,0.0,257.9972222222222,0.0,0.0,,,463.3777777777778,-205.7,0.0,0.0,462.3777777777778,-205.7,,,2025-08-20,39
2025-08-20,40,2025-08-20T18:30:00Z,2025-08-21T19:14:28Z,127.0,127.0,False,P,0.0,81.51486772486773,0.0,0.0,,,420.7638888888889,-339.8073544973545,0.0,0.0,419.7638888888889,-339.8073544973545,,,2025-08-20,40
2025-08-20,41,2025-08-20T19:00:00Z,2025-08-21T19:44:27Z,70.0,70.0,False,N,0.0,-109.79912698412699,0.0,0.0,,,458.78333333333336,-695.0491269841269,0.0,126.0,458.78333333333336,-694.0491269841269,,126.0,2025-08-20,41
2025-08-20,42,2025-08-20T19:30:00Z,2025-08-21T20:14:27Z,125.0,125.0,False,P,0.0,97.21158333333334,0.0,0.0,,,428.33378703703704,-331.39675,0.0,0.0,427.33378703703704,-331.39675,,,2025-08-20,42
2025-08-20,43,2025-08-20T20:00:00Z,2025-08-21T20:44:30Z,66.0,66.0,False,N,0.0,-60.46380505952381,0.0,0.0,,,421.66122875,-518.7430338095238,0.0,36.218,421.66122875,-517.7430338095238,,36.218,2025-08-20,43
2025-08-20,44,2025-08-20T20:30:00Z,2025-08-21T21:14:36Z,62.73,62.73,False,N,0.0,-262.7251976911977,0.0,0.0,,,475.9625,-791.3036976911977,0.0,52.566,475.9625,-790.3036976911977,,52.566,2025-08-20,44
2025-08-20,45,2025-08-20T21:00:00Z,2025-08-21T21:44:24Z,63.95,63.95,False,N,0.0,-120.83890138313076,0.0,0.0,,,410.00000003968256,-530.8982763831308,0.0,0.0,410.00000003968256,-529.8982763831308,,,2025-08-20,45
2025-08-20,46,2025-08-20T21:30:00Z,2025-08-21T22:14:27Z,63.55,63.55,False,N,0.0,-107.12850431878307,0.0,0.0,,,431.3119574074074,-538.5655965422784,0.0,0.0,431.3119574074074,-537.5655965422784,,,2025-08-20,46
2025-08-20,47,2025-08-20T22:00:00Z,2025-08-21T22:44:31Z,72.36530814487271,72.36530814487271,False,N,0.0,-34.59821056415272,0.0,0.0,,,553.2721745099213,-508.22244492476653,-200.0,120.0,553.2721745099213,-507.22244492476653,-200.0,120.0,2025-08-20,47
2025-08-20,48,2025-08-20T22:30:00Z,2025-08-21T23:14:33Z,62.75,62.75,False,N,0.0,-294.7766749041699,0.0,0.0,,,618.523717948718,-885.0045595195545,-200.0,171.0,618.523717948718,-884.0045595195545,-200.0,171.0,2025-08-20,48
2025-08-21,1,2025-08-20T23:00:00Z,2025-08-21T23:44:23Z,62.78,62.78,False,N,0.0,-225.70414918414917,0.0,0.0,,,610.2333333333333,-705.9374825174825,-250.0,120.0,610.2333333333333,-704.9374825174825,-250.0,120.0,2025-08-21,1
2025-08-21,2,2025-08-20T23:30:00Z,2025-08-22T00:14:33Z,62.75,62.75,False,N,0.0,-230.513933253663,0.0,0.0,,,590.5,-691.013933253663,-250.0,120.0,590.5,-690.013933253663,-250.0,120.0,2025-08-21,2
2025-08-21,3,2025-08-21T00:00:00Z,2025-08-22T00:44:29Z,62.75,62.75,False,N,0.0,-451.9942827991453,0.0,0.0,,,590.5,-862.5796994658119,-300.0,120.0,590.5,-861.5796994658119,-300.0,120.0,2025-08-21,3
2025-08-21,4,2025-08-21T00:30:00Z,2025-08-22T01:14:27Z,62.81,62.81,False,N,0.0,-267.2812844172494,0.0,0.0,,,602.3499829166667,-689.4334159071484,-300.0,120.0,602.3499829166667,-688.4334159071484,-300.0,120.0,2025-08-21,4
2025-08-21,5,2025-08-21T01:00:00Z,2025-08-22T01:44:31Z,62.83,62.83,False,N,0.0,-188.17361111111111,0.0,0.0,,,590.5,-548.7819444444444,-350.0,120.0,590.5,-547.7819444444444,-350.0,120.0,2025-08-21,5
2025-08-21,6,2025-08-21T01:30:00Z,2025-08-22T02:15:09Z,62.81,62.81,False,N,0.0,-277.10412465079366,0.0,0.0,,,590.60375,-637.691207984127,-350.0,120.0,590.60375,-636.691207984127,-350.0,120.0,2025-08-21,6
2025-08-21,7,2025-08-21T02:00:00Z,2025-08-22T02:44:24Z,62.81,62.81,False,N,0.0,-248.85698454365078,0.0,0.0,,,590.5039216666667,-509.40257287698415,-450.0,120.0,590.5039216666667,-508.40257287698415,-450.0,120.0,2025-08-21,7
2025-08-21,8,2025-08-21T02:30:00Z,2025-08-22T03:14:23Z,62.81,62.81,False,N,0.0,-535.4746846584897,0.0,0.0,,,590.5,-796.308017991823,-450.0,120.0,590.5,-795.308017991823,-450.0,120.0,2025-08-21,8
2025-08-21,9,2025-08-21T03:00:00Z,2025-08-22T03:44:28Z,62.81,62.81,False,N,0.0,-380.65973785473784,0.0,0.0,,,522.0211111111112,-623.2725156325156,-400.0,120.0,522.0211111111112,-622.2725156325156,-400.0,120.0,2025-08-21,9
2025-08-21,10,2025-08-21T03:30:00Z,2025-08-22T04:14:24Z,62.9,62.9,False,N,0.0,-481.4865145985663,0.0,0.0,,,384.85833388888886,-587.0698484874551,-400.0,120.0,384.85833388888886,-586.0698484874551,-400.0,120.0,2025-08-21,10
2025-08-21,11,2025-08-21T04:00:00Z,2025-08-22T04:44:32Z,63.01,63.01,False,N,0.0,-181.00218034996664,0.0,0.0,,,380.53333333333336,-736.6608470166333,0.0,174.667,380.53333333333336,-735.6608470166333,,174.667,2025-08-21,11
2025-08-21,12,2025-08-21T04:30:00Z,2025-08-22T05:14:30Z,101.9,101.9,False,P,0.0,53.235992334650504,0.0,0.0,,,380.7000000048065,-461.8216743320162,0.0,133.466,379.7000000048065,-461.8216743320162,,133.466,2025-08-21,12
2025-08-21,13,2025-08-21T05:00:00Z,2025-08-22T05:44:24Z,71.38,71.38,False,N,0.0,-19.855666666666668,0.0,0.0,,,382.35833333333335,-557.625,0.0,154.986,382.35833333333335,-556.625,,154.986,2025-08-21,13
2025-08-21,14,2025-08-21T05:30:00Z,2025-08-22T06:14:32Z,66.8,66.8,False,N,0.0,-153.1607879563492,0.0,0.0,,,381.1885657936508,-825.4296785119047,0.0,290.747,381.1885657936508,-824.4296785119047,,290.747,2025-08-21,14
2025-08-21,15,2025-08-21T06:00:00Z,2025-08-22T06:44:39Z,67.61,67.61,False,N,0.0,-98.53493739288889,0.0,0.0,,,588.0198627043334,-498.76524155155556,-400.0,212.5,588.0198627043334,-497.76524155155556,-400.0,212.5,2025-08-21,15
2025-08-21,16,2025-08-21T06:30:00Z,2025-08-22T07:14:24Z,108.37,108.37,False,P,0.0,213.38701225694444,0.0,0.0,,,725.6032622569444,-118.84326225694444,-400.0,6.933,724.6032622569444,-118.84326225694444,-400.0,6.933,2025-08-21,16
2025-08-21,17,2025-08-21T07:00:00Z,2025-08-22T07:44:30Z,50.57256276294218,50.57256276294218,False,N,0.0,-147.1356561111111,0.0,0.0,50.6423526,1.0,430.8560458333333,-78.10049555555555,-500.0,0.0,430.8560458333333,-77.99265194444445,-499.1078436111111,,2025-08-21,17
2025-08-21,18,2025-08-21T07:30:00Z,2025-08-22T08:14:56Z,63.12,63.12,False,N,0.0,-138.99722222222223,0.0,0.0,63.12,1.0,378.5027777777778,-17.5,-500.0,0.0,378.5027777777778,-17.374098203401346,-499.12590179659867,,2025-08-21,18
2025-08-21,19,2025-08-21T08:00:00Z,2025-08-22T08:44:32Z,59.454976105472014,59.454976105472014,False,N,0.0,-543.5343065319865,0.0,0.0,59.45708333333334,1.0,108.95750230555555,-202.27077347643097,-450.0,0.0,108.95750230555555,-201.972395609728,-449.29837786670294,,2025-08-21,19
2025-08-21,20,2025-08-21T08:30:00Z,2025-08-22T09:14:30Z,53.43947930131546,53.43947930131546,False,N,0.0,-1133.3621687359978,0.0,0.0,53.79666666666667,1.0,92.70412984312678,-776.1121687359978,-450.0,0.0,92.70412984312678,-775.9955020693311,-449.1166666666667,,2025-08-21,20
2025-08-21,21,2025-08-21T09:00:00Z,2025-08-22T09:44:33Z,50.06300529963862,50.06300529963862,False,N,0.0,-1165.12040975,0.0,0.0,50.72258333333333,1.0,102.08088463194444,-867.5942244375,-400.0,0.0,102.08088463194444,-867.0275577708334,-399.56666666666666,,2025-08-21,21
2025-08-21,22,2025-08-21T09:30:00Z,2025-08-22T10:14:40Z,40.113134992777645,40.113134992777645,False,N,0.0,-749.0661027777778,0.0,0.0,40.69692525,1.0,260.8281122222222,-610.0260294444445,-400.0,0.0,260.8281122222222,-609.1903144444444,-399.835715,,2025-08-21,22
2025-08-21,23,2025-08-21T10:00:00Z,2025-08-22T10:44:26Z,63.13,63.13,False,N,0.0,-381.9274975,0.0,0.0,,,513.6419444444444,-470.6361086111111,-425.0,0.0,513.6419444444444,-469.6361086111111,-425.0,,2025-08-21,23
2025-08-21,24,2025-08-21T10:30:00Z,2025-08-22T11:14:29Z,63.13,63.13,False,N,0.0,-364.76134570887444,0.0,0.0,,,497.1601377777778,-437.1325251533189,-425.0,0.0,497.1601377777778,-436.1325251533189,-425.0,,2025-08-21,24
2025-08-21,25,2025-08-21T11:00:00Z,2025-08-22T11:44:23Z,63.2,63.2,False,N,0.0,-311.12054924242426,0.0,0.0,,,492.10833375,-403.6559659090909,-400.0,0.0,492.10833375,-402.6559659090909,-400.0,,2025-08-21,25
2025-08-21,26,2025-08-21T11:30:00Z,2025-08-22T12:14:26Z,63.21,63.21,False,N,0.0,-104.98381944444445,0.0,0.0,,,651.7416666666667,-357.0184027777778,-400.0,0.0,651.7416666666667,-356.0184027777778,-400.0,,2025-08-21,26
2025-08-21,27,2025-08-21T12:00:00Z,2025-08-22T12:46:04Z,63.22,63.22,False,N,0.0,-155.7198396031746,0.0,0.0,,,759.0000016666667,-515.1031746031746,-400.0,0.0,759.0000016666667,-514.1031746031746,-400.0,,2025-08-21,27
2025-08-21,28,2025-08-21T12:30:00Z,2025-08-22T13:14:30Z,63.21,63.21,False,N,0.0,-471.2239484259259,0.0,0.0,,,607.59167,-679.2322850925926,-400.0,0.0,607.59167,-678.2322850925926,-400.0,,2025-08-21,28
2025-08-21,29,2025-08-21T13:00:00Z,2025-08-22T13:44:36Z,63.24,63.24,False,N,0.0,-455.8147848611111,0.0,0.0,,,565.3754929166666,-621.5907679166667,-400.0,0.0,565.3754929166666,-620.5907679166667,-400.0,,2025-08-21,29
2025-08-21,30,2025-08-21T13:30:00Z,2025-08-22T14:14:32Z,63.24,63.24,False,N,0.0,-445.3295890201465,0.0,0.0,,,596.475001111111,-641.8601504090354,-400.0,0.0,596.475001111111,-640.8601504090354,-400.0,,2025-08-21,30
2025-08-21,31,2025-08-21T14:00:00Z,2025-08-22T14:44:32Z,63.33,63.33,False,N,0.0,-329.2632773928096,0.0,0.0,,,644.3010274626128,-623.8704937443113,-350.0,0.0,644.3010274626128,-622.8704937443113,-350.0,,2025-08-21,31
2025-08-21,32,2025-08-21T14:30:00Z,2025-08-22T15:14:34Z,63.25,63.25,False,N,0.0,-591.9052769444445,0.0,0.0,,,543.4100008333334,-785.6569444444444,-350.0,0.0,543.4100008333334,-784.6569444444444,-350.0,,2025-08-21,32
2025-08-21,33,2025-08-21T15:00:00Z,2025-08-22T15:44:32Z,63.2,63.2,False,N,0.0,-747.3564623785936,0.0,0.0,,,468.67669200854704,-866.4150093871407,-350.0,0.0,468.67669200854704,-865.4150093871407,-350.0,,2025-08-21,33
2025-08-21,34,2025-08-21T15:30:00Z,2025-08-22T16:14:33Z,63.4,63.4,False,N,0.0,-439.3149220909646,0.0,0.0,,,617.84,-707.5771443131869,-350.0,0.0,617.84,-706.5771443131869,-350.0,,2025-08-21,34
2025-08-21,35,2025-08-21T16:00:00Z,2025-08-22T16:44:37Z,63.6,63.6,False,N,0.0,-423.4916695909646,0.0,0.0,,,576.2750016666666,-1000.0833379242979,0.0,0.0,576.2750016666666,-999.0833379242979,,,2025-08-21,35
2025-08-21,36,2025-08-21T16:30:00Z,2025-08-22T17:14:31Z,64.05,64.05,False,N,0.0,-243.30316578328282,0.0,0.0,,,530.175,-773.4110824499495,0.0,0.0,530.175,-772.4110824499495,,,2025-08-21,36
2025-08-21,37,2025-08-21T17:00:00Z,2025-08-22T17:44:29Z,64.11,64.11,False,N,0.0,-275.0581670634921,0.0,0.0,,,401.6166666666667,-676.8248337301587,0.0,0.0,401.6166666666667,-675.8248337301587,,,2025-08-21,37
2025-08-21,38,2025-08-21T17:30:00Z,2025-08-22T18:14:29Z,69.57,69.57,False,N,0.0,-18.545816527777777,0.0,0.0,,,223.5,-242.11248319444445,0.0,0.0,223.5,-241.11248319444445,,,2025-08-21,38
2025-08-21,39,2025-08-21T18:00:00Z,2025-08-22T18:44:30Z,73.77,73.77,False,N,0.0,-1.3500024428104576,0.0,0.0,,,223.50000019607842,-224.9333357761438,0.0,0.0,223.50000019607842,-223.9333357761438,,,2025-08-21,39
2025-08-21,40,2025-08-21T18:30:00Z,2025-08-22T19:14:28Z,70.61,70.61,False,N,0.0,-90.49167142857142,0.0,0.0,,,223.85000134920634,-314.2000047619048,0.0,0.0,223.85000134920634,-313.2000047619048,,,2025-08-21,40
2025-08-21,41,2025-08-21T19:00:00Z,2025-08-22T19:44:37Z,73.05,73.05,False,N,0.0,-8.034000416666666,0.0,0.0,,,227.175,-272.71666708333333,0.0,37.366,227.175,-271.71666708333333,,37.366,2025-08-21,41
2025-08-21,42,2025-08-21T19:30:00Z,2025-08-22T20:14:27Z,129.45,129.45,False,P,0.0,28.93671375,0.0,0.0,,,226.7496661111111,-204.89966625,0.0,7.033,225.7496661111111,-204.89966625,,7.033,2025-08-21,42
2025-08-21,43,2025-08-21T20:00:00Z,2025-08-22T20:44:29Z,87.5,87.5,False,P,0.0,16.35271138888889,0.0,0.0,,,322.3147441666667,-360.5383561111111,0.0,54.1,321.3147441666667,-360.5383561111111,,54.1,2025-08-21,43
2025-08-21,44,2025-08-21T20:30:00Z,2025-08-22T21:14:33Z,68.34660072251403,68.34660072251403,False,N,0.0,-42.80469287698413,0.0,0.0,,,224.76666666666668,-267.76135954365077,0.0,0.0,224.76666666666668,-266.76135954365077,,,2025-08-21,44
2025-08-21,45,2025-08-21T21:00:00Z,2025-08-22T21:44:33Z,71.41992834540754,71.41992834540754,False,N,0.0,-1.8649476917989418,0.0,0.0,,,140.84814875,-296.3612443584656,0.0,153.6,140.84814875,-295.3612443584656,,153.6,2025-08-21,45
2025-08-21,46,2025-08-21T21:30:00Z,2025-08-22T22:14:32Z,67.61,67.61,False,N,0.0,-37.69899450581396,0.0,0.0,,,119.21354722222222,-241.19271211347976,0.0,84.317,119.21354722222222,-240.19271211347976,,84.317,2025-08-21,46
2025-08-21,47,2025-08-21T22:00:00Z,2025-08-22T22:44:32Z,98.18,98.18,False,P,0.0,15.707195594729345,0.0,0.0,,,104.155055,-188.36449579415955,0.0,100.0,103.155055,-188.36449579415955,,100.0,2025-08-21,47
2025-08-21,48,2025-08-21T22:30:00Z,2025-08-22T23:14:29Z,65.05,65.05,False,N,0.0,-146.04880536130537,0.0,0.0,,,120.0,-424.96547202797206,0.0,158.85,120.0,-423.96547202797206,,158.85,2025-08-21,48
2025-08-22,1,2025-08-21T23:00:00Z,2025-08-22T23:44:40Z,65.05,65.05,False,N,0.0,-268.60366392642203,0.0,0.0,,,120.14989035930627,-521.8699972597553,0.0,133.233,120.14989035930627,-520.8699972597553,,133.233,2025-08-22,1
2025-08-22,2,2025-08-21T23:30:00Z,2025-08-23T00:14:32Z,65.05,65.05,False,N,0.0,-105.41206121212122,0.0,0.0,,,141.10030198232323,-394.44865269360037,0.0,148.033,141.10030198232323,-393.44865269360037,,148.033,2025-08-22,2
2025-08-22,3,2025-08-22T00:00:00Z,2025-08-23T00:44:33Z,65.05,65.05,False,N,0.0,-103.89995851851852,0.0,0.0,,,126.22967111111112,-330.4938967003367,0.0,100.0,126.22967111111112,-329.4938967003367,,100.0,2025-08-22,3
2025-08-22,4,2025-08-22T00:30:00Z,2025-08-23T01:14:29Z,91.0,91.0,False,P,0.0,5.52275049689441,0.0,0.0,,,138.46244380952382,-232.64391616977227,0.0,100.0,137.46244380952382,-232.64391616977227,,100.0,2025-08-22,4
2025-08-22,5,2025-08-22T01:00:00Z,2025-08-23T01:44:32Z,65.05,65.05,False,N,0.0,-67.94080158730159,0.0,0.0,,,134.55833333333334,-379.7248015873016,0.0,176.984,134.55833333333334,-378.7248015873016,,176.984,2025-08-22,5
2025-08-22,6,2025-08-22T01:30:00Z,2025-08-23T02:14:55Z,93.68,93.68,False,P,0.0,14.49854212962963,0.0,0.0,,,163.63256375,-263.87640542988424,0.0,114.683,162.63256375,-263.87640542988424,,114.683,2025-08-22,6
2025-08-22,7,2025-08-22T02:00:00Z,2025-08-23T02:44:29Z,65.15,65.15,False,N,0.0,-50.70824164646465,0.0,0.0,,,120.00052627777778,-271.091574979798,0.0,100.0,120.00052627777778,-270.091574979798,,100.0,2025-08-22,7
2025-08-22,8,2025-08-22T02:30:00Z,2025-08-23T03:14:31Z,97.31,97.31,False,P,0.0,9.155322133838384,0.0,0.0,,,137.5663786111111,-228.41670786616163,0.0,100.0,136.5663786111111,-228.41670786616163,,100.0,2025-08-22,8
2025-08-22,9,2025-08-22T03:00:00Z,2025-08-23T03:44:27Z,65.15,65.15,False,N,0.0,-128.71916666666667,0.0,0.0,,,127.66694444444444,-356.44305555555553,0.0,100.0,127.66694444444444,-355.44305555555553,,100.0,2025-08-22,9
2025-08-22,10,2025-08-22T03:30:00Z,2025-08-23T04:14:27Z,65.15,65.15,False,N,0.0,-130.83215,0.0,0.0,,,160.46342666666666,-391.41620805555556,0.0,100.0,160.46342666666666,-390.41620805555556,,100.0,2025-08-22,10
2025-08-22,11,2025-08-22T04:00:00Z,2025-08-23T04:44:28Z,65.3,65.3,False,N,0.0,-14.888293389037432,0.0,0.0,,,122.06666666666666,-237.23829338903744,0.0,100.0,122.06666666666666,-236.23829338903744,,100.0,2025-08-22,11
2025-08-22,12,2025-08-22T04:30:00Z,2025-08-23T05:14:27Z,110.56,110.56,False,P,0.0,146.01269607843136,0.0,0.0,110.56,1.0,140.025,-93.91230392156862,0.0,100.0,139.07103664456787,-93.91230392156862,,99.95396335543212,2025-08-22,12
2025-08-22,13,2025-08-22T05:00:00Z,2025-08-23T05:44:29Z,111.34744739702823,111.34744739702823,False,P,0.0,88.53609555555556,0.0,0.0,111.34,1.0,128.21974,-139.88057111111112,0.0,100.0,127.21974,-139.88057111111112,,100.0,2025-08-22,13
2025-08-22,14,2025-08-22T05:30:00Z,2025-08-23T06:14:44Z,75.02,75.02,False,N,0.0,-7.741666666666666,0.0,0.0,,,120.53333333333333,-228.29166666666666,0.0,100.0,120.53333333333333,-227.29166666666666,,100.0,2025-08-22,14
2025-08-22,15,2025-08-22T06:00:00Z,2025-08-23T06:44:27Z,124.07,124.07,False,P,0.0,212.7773023611111,0.0,0.0,124.07,1.0,312.51896902777776,-99.68146388888889,0.0,0.0,311.51896902777776,-99.68146388888889,,,2025-08-22,15
2025-08-22,16,2025-08-22T06:30:00Z,2025-08-23T07:14:36Z,161.0,161.0,False,P,0.0,83.11280742063492,0.0,0.0,,,128.88660742063493,-44.697925,0.0,0.0,127.88660742063492,-44.697925,,,2025-08-22,16
2025-08-22,17,2025-08-22T07:00:00Z,2025-08-23T07:44:28Z,161.0,161.0,False,P,0.0,180.11064861111112,0.0,0.0,,,180.55231527777778,-0.06898194444444444,0.0,0.0,179.55231527777778,-0.06898194444444444,,,2025-08-22,17
2025-08-22,18,2025-08-22T07:30:00Z,2025-08-23T08:14:28Z,115.99,115.99,False,P,0.0,92.74397513888889,0.0,0.0,,,94.94064180555556,-2.4073045833333335,0.0,0.0,93.94064180555556,-2.4073045833333335,,,2025-08-22,18
2025-08-22,19,2025-08-22T08:00:00Z,2025-08-23T08:44:26Z,65.51,65.51,False,N,0.0,-73.27944444444445,0.0,0.0,65.51,1.0,0.008333333333333333,-73.38777777777777,0.0,0.0,0.008333333333333333,-72.38777777777777,,,2025-08-22,19
2025-08-22,20,2025-08-22T08:30:00Z,2025-08-23T09:14:33Z,65.51,65.51,False,N,0.0,-102.1652554861111,0.0,0.0,,,0.030866458333333333,-154.0496165972222,0.0,51.667,0.030866458333333333,-153.0496165972222,,51.667,2025-08-22,20
2025-08-22,21,2025-08-22T09:00:00Z,2025-08-23T09:44:25Z,65.05,65.05,False,N,0.0,-93.6725,0.0,0.0,,,10.7,-104.61416666666666,0.0,0.0,10.7,-103.61416666666666,,,2025-08-22,21
2025-08-22,22,2025-08-22T09:30:00Z,2025-08-23T10:14:28Z,65.58,65.58,False,N,0.0,-83.42068287037037,0.0,0.0,,,175.70586666666668,-259.54984953703706,0.0,0.0,175.70586666666668,-258.54984953703706,,,2025-08-22,22
2025-08-22,23,2025-08-22T10:00:00Z,2025-08-23T10:44:28Z,101.18251241991035,101.18251241991035,False,P,0.0,26.49870832799145,0.0,0.0,,,291.00824916666664,-355.1349071349715,0.0,90.382,291.00824916666664,-355.1349071349715,,89.382,2025-08-22,23
2025-08-22,24,2025-08-22T10:30:00Z,2025-08-23T11:14:31Z,118.0,118.0,False,P,0.0,181.33884126984128,0.0,0.0,,,309.14166666666665,-192.6979365079365,0.0,64.784,308.14166666666665,-192.6979365079365,,64.784,2025-08-22,24
2025-08-22,25,2025-08-22T11:00:00Z,2025-08-23T11:44:27Z,118.0,118.0,False,P,0.0,32.70793650793651,0.0,0.0,,,170.875,-138.35873015873017,0.0,0.0,169.875,-138.35873015873017,,,2025-08-22,25
2025-08-22,26,2025-08-22T11:30:00Z,2025-08-23T12:14:24Z,66.1,66.1,False,N,0.0,-170.0375,0.0,0.0,,,181.43333333333334,-351.6141666666667,0.0,0.0,181.43333333333334,-350.6141666666667,,,2025-08-22,26
2025-08-22,27,2025-08-22T12:00:00Z,2025-08-23T12:44:37Z,65.58,65.58,False,N,0.0,-429.66277777777776,0.0,0.0,,,89.46,-519.2377777777778,0.0,0.0,89.46,-518.2377777777778,,,2025-08-22,27
2025-08-22,28,2025-08-22T12:30:00Z,2025-08-23T13:14:33Z,65.58,65.58,False,N,0.0,-369.3231310978836,0.0,0.0,,,111.97585035714286,-481.3297977645503,0.0,0.0,111.97585035714286,-480.3297977645503,,,2025-08-22,28
2025-08-22,29,2025-08-22T13:00:00Z,2025-08-23T13:44:33Z,63.0,63.0,False,N,0.0,-473.17645165606007,0.0,0.0,,,104.69135995370371,-578.178435544949,0.0,0.0,104.69135995370371,-577.178435544949,,,2025-08-22,29
2025-08-22,30,2025-08-22T13:30:00Z,2025-08-23T14:14:27Z,65.6,65.6,False,N,0.0,-131.039797008547,0.0,0.0,,,88.86666666666666,-220.47313034188033,0.0,0.0,88.86666666666666,-219.47313034188033,,,2025-08-22,30
2025-08-22,31,2025-08-22T14:00:00Z,2025-08-23T14:44:29Z,65.51,65.51,False,N,0.0,-355.66410323953824,0.0,0.0,,,88.00005791666666,-443.66410323953824,0.0,0.0,88.00005791666666,-442.66410323953824,,,2025-08-22,31
2025-08-22,32,2025-08-22T14:30:00Z,2025-08-23T15:14:27Z,65.58,65.58,False,N,0.0,-510.2843318809005,0.0,0.0,,,88.0,-598.2843318809005,0.0,0.0,88.0,-597.2843318809005,,,2025-08-22,32
2025-08-22,33,2025-08-22T15:00:00Z,2025-08-23T15:44:28Z,65.5295228876535,65.5295228876535,False,N,0.0,-452.75216768585284,0.0,0.0,,,60.45018999292021,-513.2021676858528,0.0,0.0,60.45018999292021,-512.2021676858528,,,2025-08-22,33
2025-08-22,34,2025-08-22T15:30:00Z,2025-08-23T16:14:30Z,65.58,65.58,False,N,0.0,-203.89568315266487,0.0,0.0,,,15.848252032520325,-219.7439351851852,0.0,0.0,15.848252032520325,-218.7439351851852,,,2025-08-22,34
2025-08-22,35,2025-08-22T16:00:00Z,2025-08-23T16:44:35Z,65.7,65.7,False,N,0.0,-37.43758130081301,0.0,0.0,,,127.45408536585366,-165.03333333333333,0.0,0.0,127.45408536585366,-164.03333333333333,,,2025-08-22,35
2025-08-22,36,2025-08-22T16:30:00Z,2025-08-23T17:14:27Z,128.89,128.89,False,P,0.0,78.09860621031746,0.0,0.0,,,313.02083357142857,-235.0472271230159,0.0,0.0,312.02083357142857,-235.0472271230159,,,2025-08-22,36
2025-08-22,37,2025-08-22T17:00:00Z,2025-08-23T17:44:28Z,121.57467926546535,121.57467926546535,False,P,0.0,60.29444467171717,0.0,0.0,,,459.11875133838384,-398.6020831060606,0.0,0.0,458.11875133838384,-398.6020831060606,,,2025-08-22,37
2025-08-22,38,2025-08-22T17:30:00Z,2025-08-23T18:14:29Z,128.89,128.89,False,P,0.0,199.483335,0.0,0.0,,,410.0,-210.791665,0.0,0.0,409.0,-210.791665,,,2025-08-22,38
2025-08-22,39,2025-08-22T18:00:00Z,2025-08-23T18:44:35Z,128.89,128.89,False,P,0.0,268.38958,0.0,0.0,,,423.88333666666665,-355.68542,0.0,200.0,422.88333666666665,-355.68542,,200.0,2025-08-22,39
2025-08-22,40,2025-08-22T18:30:00Z,2025-08-23T19:14:33Z,116.01,116.01,False,P,0.0,141.41666111111113,0.0,0.0,,,410.0,-468.7666722222222,0.0,200.0,410.0,-468.7666722222222,,199.0,2025-08-22,40
2025-08-22,41,2025-08-22T19:00:00Z,2025-08-23T19:44:31Z,103.3,103.3,False,P,0.0,127.51291625,0.0,0.0,,,428.4492588888889,-500.8013426388889,0.0,200.0,428.4492588888889,-500.8013426388889,,199.0,2025-08-22,41
2025-08-22,42,2025-08-22T19:30:00Z,2025-08-23T20:14:30Z,128.89,128.89,False,P,0.0,286.95208333333335,0.0,0.0,,,411.83333361111113,-324.73958361111113,0.0,200.0,410.83333361111113,-324.73958361111113,,200.0,2025-08-22,42
2025-08-22,43,2025-08-22T20:00:00Z,2025-08-23T20:44:38Z,102.03018867924528,102.03018867924528,False,P,0.0,179.24582680555557,0.0,0.0,,,419.59583333333336,-440.3708398611111,0.0,200.0,419.59583333333336,-440.3708398611111,,199.0,2025-08-22,43
2025-08-22,44,2025-08-22T20:30:00Z,2025-08-23T21:14:33Z,71.61,71.61,False,N,0.0,-57.458791040351166,0.0,0.0,,,410.7302834722222,-668.43074117924,0.0,200.0,410.7302834722222,-667.43074117924,,200.0,2025-08-22,44
2025-08-22,45,2025-08-22T21:00:00Z,2025-08-23T21:44:28Z,128.89,128.89,False,P,0.0,112.01323571078431,0.0,0.0,,,559.3250001388889,-447.620097622549,0.0,0.0,558.3250001388889,-447.620097622549,,,2025-08-22,45
2025-08-22,46,2025-08-22T21:30:00Z,2025-08-23T22:14:29Z,66.27313426667307,66.27313426667307,False,N,0.0,-291.39574063876086,0.0,0.0,,,408.6330140834613,-700.6834237301588,0.0,0.0,408.6330140834613,-699.6834237301588,,,2025-08-22,46
2025-08-22,47,2025-08-22T22:00:00Z,2025-08-23T22:44:34Z,66.3,66.3,False,N,0.0,-202.82933361696678,0.0,0.0,,,316.2290300925926,-546.2216786014453,0.0,27.25,316.2290300925926,-545.2216786014453,,27.25,2025-08-22,47
2025-08-22,48,2025-08-22T22:30:00Z,2025-08-23T23:14:27Z,70.0,70.0,False,N,0.0,-35.69902557817999,0.0,0.0,,,388.8958333333333,-426.22819224484664,0.0,1.75,388.8958333333333,-425.22819224484664,,1.75,2025-08-22,48
2025-08-23,1,2025-08-22T23:00:00Z,2025-08-23T23:44:28Z,66.35,66.35,False,N,0.0,-3.922857364163614,0.0,0.0,,,408.5,-412.42285736416363,0.0,0.0,408.5,-411.42285736416363,,,2025-08-23,1
2025-08-23,2,2025-08-22T23:30:00Z,2025-08-24T00:14:26Z,66.35,66.35,False,N,0.0,-12.349404761904761,0.0,0.0,,,408.5,-420.99940476190477,0.0,0.0,408.5,-419.99940476190477,,,2025-08-23,2
2025-08-23,3,2025-08-23T00:00:00Z,2025-08-24T00:44:34Z,79.64,79.64,False,P,0.0,67.84236111111112,0.0,0.0,79.64,0.0,408.5,-340.9576388888889,0.0,0.0,407.5,-340.9576388888889,,,2025-08-23,3
2025-08-23,4,2025-08-23T00:30:00Z,2025-08-24T01:14:42Z,81.81,81.81,False,P,0.0,58.813696865079365,0.0,0.0,81.81,0.0,408.5,-349.7113031349206,0.0,0.0,407.5,-349.7113031349206,,,2025-08-23,4
2025-08-23,5,2025-08-23T01:00:00Z,2025-08-24T01:44:31Z,81.58,81.58,False,P,0.0,2.1780068055555555,0.0,0.0,81.58,0.0,408.53865979166665,-406.3719931944444,0.0,0.0,407.53865979166665,-406.3719931944444,,,2025-08-23,5
2025-08-23,6,2025-08-23T01:30:00Z,2025-08-24T02:14:37Z,66.45,66.45,False,N,0.0,-16.742083333333333,0.0,0.0,,,461.8833333333333,-478.4166666666667,0.0,0.0,461.8833333333333,-477.4166666666667,,,2025-08-23,6
2025-08-23,7,2025-08-23T02:00:00Z,2025-08-24T02:44:32Z,66.45,66.45,False,N,0.0,-9.7625,0.0,0.0,,,429.06666666666666,-438.9125,0.0,0.0,429.06666666666666,-437.9125,,,2025-08-23,7
2025-08-23,8,2025-08-23T02:30:00Z,2025-08-24T03:14:26Z,94.24,94.24,False,P,0.0,11.708333333333334,0.0,0.0,94.24,1.0,427.7583333333333,-415.825,0.0,0.0,426.7583333333333,-415.825,,,2025-08-23,8
2025-08-23,9,2025-08-23T03:00:00Z,2025-08-24T03:44:19Z,99.77259173929578,99.77259173929578,False,P,0.0,16.63946608946609,0.0,0.0,99.59225,1.0,432.7916666666667,-416.4105339105339,0.0,0.0,431.7916666666667,-416.4105339105339,,,2025-08-23,9
2025-08-23,10,2025-08-23T03:30:00Z,2025-08-24T04:14:26Z,79.85,79.85,False,P,0.0,174.58024691358025,0.0,0.0,79.85,0.0,431.09166666666664,-256.76975308641977,0.0,0.0,430.09166666666664,-256.76975308641977,,,2025-08-23,10
2025-08-23,11,2025-08-23T04:00:00Z,2025-08-24T04:44:21Z,100.98,100.98,False,P,0.0,220.01666666666668,0.0,0.0,100.98,1.0,433.6666666666667,-213.38333333333333,0.0,0.0,432.6666666666667,-213.38333333333333,,,2025-08-23,11
2025-08-23,12,2025-08-23T04:30:00Z,2025-08-24T05:14:35Z,86.82,86.82,False,P,0.0,171.08333333333334,0.0,0.0,86.82,0.0,413.23333333333335,-242.325,0.0,0.0,412.23333333333335,-242.325,,,2025-08-23,12
2025-08-23,13,2025-08-23T05:00:00Z,2025-08-24T05:44:28Z,86.61,86.61,False,P,0.0,65.47,0.0,0.0,86.61,0.0,408.5,-343.1383333333333,0.0,0.0,407.5,-343.1383333333333,,,2025-08-23,13
2025-08-23,14,2025-08-23T05:30:00Z,2025-08-24T06:14:27Z,73.45,73.45,False,N,0.0,-3.248115681216931,0.0,0.0,,,408.50000314814815,-412.6564490145503,0.0,0.0,408.50000314814815,-411.6564490145503,,,2025-08-23,14
2025-08-23,15,2025-08-23T06:00:00Z,2025-08-24T06:44:27Z,66.51,66.51,False,N,0.0,-286.78760912698414,0.0,0.0,,,401.5722222222222,-689.001498015873,0.0,0.0,401.5722222222222,-688.001498015873,,,2025-08-23,15
2025-08-23,16,2025-08-23T06:30:00Z,2025-08-24T07:14:25Z,66.5,66.5,False,N,0.0,-235.00075816666666,0.0,0.0,,,263.4820911851852,-498.5206558333333,0.0,0.0,263.4820911851852,-497.5206558333333,,,2025-08-23,16
2025-08-23,17,2025-08-23T07:00:00Z,2025-08-24T07:44:23Z,66.5,66.5,False,N,0.0,-223.04598958333332,0.0,0.0,,,200.03486574074074,-423.21265625,0.0,0.0,200.03486574074074,-422.21265625,,,2025-08-23,17
2025-08-23,18,2025-08-23T07:30:00Z,2025-08-24T08:14:22Z,66.5,66.5,False,N,0.0,-237.9707583028083,0.0,0.0,,,116.73850555555556,-354.70409163614164,0.0,0.0,116.73850555555556,-353.70409163614164,,,2025-08-23,18
2025-08-23,19,2025-08-23T08:00:00Z,2025-08-24T08:44:26Z,63.703753833354355,63.703753833354355,False,N,0.0,-259.4137915277778,0.0,0.0,63.71775,1.0,0.026081180555555555,-259.92582930555557,0.0,0.0,0.026081180555555555,-258.92582930555557,,,2025-08-23,19
2025-08-23,20,2025-08-23T08:30:00Z,2025-08-24T09:14:24Z,64.19,64.19,False,N,0.0,-411.5824074074074,0.0,0.0,,,6.208333333333333,-418.02407407407406,0.0,0.0,6.208333333333333,-417.02407407407406,,,2025-08-23,20
2025-08-23,21,2025-08-23T09:00:00Z,2025-08-24T09:44:27Z,65.2103792010755,65.2103792010755,False,N,0.0,-524.79375,0.0,0.0,,,0.8333333333333334,-525.9020833333333,0.0,0.0,0.8333333333333334,-524.9020833333333,,,2025-08-23,21
2025-08-23,22,2025-08-23T09:30:00Z,2025-08-24T10:14:25Z,60.0,60.0,False,N,0.0,-602.6711923809523,0.0,0.0,60.0,1.0,1.0083352777777779,-603.266369047619,0.0,0.0,1.0083352777777779,-602.266369047619,,,2025-08-23,22
2025-08-23,23,2025-08-23T10:00:00Z,2025-08-24T10:44:29Z,66.51,66.51,False,N,0.0,-183.7143931060606,0.0,0.0,,,185.9916675,-369.5560606060606,0.0,0.0,185.9916675,-368.5560606060606,,,2025-08-23,23
2025-08-23,24,2025-08-23T10:30:00Z,2025-08-24T11:14:23Z,94.09,94.09,False,P,0.0,23.94511981902357,0.0,0.0,,,193.3878651473064,-169.17489494949496,0.0,0.0,192.3878651473064,-169.17489494949496,,,2025-08-23,24
2025-08-23,25,2025-08-23T11:00:00Z,2025-08-24T11:44:22Z,66.55,66.55,False,N,0.0,-8.220956388888888,0.0,0.0,,,70.03571027777778,-78.22738138888889,0.0,0.0,70.03571027777778,-77.22738138888889,,,2025-08-23,25
2025-08-23,26,2025-08-23T11:30:00Z,2025-08-24T12:14:20Z,94.68,94.68,False,P,0.0,29.683333333333334,0.0,0.0,,,118.42333333333333,-88.36666666666666,0.0,0.0,117.42333333333333,-88.36666666666666,,,2025-08-23,26
2025-08-23,27,2025-08-23T12:00:00Z,2025-08-24T12:44:23Z,66.51,66.51,False,N,0.0,-75.82535714285714,0.0,0.0,,,108.5,-184.46785714285716,0.0,0.0,108.5,-183.46785714285716,,,2025-08-23,27
2025-08-23,28,2025-08-23T12:30:00Z,2025-08-24T13:14:21Z,66.51,66.51,False,N,0.0,-76.50297619047619,0.0,0.0,,,114.84166666666667,-191.21130952380952,0.0,0.0,114.84166666666667,-190.21130952380952,,,2025-08-23,28
2025-08-23,29,2025-08-23T13:00:00Z,2025-08-24T13:44:21Z,66.51,66.51,False,N,0.0,-218.09583333333333,0.0,0.0,,,108.5,-326.8041666666667,0.0,0.0,108.5,-325.8041666666667,,,2025-08-23,29
2025-08-23,30,2025-08-23T13:30:00Z,2025-08-24T14:14:39Z,66.51,66.51,False,N,0.0,-186.26036944444445,0.0,0.0,,,108.55341875,-295.13536944444445,0.0,0.0,108.55341875,-294.13536944444445,,,2025-08-23,30
2025-08-23,31,2025-08-23T14:00:00Z,2025-08-24T14:44:22Z,67.0,67.0,False,N,0.0,-26.018055555555556,0.0,0.0,,,108.5,-134.51805555555555,0.0,0.0,108.5,-133.51805555555555,,,2025-08-23,31
2025-08-23,32,2025-08-23T14:30:00Z,2025-08-24T15:14:23Z,105.24,105.24,False,P,0.0,42.275,0.0,0.0,105.24,1.0,134.29166666666666,-91.88333333333334,0.0,0.0,133.29166666666666,-91.88333333333334,,,2025-08-23,32
2025-08-23,33,2025-08-23T15:00:00Z,2025-08-24T15:44:21Z,66.5,66.5,False,N,0.0,-76.525,0.0,0.0,,,113.075,-189.45,0.0,0.0,113.075,-188.45,,,2025-08-23,33
2025-08-23,34,2025-08-23T15:30:00Z,2025-08-24T16:14:23Z,66.49,66.49,False,N,0.0,-235.2655526923077,0.0,0.0,,,134.10994333333332,-369.373886025641,0.0,0.0,134.10994333333332,-368.373886025641,,,2025-08-23,34
2025-08-23,35,2025-08-23T16:00:00Z,2025-08-24T16:44:24Z,66.51,66.51,False,N,0.0,-383.28263888888887,0.0,0.0,,,222.05833333333334,-605.4743055555556,0.0,0.0,222.05833333333334,-604.4743055555556,,,2025-08-23,35
2025-08-23,36,2025-08-23T16:30:00Z,2025-08-24T17:14:24Z,67.4,67.4,False,N,0.0,-164.17696739912864,0.0,0.0,,,318.53394944444443,-482.935300732462,0.0,0.0,318.53394944444443,-481.935300732462,,,2025-08-23,36
2025-08-23,37,2025-08-23T17:00:00Z,2025-08-24T17:44:29Z,88.57,88.57,False,N,0.0,-1.1938819429181928,0.0,0.0,,,318.5,-319.90777083180706,0.0,0.0,318.5,-318.90777083180706,,,2025-08-23,37
2025-08-23,38,2025-08-23T17:30:00Z,2025-08-24T18:14:21Z,86.0,86.0,False,N,0.0,-12.299470555555555,0.0,0.0,,,326.45,-338.94999875,0.0,0.0,326.45,-337.94999875,,,2025-08-23,38
2025-08-23,39,2025-08-23T18:00:00Z,2025-08-24T18:44:25Z,124.25,124.25,False,P,0.0,88.73479166666667,0.0,0.0,,,320.194375,-231.55270833333333,0.0,0.0,319.194375,-231.55270833333333,,,2025-08-23,39
2025-08-23,40,2025-08-23T18:30:00Z,2025-08-24T19:14:29Z,86.0,86.0,False,N,0.0,-19.62823824074074,0.0,0.0,,,233.51666777777777,-253.20323935185186,0.0,0.0,233.51666777777777,-252.20323935185186,,,2025-08-23,40
2025-08-23,41,2025-08-23T19:00:00Z,2025-08-24T19:44:22Z,124.25,124.25,False,P,0.0,61.649642462121214,0.0,0.0,,,234.8583384997727,-173.05833184343433,0.0,0.0,233.8583384997727,-173.05833184343433,,,2025-08-23,41
2025-08-23,42,2025-08-23T19:30:00Z,2025-08-24T20:14:22Z,124.25,124.25,False,P,0.0,16.00088075880759,0.0,0.0,,,218.46199200880758,-202.70694444444445,0.0,0.0,217.46199200880758,-202.70694444444445,,,2025-08-23,42
2025-08-23,43,2025-08-23T20:00:00Z,2025-08-24T20:44:22Z,124.25,124.25,False,P,0.0,79.1307181300813,0.0,0.0,,,254.07967479674798,-175.34895666666668,0.0,0.0,253.07967479674798,-175.34895666666668,,,2025-08-23,43
2025-08-23,44,2025-08-23T20:30:00Z,2025-08-24T21:14:25Z,72.86,72.86,False,N,0.0,-85.28865933590103,0.0,0.0,,,312.97500486111113,-398.120145585901,0.0,0.0,312.97500486111113,-397.120145585901,,,2025-08-23,44
2025-08-23,45,2025-08-23T21:00:00Z,2025-08-24T21:44:25Z,124.25,124.25,False,P,0.0,54.24284859477124,0.0,0.0,,,315.65047854370914,-261.2022790093954,0.0,0.0,314.65047854370914,-261.2022790093954,,,2025-08-23,45
2025-08-23,46,2025-08-23T21:30:00Z,2025-08-24T22:14:25Z,78.69,78.69,False,N,0.0,-82.42371359126984,0.0,0.0,,,132.84999819444445,-215.43237845238096,0.0,0.0,132.84999819444445,-214.43237845238096,,,2025-08-23,46
2025-08-23,47,2025-08-23T22:00:00Z,2025-08-24T22:44:27Z,81.22,81.22,False,P,0.0,93.15083333333334,0.0,0.0,81.22,0.0,248.6,-155.44916666666666,0.0,0.0,247.6,-155.44916666666666,,,2025-08-23,47
2025-08-23,48,2025-08-23T22:30:00Z,2025-08-24T23:14:28Z,79.38,79.38,False,P,0.0,39.05126262626263,0.0,0.0,79.38,0.0,300.0,-260.9487373737374,0.0,0.0,299.0,-260.9487373737374,,,2025-08-23,48
2025-08-24,1,2025-08-23T23:00:00Z,2025-08-24T23:44:31Z,115.0,115.0,False,P,0.0,172.80049603174604,0.0,0.0,115.0,1.0,315.06666666666666,-142.26617063492063,0.0,0.0,314.06666666666666,-142.26617063492063,,,2025-08-24,1
2025-08-24,2,2025-08-23T23:30:00Z,2025-08-25T00:14:24Z,83.49,83.49,False,P,0.0,110.7388888888889,0.0,0.0,83.49,0.0,300.0,-189.26111111111112,0.0,0.0,299.0,-189.26111111111112,,,2025-08-24,2
2025-08-24,3,2025-08-24T00:00:00Z,2025-08-25T00:44:42Z,84.16,84.16,False,P,0.0,238.36666666666667,0.0,0.0,84.16,0.0,300.0,-62.1,0.0,0.0,299.0,-62.1,,,2025-08-24,3
2025-08-24,4,2025-08-24T00:30:00Z,2025-08-25T01:14:25Z,81.99,81.99,False,P,0.0,138.79444444444445,0.0,0.0,81.99,0.0,300.0,-161.2888888888889,0.0,0.0,299.0,-161.2888888888889,,,2025-08-24,4
2025-08-24,5,2025-08-24T01:00:00Z,2025-08-25T01:44:23Z,83.83,83.83,False,P,0.0,24.756640833333332,0.0,0.0,83.83,0.0,300.0000248611111,-275.2600258333333,0.0,0.0,299.0000248611111,-275.2600258333333,,,2025-08-24,5
2025-08-24,6,2025-08-24T01:30:00Z,2025-08-25T02:15:39Z,81.84,81.84,False,P,0.0,50.983333333333334,0.0,0.0,81.84,0.0,300.0,-249.05833333333334,0.0,0.0,299.0,-249.05833333333334,,,2025-08-24,6
2025-08-24,7,2025-08-24T02:00:00Z,2025-08-25T02:45:28Z,67.5,67.5,False,N,0.0,-40.65833333333333,0.0,0.0,,,300.0,-340.7,0.0,0.0,300.0,-339.7,,,2025-08-24,7
2025-08-24,8,2025-08-24T02:30:00Z,2025-08-25T03:14:26Z,67.22,67.22,False,N,0.0,-78.25053113553113,0.0,0.0,,,300.0,-378.25053113553116,0.0,0.0,300.0,-377.25053113553116,,,2025-08-24,8
2025-08-24,9,2025-08-24T03:00:00Z,2025-08-25T03:44:37Z,82.45,82.45,False,P,0.0,158.18852156593405,0.0,0.0,82.45,0.0,300.0000507986111,-141.81147843406595,0.0,0.0,299.0000507986111,-141.81147843406595,,,2025-08-24,9
2025-08-24,10,2025-08-24T03:30:00Z,2025-08-25T04:14:41Z,81.41,81.41,False,P,0.0,44.31666666666667,0.0,0.0,81.41,0.0,300.0,-255.68333333333334,0.0,0.0,299.0,-255.68333333333334,,,2025-08-24,10
2025-08-24,11,2025-08-24T04:00:00Z,2025-08-25T04:44:36Z,67.25,67.25,False,N,0.0,-25.247222222222224,0.0,0.0,,,300.0,-325.2472222222222,0.0,0.0,300.0,-324.2472222222222,,,2025-08-24,11
2025-08-24,12,2025-08-24T04:30:00Z,2025-08-25T05:14:34Z,67.25,67.25,False,N,0.0,-27.623257575757577,0.0,0.0,,,300.0,-327.6232575757576,0.0,0.0,300.0,-326.6232575757576,,,2025-08-24,12
2025-08-24,13,2025-08-24T05:00:00Z,2025-08-25T05:44:34Z,76.57,76.57,False,P,0.0,181.40583333333333,0.0,0.0,76.57,0.0,300.0,-118.61083333333333,0.0,0.0,299.0,-118.61083333333333,,,2025-08-24,13
2025-08-24,14,2025-08-24T05:30:00Z,2025-08-25T06:14:25Z,77.2,77.2,False,P,0.0,91.52222222222223,0.0,0.0,77.2,0.0,301.375,-209.8527777777778,0.0,0.0,300.375,-209.8527777777778,,,2025-08-24,14
2025-08-24,15,2025-08-24T06:00:00Z,2025-08-25T06:44:33Z,88.55,88.55,False,P,0.0,47.138194444444444,0.0,0.0,88.55,0.4666666666666667,346.7,-299.81180555555557,0.0,0.0,345.7,-299.81180555555557,,,2025-08-24,15
2025-08-24,16,2025-08-24T06:30:00Z,2025-08-25T07:14:31Z,67.25,67.25,False,N,0.0,-7.365290357142857,0.0,0.0,,,379.87514908730157,-387.48384194444446,0.0,0.0,379.87514908730157,-386.48384194444446,,,2025-08-24,16
2025-08-24,17,2025-08-24T07:00:00Z,2025-08-25T07:44:34Z,85.0,85.0,False,P,0.0,200.31083952766755,0.0,0.0,85.0,1.0,334.298546472112,-134.20128024305555,0.0,0.0,333.298546472112,-134.20128024305555,,,2025-08-24,17
2025-08-24,18,2025-08-24T07:30:00Z,2025-08-25T08:14:27Z,91.0,91.0,False,P,0.0,198.55,0.0,0.0,91.0,0.0,308.5,-110.09166666666667,0.0,0.0,307.5,-110.09166666666667,,,2025-08-24,18
2025-08-24,19,2025-08-24T08:00:00Z,2025-08-25T08:44:27Z,90.62,90.62,False,P,0.0,82.81416666666667,0.0,0.0,90.62,0.0,308.5,-226.125,0.0,0.0,307.5,-226.125,,,2025-08-24,19
2025-08-24,20,2025-08-24T08:30:00Z,2025-08-25T09:14:29Z,89.22,89.22,False,P,0.0,122.31759259259259,0.0,0.0,89.22,0.0,308.5,-186.42685185185186,0.0,0.0,307.5,-186.42685185185186,,,2025-08-24,20
2025-08-24,21,2025-08-24T09:00:00Z,2025-08-25T09:44:29Z,67.22,67.22,False,N,0.0,-77.6172225,0.0,0.0,,,225.16722222222222,-302.8422225,0.0,0.0,225.16722222222222,-301.8422225,,,2025-08-24,21
2025-08-24,22,2025-08-24T09:30:00Z,2025-08-25T10:14:39Z,67.03,67.03,False,N,0.0,-182.9875,0.0,0.0,,,108.5,-291.7708333333333,0.0,0.0,108.5,-290.7708333333333,,,2025-08-24,22
2025-08-24,23,2025-08-24T10:00:00Z,2025-08-25T10:44:32Z,67.03,67.03,False,N,0.0,-246.76666666666668,0.0,0.0,,,108.50416666666666,-355.59166666666664,0.0,0.0,108.50416666666666,-354.59166666666664,,,2025-08-24,23
2025-08-24,24,2025-08-24T10:30:00Z,2025-08-25T11:14:43Z,67.22,67.22,False,N,0.0,-212.43333208333334,0.0,0.0,,,113.74777777777778,-327.4561098611111,0.0,0.0,113.74777777777778,-326.4561098611111,,,2025-08-24,24
2025-08-24,25,2025-08-24T11:00:00Z,2025-08-25T11:44:35Z,65.55,65.55,False,N,0.0,-501.9236111111111,0.0,0.0,,,108.5,-610.7819444444444,0.0,0.0,108.5,-609.7819444444444,,,2025-08-24,25
2025-08-24,26,2025-08-24T11:30:00Z,2025-08-25T12:14:44Z,67.02,67.02,False,N,0.0,-528.6288725694984,0.0,0.0,,,108.5002687962963,-637.2622059028317,0.0,0.0,108.5002687962963,-636.2622059028317,,,2025-08-24,26
2025-08-24,27,2025-08-24T12:00:00Z,2025-08-25T12:44:39Z,67.02,67.02,False,N,0.0,-415.328125,0.0,0.0,,,108.5,-524.1697916666667,0.0,0.0,108.5,-523.1697916666667,,,2025-08-24,27
2025-08-24,28,2025-08-24T12:30:00Z,2025-08-25T13:14:40Z,67.03,67.03,False,N,0.0,-353.88946980506825,0.0,0.0,,,108.50028731481481,-462.47280313840156,0.0,0.0,108.50028731481481,-461.47280313840156,,,2025-08-24,28
2025-08-24,29,2025-08-24T13:00:00Z,2025-08-25T13:44:32Z,67.1,67.1,False,N,0.0,-247.22714999025342,0.0,0.0,,,108.50005315789474,-356.3521499902534,0.0,0.0,108.50005315789474,-355.3521499902534,,,2025-08-24,29
2025-08-24,30,2025-08-24T13:30:00Z,2025-08-25T14:14:21Z,67.1,67.1,False,N,0.0,-194.94768518518518,0.0,0.0,,,108.5,-303.83101851851853,0.0,0.0,108.5,-302.83101851851853,,,2025-08-24,30
2025-08-24,31,2025-08-24T14:00:00Z,2025-08-25T14:44:37Z,67.03,67.03,False,N,0.0,-259.7826923076923,0.0,0.0,,,108.5,-368.51602564102564,0.0,0.0,108.5,-367.51602564102564,,,2025-08-24,31
2025-08-24,32,2025-08-24T14:30:00Z,2025-08-25T15:14:48Z,67.02,67.02,False,N,0.0,-405.9226436111111,0.0,0.0,,,113.30742666666667,-519.2647925,0.0,0.0,113.30742666666667,-518.2647925,,,2025-08-24,32
2025-08-24,33,2025-08-24T15:00:00Z,2025-08-25T15:44:45Z,67.05,67.05,False,N,0.0,-498.3925605555556,0.0,0.0,,,176.1366028888889,-674.6643938888889,0.0,0.0,176.1366028888889,-673.6643938888889,,,2025-08-24,33
2025-08-24,34,2025-08-24T15:30:00Z,2025-08-25T16:14:34Z,67.15,67.15,False,N,0.0,-404.34842296113845,0.0,0.0,,,209.09489247311828,-613.6067562944718,0.0,0.0,209.09489247311828,-612.6067562944718,,,2025-08-24,34
2025-08-24,35,2025-08-24T16:00:00Z,2025-08-25T16:44:33Z,67.25,67.25,False,N,0.0,-149.3317151332168,0.0,0.0,,,258.5967741935484,-407.9284893267652,0.0,0.0,258.5967741935484,-406.9284893267652,,,2025-08-24,35
2025-08-24,36,2025-08-24T16:30:00Z,2025-08-25T17:14:38Z,67.25,67.25,False,N,0.0,-6.673333333333333,0.0,0.0,,,329.525,-336.17333333333335,0.0,0.0,329.525,-335.17333333333335,,,2025-08-24,36
2025-08-24,37,2025-08-24T17:00:00Z,2025-08-25T17:44:37Z,67.25,67.25,False,N,0.0,-37.94166685185185,0.0,0.0,,,409.9166673148148,-448.29166685185186,0.0,0.0,409.9166673148148,-447.29166685185186,,,2025-08-24,37
2025-08-24,38,2025-08-24T17:30:00Z,2025-08-25T18:14:40Z,77.92,77.92,False,N,0.0,-37.224082125603864,0.0,0.0,,,433.1,-470.64963768115945,0.0,0.0,433.1,-469.64963768115945,,,2025-08-24,38
2025-08-24,39,2025-08-24T18:00:00Z,2025-08-25T18:44:36Z,117.0,117.0,False,P,0.0,50.27298891936968,0.0,0.0,,,356.7504442261905,-306.618677747297,0.0,0.0,355.7504442261905,-306.618677747297,,,2025-08-24,39
2025-08-24,40,2025-08-24T18:30:00Z,2025-08-25T19:14:38Z,117.0,117.0,False,P,0.0,78.6969696969697,0.0,0.0,,,315.5444444444444,-236.8808080808081,0.0,0.0,314.5444444444444,-236.8808080808081,,,2025-08-24,40
2025-08-24,41,2025-08-24T19:00:00Z,2025-08-25T19:44:26Z,117.0,117.0,False,P,0.0,61.75835058080808,0.0,0.0,,,319.3169013888889,-257.5749827525253,0.0,0.0,318.3169013888889,-257.5749827525253,,,2025-08-24,41
2025-08-24,42,2025-08-24T19:30:00Z,2025-08-25T20:14:34Z,117.0,117.0,False,P,0.0,103.40239527777777,0.0,0.0,,,414.25053694444443,-311.23037376984126,0.0,0.0,413.25053694444443,-311.23037376984126,,,2025-08-24,42
2025-08-24,43,2025-08-24T20:00:00Z,2025-08-25T20:44:34Z,123.4,123.4,False,P,0.0,278.3238341602778,0.0,0.0,,,487.5539413825,-209.3622761111111,0.0,0.0,486.5539413825,-209.3622761111111,,,2025-08-24,43
2025-08-24,44,2025-08-24T20:30:00Z,2025-08-25T21:14:33Z,123.4,123.4,False,P,0.0,148.2745798495613,0.0,0.0,,,535.8511026563638,-387.6071777496451,0.0,0.0,534.8511026563638,-387.6071777496451,,,2025-08-24,44
2025-08-24,45,2025-08-24T21:00:00Z,2025-08-25T21:44:32Z,123.4,123.4,False,P,0.0,427.7047461640212,0.0,0.0,123.4,1.0,500.2316542063492,-143.5782542526455,0.0,70.833,499.2316542063492,-143.5782542526455,,70.833,2025-08-24,45
2025-08-24,46,2025-08-24T21:30:00Z,2025-08-25T22:14:44Z,123.4,123.4,False,P,0.0,147.72457972222222,0.0,0.0,,,524.47083,-376.7962502777778,0.0,0.0,523.47083,-376.7962502777778,,,2025-08-24,46
2025-08-24,47,2025-08-24T22:00:00Z,2025-08-25T22:44:32Z,118.0,118.0,False,P,0.0,246.39013770502646,0.0,0.0,118.0,1.0,451.1889723148148,-205.79917227954144,0.0,0.0,450.1889723148148,-205.79917227954144,,,2025-08-24,47
2025-08-24,48,2025-08-24T22:30:00Z,2025-08-25T23:14:31Z,117.38285481837568,117.38285481837568,False,P,0.0,290.46950048430733,0.0,0.0,116.7675761513889,1.0,466.3611606926407,-175.61410522300443,0.0,0.0,465.3611606926407,-175.61410522300443,,,2025-08-24,48
2025-08-25,1,2025-08-24T23:00:00Z,2025-08-25T23:44:31Z,96.31126377020937,96.31126377020937,False,P,0.0,194.74166666666667,0.0,0.0,93.06842105263158,0.95,715.00875,-520.48375,0.0,0.0,714.00875,-520.48375,,,2025-08-25,1
2025-08-25,2,2025-08-24T23:30:00Z,2025-08-26T00:14:31Z,111.0,111.0,False,P,0.0,89.08352380952381,0.0,0.0,,,714.8172497222222,-727.6327259126984,0.0,101.905,714.8172497222222,-727.6327259126984,,100.905,2025-08-25,2
2025-08-25,3,2025-08-25T00:00:00Z,2025-08-26T00:44:35Z,67.62,67.62,False,N,0.0,-41.64251085164835,0.0,0.0,,,714.3566815705128,-758.5538441849817,0.0,2.428,714.3566815705128,-757.5538441849817,,2.428,2025-08-25,3
2025-08-25,4,2025-08-25T00:30:00Z,2025-08-26T01:14:31Z,67.26698388534525,67.26698388534525,False,N,0.0,-16.764196233164984,0.0,0.0,,,714.2551042592593,-742.3558628998317,0.0,11.2,714.2551042592593,-741.3558628998317,,11.2,2025-08-25,4
2025-08-25,5,2025-08-25T01:00:00Z,2025-08-26T01:44:28Z,80.85,80.85,False,P,0.0,188.3224105963481,0.0,0.0,80.85,0.19833333333333333,714.6067197222222,-526.3492560703186,0.0,0.0,713.6067197222222,-526.3492560703186,,,2025-08-25,5
2025-08-25,6,2025-08-25T01:30:00Z,2025-08-26T02:14:39Z,80.29,80.29,False,P,0.0,2.09480072039072,0.0,0.0,80.29,0.0,714.0158638888889,-712.4468659462759,0.0,0.0,713.0158638888889,-712.4468659462759,,,2025-08-25,6
2025-08-25,7,2025-08-25T02:00:00Z,2025-08-26T02:44:31Z,87.98,87.98,False,P,0.0,310.0425,0.0,0.0,87.98,0.0,714.1333333333333,-404.9825,0.0,0.0,713.1333333333333,-404.9825,,,2025-08-25,7
2025-08-25,8,2025-08-25T02:30:00Z,2025-08-26T03:14:30Z,85.66,85.66,False,P,0.0,203.00243055555555,0.0,0.0,85.66,0.0,718.1633333333333,-514.9392361111111,0.0,0.0,717.1633333333333,-514.9392361111111,,,2025-08-25,8
2025-08-25,9,2025-08-25T03:00:00Z,2025-08-26T03:44:22Z,92.14,92.14,False,P,0.0,325.865625,0.0,0.0,92.14,0.0,714.275,-388.709375,0.0,0.0,713.275,-388.709375,,,2025-08-25,9
2025-08-25,10,2025-08-25T03:30:00Z,2025-08-26T04:14:26Z,91.09,91.09,False,P,0.0,258.4855478395062,0.0,0.0,91.09,0.0,715.9666666666667,-457.3061188271605,0.0,0.0,714.9666666666667,-457.3061188271605,,,2025-08-25,10
2025-08-25,11,2025-08-25T04:00:00Z,2025-08-26T04:44:31Z,123.0,123.0,False,P,0.0,569.4614847096245,0.0,0.0,123.0,1.0,717.4729168556312,-200.10559862370883,0.0,52.1,716.4882368084986,-200.10559862370883,,52.084680047132636,2025-08-25,11
2025-08-25,12,2025-08-25T04:30:00Z,2025-08-26T05:14:26Z,122.99991065046461,122.99991065046461,False,P,0.0,581.0226677777778,0.0,0.0,122.99991065046461,1.0,728.0112511111112,-248.89541666666668,0.0,101.856,727.0571126282334,-248.89541666666668,,101.81013848287763,2025-08-25,12
2025-08-25,13,2025-08-25T05:00:00Z,2025-08-26T05:44:25Z,125.0,125.0,False,P,0.0,583.6404907070707,0.0,0.0,125.0,1.0,749.7043316666667,-205.38059262626263,0.0,39.344,748.7043316666667,-205.38059262626263,,39.344,2025-08-25,13
2025-08-25,14,2025-08-25T05:30:00Z,2025-08-26T06:14:24Z,109.81007526204999,109.81007526204999,False,P,0.0,775.4301304834055,0.0,0.0,109.727,1.0,849.5463293055556,-74.24000840548341,0.0,0.0,848.5463293055556,-74.24000840548341,,,2025-08-25,14
2025-08-25,15,2025-08-25T06:00:00Z,2025-08-26T06:44:28Z,99.24,99.24,False,P,0.0,266.8902273859127,0.0,0.0,99.24,0.0,879.4949415277778,-612.944041641865,0.0,0.0,878.4949415277778,-612.944041641865,,,2025-08-25,15
2025-08-25,16,2025-08-25T06:30:00Z,2025-08-26T07:14:25Z,69.43,69.43,False,N,0.0,-9.694885103745202,0.0,0.0,,,565.4518402777778,-614.6773920481896,0.0,39.749,565.4518402777778,-613.6773920481896,,39.749,2025-08-25,16
2025-08-25,17,2025-08-25T07:00:00Z,2025-08-26T07:44:33Z,65.31,65.31,False,N,0.0,-18.673400248988486,0.0,0.0,,,425.65055555555557,-444.9567335823218,0.0,0.65,425.65055555555557,-443.9567335823218,,0.65,2025-08-25,17
2025-08-25,18,2025-08-25T07:30:00Z,2025-08-26T08:14:23Z,86.45,86.45,False,P,0.0,68.51717554713805,0.0,0.0,86.45,0.0,502.0044339583333,-433.56377778619526,0.0,0.0,501.0044339583333,-433.56377778619526,,,2025-08-25,18
2025-08-25,19,2025-08-25T08:00:00Z,2025-08-26T08:44:31Z,120.0,120.0,False,P,0.0,131.2650945180437,0.0,0.0,120.0,1.0,660.3352929166666,-557.340508244302,0.0,28.333,659.9652068621543,-557.340508244302,,27.703086054512315,2025-08-25,19
2025-08-25,20,2025-08-25T08:30:00Z,2025-08-26T09:14:27Z,95.0,95.0,False,P,0.0,238.0842161950238,0.0,0.0,,,1026.6901103995665,-788.7234550216679,0.0,0.0,1025.6901103995665,-788.7234550216679,,,2025-08-25,20
2025-08-25,21,2025-08-25T09:00:00Z,2025-08-26T09:44:34Z,96.0,96.0,False,P,0.0,403.33844,0.0,0.0,,,1061.0123768055555,-658.1448933333334,0.0,0.0,1060.0123768055555,-658.1448933333334,,,2025-08-25,21
2025-08-25,22,2025-08-25T09:30:00Z,2025-08-26T10:14:34Z,93.0,93.0,False,P,0.0,309.48170759920635,0.0,0.0,,,998.9135498214285,-689.5704548183761,0.0,0.0,997.9135498214285,-689.5704548183761,,,2025-08-25,22
2025-08-25,23,2025-08-25T10:00:00Z,2025-08-26T10:44:27Z,0.85,0.85,False,N,0.0,-158.78809162698414,0.0,0.0,,,1003.5035750396826,-162.84444444444443,-1000.0,0.0,1003.5035750396826,-162.84444444444443,-999.0,,2025-08-25,23
2025-08-25,24,2025-08-25T10:30:00Z,2025-08-26T11:14:31Z,0.1,0.1,False,N,0.0,-408.49123402777775,0.0,0.0,,,948.3301843055556,-375.85240652777776,-1000.0,18.75,948.3301843055556,-375.85240652777776,-999.0,18.75,2025-08-25,24
2025-08-25,25,2025-08-25T11:00:00Z,2025-08-26T11:44:33Z,-7.62,-7.62,False,N,0.0,-413.5243332799092,0.0,0.0,,,948.0000000616548,-431.9666666132425,-1000.0,70.184,948.0000000616548,-431.9666666132425,-999.0,70.184,2025-08-25,25
2025-08-25,26,2025-08-25T11:30:00Z,2025-08-26T12:14:27Z,-7.7,-7.7,False,N,0.0,-490.51598484848483,0.0,0.0,,,948.025,-438.85765151515153,-1000.0,0.0,948.025,-438.8490593142262,-999.0085922009254,,2025-08-25,26
2025-08-25,27,2025-08-25T12:00:00Z,2025-08-26T12:44:50Z,11.94,11.94,False,N,0.0,-849.6842527626262,0.0,0.0,,,949.2251694166666,-1048.9512667626263,-750.0,0.0,949.2251694166666,-1048.9512667626263,-749.0,,2025-08-25,27
2025-08-25,28,2025-08-25T12:30:00Z,2025-08-26T13:14:27Z,-11.5,-11.5,False,N,0.0,-932.8080170833333,0.0,0.0,,,948.7908138888889,-1132.0190056944443,-750.0,0.0,948.7908138888889,-1131.0190056944443,-750.0,,2025-08-25,28
2025-08-25,29,2025-08-25T13:00:00Z,2025-08-26T13:44:42Z,20.61,20.61,False,N,0.0,-736.5872243055555,0.0,0.0,,,949.06166875,-936.3238909722222,-750.0,0.0,949.06166875,-936.3238909722222,-749.0,,2025-08-25,29
2025-08-25,30,2025-08-25T13:30:00Z,2025-08-26T14:14:36Z,-17.25,-17.25,False,N,0.0,-1034.386942361111,0.0,0.0,,,948.6684641666667,-1233.06512875,-750.0,0.0,948.6684641666667,-1232.06512875,-750.0,,2025-08-25,30
2025-08-25,31,2025-08-25T14:00:00Z,2025-08-26T14:44:22Z,-17.25,-17.25,False,N,0.0,-354.2037888888889,0.0,0.0,,,948.59902625,-1302.9240268055555,0.0,0.0,948.59902625,-1301.9240268055555,,,2025-08-25,31
2025-08-25,32,2025-08-25T14:30:00Z,2025-08-26T15:14:52Z,-17.25,-17.25,False,N,0.0,-440.01781076875193,0.0,0.0,,,1056.8641149455339,-1506.0232590476191,0.0,9.283,1056.8641149455339,-1505.0232590476191,,9.283,2025-08-25,32
2025-08-25,33,2025-08-25T15:00:00Z,2025-08-26T15:44:34Z,90.0,90.0,False,P,0.0,33.841834792803084,0.0,0.0,,,1086.2450663007396,-1132.2460467366948,0.0,80.767,1086.2450663007396,-1132.2460467366948,,79.767,2025-08-25,33
2025-08-25,34,2025-08-25T15:30:00Z,2025-08-26T16:14:41Z,91.0,91.0,False,P,0.0,95.40315055496245,0.0,0.0,,,1099.3958172216292,-1086.3000027854407,0.0,82.624,1098.3958172216292,-1086.3000027854407,,82.624,2025-08-25,34
2025-08-25,35,2025-08-25T16:00:00Z,2025-08-26T16:44:37Z,91.0,91.0,False,P,0.0,5.995970394985496,0.0,0.0,,,1099.2726370616522,-1199.6516666666666,0.0,106.5,1098.2726370616522,-1199.6516666666666,,106.5,2025-08-25,35
2025-08-25,36,2025-08-25T16:30:00Z,2025-08-26T17:14:39Z,117.9,117.9,False,P,0.0,113.26869611111111,0.0,0.0,,,1285.9398591666666,-1297.5387523611112,0.0,125.149,1284.9398591666666,-1297.5387523611112,,125.149,2025-08-25,36
2025-08-25,37,2025-08-25T17:00:00Z,2025-08-26T17:44:38Z,117.9,117.9,False,P,0.0,483.5619513888889,0.0,0.0,,,881.4258680555556,-1474.3955555555556,0.0,1076.927,880.4258680555556,-1474.3955555555556,,1076.927,2025-08-25,37
2025-08-25,38,2025-08-25T17:30:00Z,2025-08-26T18:14:41Z,118.59,118.59,False,P,0.0,608.8652471813725,0.0,0.0,,,1097.2403305147059,-1560.6759166666666,0.0,1072.568,1097.2403305147059,-1560.6759166666666,,1071.568,2025-08-25,38
2025-08-25,39,2025-08-25T18:00:00Z,2025-08-26T18:44:45Z,122.82,122.82,False,P,0.0,728.337030629714,0.0,0.0,,,1324.7641536720375,-1643.780478161375,0.0,1047.583,1323.7641536720375,-1643.780478161375,,1047.583,2025-08-25,39
2025-08-25,40,2025-08-25T18:30:00Z,2025-08-26T19:14:42Z,124.5,124.5,False,P,0.0,980.4558864842587,0.0,0.0,,,1628.8464817040674,-1658.8898420871699,0.0,1010.517,1627.8464817040674,-1658.8898420871699,,1010.517,2025-08-25,40
2025-08-25,41,2025-08-25T19:00:00Z,2025-08-26T19:44:40Z,123.07,123.07,False,P,0.0,769.6970140619209,0.0,0.0,,,1668.4126138527342,-1702.936395841207,-0.58,804.066,1668.4126138527342,-1702.936395841207,-0.58,803.066,2025-08-25,41
2025-08-25,42,2025-08-25T19:30:00Z,2025-08-26T20:14:42Z,118.59,118.59,False,P,0.0,616.2163999074565,0.0,0.0,,,1450.557408733133,-1639.1294209830664,-0.586,805.365,1450.557408733133,-1639.1294209830664,-0.586,804.365,2025-08-25,42
2025-08-25,43,2025-08-25T20:00:00Z,2025-08-26T20:44:45Z,106.81,106.81,False,P,0.0,458.42282877887016,0.0,0.0,,,1465.7790787043098,-1642.608248443352,-0.617,635.4,1465.7790787043098,-1642.608248443352,-0.617,634.4,2025-08-25,43
2025-08-25,44,2025-08-25T20:30:00Z,2025-08-26T21:14:44Z,102.27013333333333,102.27013333333333,False,P,0.0,234.5537750392202,0.0,0.0,,,1388.8239511797512,-1685.859947891851,-0.54,531.716,1388.8239511797512,-1685.859947891851,-0.54,530.716,2025-08-25,44
2025-08-25,45,2025-08-25T21:00:00Z,2025-08-26T21:44:38Z,114.9,114.9,False,P,0.0,385.71682428571427,0.0,0.0,,,1597.2800965079366,-1575.1847954166667,0.0,363.74,1596.2800965079366,-1575.1847954166667,,363.74,2025-08-25,45
2025-08-25,46,2025-08-25T21:30:00Z,2025-08-26T22:14:43Z,114.9,114.9,False,P,0.0,413.71152804874725,0.0,0.0,,,1514.6539724931918,-1482.4908662731482,0.0,381.727,1513.6539724931918,-1482.4908662731482,,381.727,2025-08-25,46
2025-08-25,47,2025-08-25T22:00:00Z,2025-08-26T22:44:44Z,109.0,109.0,False,P,0.0,248.99280217612045,0.0,0.0,,,1445.3518021761204,-1329.5194601358812,0.0,133.516,1444.3518021761204,-1329.5194601358812,,133.516,2025-08-25,47
2025-08-25,48,2025-08-25T22:30:00Z,2025-08-26T23:14:41Z,104.9,104.9,False,P,0.0,102.18308355555556,0.0,0.0,,,1394.0939182777777,-1411.5053099426864,0.0,120.0,1393.0939182777777,-1411.5053099426864,,120.0,2025-08-25,48
2025-08-26,1,2025-08-25T23:00:00Z,2025-08-26T23:44:39Z,104.9,104.9,False,P,0.0,238.77581694444444,0.0,0.0,,,1275.9488725,-1307.3302625,0.0,270.0,1274.9488725,-1307.3302625,,270.0,2025-08-26,1
2025-08-26,2,2025-08-25T23:30:00Z,2025-08-27T00:14:44Z,105.0,105.0,False,P,0.0,174.25694569444445,0.0,0.0,,,1073.4402790277777,-1169.2458333333334,0.0,270.0,1072.4402790277777,-1169.2458333333334,,270.0,2025-08-26,2
2025-08-26,3,2025-08-26T00:00:00Z,2025-08-27T00:44:39Z,62.0,62.0,False,N,0.0,-106.09861111111111,0.0,0.0,,,958.8472222222222,-1334.951388888889,0.0,270.0,958.8472222222222,-1333.951388888889,,270.0,2025-08-26,3
2025-08-26,4,2025-08-26T00:30:00Z,2025-08-27T01:14:41Z,79.69,79.69,False,P,0.0,71.27857138888889,0.0,0.0,79.69,0.0,967.4214286111111,-1166.3880955555555,0.0,270.0,966.4214286111111,-1166.3880955555555,,270.0,2025-08-26,4
2025-08-26,5,2025-08-26T01:00:00Z,2025-08-27T01:44:39Z,73.61,73.61,False,P,0.0,84.01249898809523,0.0,0.0,73.61,0.0,904.1472222222222,-1090.0541676785715,0.0,270.0,903.1472222222222,-1090.0541676785715,,270.0,2025-08-26,5
2025-08-26,6,2025-08-26T01:30:00Z,2025-08-27T02:16:12Z,97.94,97.94,False,P,0.0,78.48522226851851,0.0,0.0,97.94,0.1942561111111111,904.250935324074,-1095.950105787037,0.0,270.0,903.250935324074,-1095.950105787037,,270.0,2025-08-26,6
2025-08-26,7,2025-08-26T02:00:00Z,2025-08-27T02:44:38Z,95.0,95.0,False,P,0.0,12.803044702380953,0.0,0.0,,,1000.3638888888889,-1257.9517866865078,0.0,270.0,999.3638888888889,-1257.9517866865078,,270.0,2025-08-26,7
2025-08-26,8,2025-08-26T02:30:00Z,2025-08-27T03:14:39Z,105.0,105.0,False,P,0.0,173.91569555555554,0.0,0.0,,,1052.2266666666667,-1148.1693044444444,0.0,270.0,1051.2266666666667,-1148.1693044444444,,270.0,2025-08-26,8
2025-08-26,9,2025-08-26T03:00:00Z,2025-08-27T03:44:33Z,95.0,95.0,False,P,0.0,386.61027777777775,0.0,0.0,95.0,1.0,1005.4145271367521,-889.2125527777778,0.0,270.0,1004.4145271367521,-889.2125527777778,,270.0,2025-08-26,9
2025-08-26,10,2025-08-26T03:30:00Z,2025-08-27T04:14:39Z,105.0,105.0,False,P,0.0,229.96119277777777,0.0,0.0,,,1019.4583358333333,-1059.49,0.0,270.0,1018.4583358333333,-1059.49,,270.0,2025-08-26,10
2025-08-26,11,2025-08-26T04:00:00Z,2025-08-27T04:44:41Z,125.0,125.0,False,P,0.0,353.65555416666666,0.0,0.0,,,1051.2281747222223,-967.4976205555555,0.0,270.0,1050.2281747222223,-967.4976205555555,,270.0,2025-08-26,11
2025-08-26,12,2025-08-26T04:30:00Z,2025-08-27T05:14:36Z,125.0,125.0,False,P,0.0,387.11896102941176,0.0,0.0,,,1002.0506963071896,-895.7265963888889,0.0,280.45,1001.0506963071896,-895.7265963888889,,280.45,2025-08-26,12
2025-08-26,13,2025-08-26T05:00:00Z,2025-08-27T05:44:32Z,117.0,117.0,False,P,0.0,438.9036764705882,0.0,0.0,117.0,1.0,1082.6745098039216,-913.9958333333333,0.0,270.0,1081.6745098039216,-913.9958333333333,,270.0,2025-08-26,13
2025-08-26,14,2025-08-26T05:30:00Z,2025-08-27T06:14:35Z,122.0,122.0,False,P,0.0,442.55106472222224,0.0,0.0,122.0,1.0,1094.5827461111112,-933.874406111111,0.0,281.55,1093.6422425385904,-933.874406111111,,281.4905035725208,2025-08-26,14
2025-08-26,15,2025-08-26T06:00:00Z,2025-08-27T06:44:32Z,117.0,117.0,False,P,0.0,254.4228746626984,0.0,0.0,,,1097.85192375,-843.4947890873016,0.0,0.0,1096.85192375,-843.4947890873016,,,2025-08-26,15
2025-08-26,16,2025-08-26T06:30:00Z,2025-08-27T07:14:34Z,117.0,117.0,False,P,0.0,73.20999666666667,0.0,0.0,,,959.2396273611112,-886.1962973611111,0.0,0.0,958.2396273611112,-886.1962973611111,,,2025-08-26,16
2025-08-26,17,2025-08-26T07:00:00Z,2025-08-27T07:44:33Z,72.54531865742452,72.54531865742452,False,N,0.0,-19.04191638888889,0.0,0.0,,,780.8707430555555,-713.9707427777778,-100.0,13.956,780.8707430555555,-713.9079716666666,-99.0627711111111,13.956,2025-08-26,17
2025-08-26,18,2025-08-26T07:30:00Z,2025-08-27T08:14:36Z,117.0,117.0,False,P,0.0,270.93666180555556,0.0,0.0,,,898.2364486111111,-582.9364534722222,-100.0,55.695,897.2364486111111,-582.9364534722222,-100.0,55.695,2025-08-26,18
2025-08-26,19,2025-08-26T08:00:00Z,2025-08-27T08:44:38Z,117.0,117.0,False,P,0.0,213.06749270833333,0.0,0.0,,,890.9202717361111,-528.0677686805556,-150.0,0.0,889.9202717361111,-528.0677686805556,-150.0,,2025-08-26,19
2025-08-26,20,2025-08-26T08:30:00Z,2025-08-27T09:14:33Z,117.0,117.0,False,P,0.0,396.9428148765432,0.0,0.0,,,919.3168218209877,-386.5260841358025,-150.0,14.572,918.3168218209877,-386.5260841358025,-150.0,14.572,2025-08-26,20
2025-08-26,21,2025-08-26T09:00:00Z,2025-08-27T09:44:38Z,125.0,125.0,False,P,0.0,705.9982020061728,0.0,0.0,,,1087.5955353395061,-228.59784570987654,-175.0,22.061,1086.5955353395061,-228.59784570987654,-175.0,22.061,2025-08-26,21
2025-08-26,22,2025-08-26T09:30:00Z,2025-08-27T10:14:35Z,117.0,117.0,False,P,0.0,512.7799972619048,0.0,0.0,,,743.4309778174603,-55.6345868452381,-175.0,0.0,742.4309778174603,-55.6345868452381,-175.0,,2025-08-26,22
2025-08-26,23,2025-08-26T10:00:00Z,2025-08-27T10:44:31Z,117.0,117.0,False,P,0.0,498.0276633986928,0.0,0.0,,,724.8776633986928,-52.125,-175.0,0.0,723.8776633986928,-52.125,-175.0,,2025-08-26,23
2025-08-26,24,2025-08-26T10:30:00Z,2025-08-27T11:14:36Z,99.0,99.0,False,P,0.0,192.81789215686274,0.0,0.0,,,445.0845588235294,-77.54166666666667,-175.0,0.0,444.0845588235294,-77.54166666666667,-175.0,,2025-08-26,24
2025-08-26,25,2025-08-26T11:00:00Z,2025-08-27T11:44:35Z,113.95,113.95,False,P,0.0,148.20833333333334,0.0,0.0,,,443.0,-95.00833333333334,-200.0,0.0,442.0,-95.00833333333334,-200.0,,2025-08-26,25
2025-08-26,26,2025-08-26T11:30:00Z,2025-08-27T12:14:36Z,91.0,91.0,False,P,0.0,50.958330426251436,0.0,0.0,,,443.00000029095,-192.09166957374856,-200.0,0.0,442.00000029095,-192.09166957374856,-200.0,,2025-08-26,26
2025-08-26,27,2025-08-26T12:00:00Z,2025-08-27T12:44:41Z,113.95,113.95,False,P,0.0,305.431,0.0,0.0,,,530.181,-24.833380952380953,-200.0,0.0,529.181,-24.833380952380953,-200.0,,2025-08-26,27
2025-08-26,28,2025-08-26T12:30:00Z,2025-08-27T13:14:34Z,113.95,113.95,False,P,0.0,365.520415,0.0,0.0,,,641.3181754166667,-75.93970486111111,-200.0,0.0,640.3181754166667,-75.93970486111111,-200.0,,2025-08-26,28
2025-08-26,29,2025-08-26T13:00:00Z,2025-08-27T13:44:33Z,66.66,66.66,False,N,0.0,-34.425,0.0,0.0,,,452.39166666666665,-286.81666666666666,-200.0,0.0,452.39166666666665,-285.81666666666666,-200.0,,2025-08-26,29
2025-08-26,30,2025-08-26T13:30:00Z,2025-08-27T14:14:45Z,60.5,60.5,False,N,0.0,-144.56964285714287,0.0,0.0,,,443.0375,-387.7529761904762,-200.0,0.0,443.0375,-386.7529761904762,-200.0,,2025-08-26,30
2025-08-26,31,2025-08-26T14:00:00Z,2025-08-27T14:44:47Z,61.15,61.15,False,N,0.0,-141.90416666666667,0.0,0.0,,,486.0833333333333,-628.1958333333333,0.0,0.0,486.0833333333333,-627.1958333333333,,,2025-08-26,31
2025-08-26,32,2025-08-26T14:30:00Z,2025-08-27T15:14:42Z,109.0,109.0,False,P,0.0,153.56024552675566,0.0,0.0,,,531.2478676959877,-378.0002488559604,0.0,0.0,530.2478676959877,-378.0002488559604,,,2025-08-26,32
2025-08-26,33,2025-08-26T15:00:00Z,2025-08-27T15:44:46Z,64.4,64.4,False,N,0.0,-33.439754943011195,0.0,0.0,,,702.269937487141,-761.9772371336056,0.0,26.45,702.269937487141,-760.9772371336056,,26.45,2025-08-26,33
2025-08-26,34,2025-08-26T15:30:00Z,2025-08-27T16:15:07Z,109.0,109.0,False,P,0.0,264.7343449033554,0.0,0.0,,,573.9940835729001,-309.25160926331125,0.0,0.0,572.9940835729001,-309.25160926331125,,,2025-08-26,34
2025-08-26,35,2025-08-26T16:00:00Z,2025-08-27T16:44:42Z,113.95,113.95,False,P,0.0,149.68641025641026,0.0,0.0,,,368.3833333333333,-218.46358974358975,0.0,0.0,367.3833333333333,-218.46358974358975,,,2025-08-26,35
2025-08-26,36,2025-08-26T16:30:00Z,2025-08-27T17:14:40Z,178.0,178.0,False,P,0.0,311.0987700213675,0.0,0.0,,,405.5260756709724,-109.6610947008547,0.0,15.417,404.5260756709724,-109.6610947008547,,15.417,2025-08-26,36
2025-08-26,37,2025-08-26T17:00:00Z,2025-08-27T17:44:35Z,150.0,150.0,False,P,0.0996,662.9297168740862,0.0,0.0,,,288.68424340052997,-625.0870174314693,0.0,1000.0,288.68424340052997,-625.0870174314693,,999.0,2025-08-26,37
2025-08-26,38,2025-08-26T17:30:00Z,2025-08-27T18:14:41Z,153.19,153.19,False,P,0.714,810.0419444444444,0.0,0.0,,,324.05833333333334,-514.1763888888889,0.0,1000.0,324.05833333333334,-514.1763888888889,,999.0,2025-08-26,38
2025-08-26,39,2025-08-26T18:00:00Z,2025-08-27T18:44:41Z,157.35,157.35,False,P,6.8346,523.2591787259499,0.0,0.0,,,338.5001035030864,-815.6074879407167,0.0,1000.0,338.5001035030864,-815.6074879407167,,999.0,2025-08-26,39
2025-08-26,40,2025-08-26T18:30:00Z,2025-08-27T19:14:38Z,152.25,152.25,False,P,8.9742,280.3812388203463,0.0,0.0,,,338.5,-1087.0907611796538,0.0,1028.622,338.5,-1087.0907611796538,,1027.622,2025-08-26,40
2025-08-26,41,2025-08-26T19:00:00Z,2025-08-27T19:44:43Z,130.0,130.0,False,P,5.7246,27.97280237012987,0.0,0.0,,,361.0,-634.6631976298702,0.0,301.561,360.0,-634.6631976298702,,301.561,2025-08-26,41
2025-08-26,42,2025-08-26T19:30:00Z,2025-08-27T20:14:47Z,155.61013333333332,155.61013333333332,False,P,7.74,207.5921717171717,0.0,0.0,,,356.0,-399.0328282828283,0.0,250.0,356.0,-399.0328282828283,,249.0,2025-08-26,42
2025-08-26,43,2025-08-26T20:00:00Z,2025-08-27T20:44:37Z,85.0,85.0,False,P,8.7438,11.238799292929293,0.0,0.0,,,371.5055188888889,-360.1862007070707,0.0,0.0,370.5055188888889,-360.1862007070707,,,2025-08-26,43
2025-08-26,44,2025-08-26T20:30:00Z,2025-08-27T21:14:37Z,66.5,66.5,False,N,4.2756,-34.12916666666667,0.0,0.0,,,303.22671083333336,-337.2808775,0.0,0.0,303.22671083333336,-336.2808775,,,2025-08-26,44
2025-08-26,45,2025-08-26T21:00:00Z,2025-08-27T21:44:39Z,66.1,66.1,False,N,0.0204,-137.19166666666666,0.0,0.0,,,195.425,-332.80833333333334,0.0,0.0,195.425,-331.80833333333334,,,2025-08-26,45
2025-08-26,46,2025-08-26T21:30:00Z,2025-08-27T22:14:39Z,66.0,66.0,False,N,0.0,-347.7464324074074,0.0,0.0,,,126.41535077777777,-474.2044324074074,0.0,0.0,126.41535077777777,-473.2044324074074,,,2025-08-26,46
2025-08-26,47,2025-08-26T22:00:00Z,2025-08-27T22:44:35Z,66.0,66.0,False,N,0.0,-471.8099206349206,0.0,0.0,,,160.75,-632.5599206349207,0.0,0.0,160.75,-631.5599206349207,,,2025-08-26,47
2025-08-26,48,2025-08-26T22:30:00Z,2025-08-27T23:14:41Z,66.0,66.0,False,N,0.0,-147.74934066137567,0.0,0.0,,,202.7181461111111,-350.34277002178646,0.0,0.0,202.7181461111111,-349.34277002178646,,,2025-08-26,48
2025-08-27,1,2025-08-26T23:00:00Z,2025-08-27T23:44:38Z,103.12,103.12,False,P,0.0,137.8999993524531,0.0,0.0,103.12,1.0,342.48242601911977,-204.61390972282348,0.0,0.0,341.48242601911977,-204.61390972282348,,,2025-08-27,1
2025-08-27,2,2025-08-26T23:30:00Z,2025-08-28T00:14:43Z,102.41,102.41,False,P,0.0,102.05851533730159,0.0,0.0,102.41,1.0,344.8423873611111,-242.7342449404762,0.0,0.0,343.8423873611111,-242.7342449404762,,,2025-08-27,2
2025-08-27,3,2025-08-27T00:00:00Z,2025-08-28T00:44:37Z,67.0,67.0,False,N,0.0,-70.34515415140415,0.0,0.0,,,302.65673076923076,-373.0518849206349,0.0,0.0,302.65673076923076,-372.0518849206349,,,2025-08-27,3
2025-08-27,4,2025-08-27T00:30:00Z,2025-08-28T01:14:41Z,67.0,67.0,False,N,0.0,-20.919284188034187,0.0,0.0,,,241.43953923076924,-262.2338234188034,0.0,0.0,241.43953923076924,-261.2338234188034,,,2025-08-27,4
2025-08-27,5,2025-08-27T01:00:00Z,2025-08-28T01:44:41Z,67.0,67.0,False,N,0.0,-163.43242598679097,0.0,0.0,,,147.22619055555555,-310.5824265423465,0.0,0.0,147.22619055555555,-309.5824265423465,,,2025-08-27,5
2025-08-27,6,2025-08-27T01:30:00Z,2025-08-28T02:15:32Z,66.66,66.66,False,N,0.0,-370.31051136363635,0.0,0.0,,,150.56875,-520.4063446969697,0.0,0.0,150.56875,-519.4063446969697,,,2025-08-27,6
2025-08-27,7,2025-08-27T02:00:00Z,2025-08-28T02:44:42Z,66.0,66.0,False,N,0.0,-577.3788673809523,0.0,0.0,,,120.0,-697.445534047619,0.0,0.0,120.0,-696.445534047619,,,2025-08-27,7
2025-08-27,8,2025-08-27T02:30:00Z,2025-08-28T03:14:48Z,66.9,66.9,False,N,0.0,-257.6310070833333,0.0,0.0,,,129.4833001388889,-387.1837151388889,0.0,0.0,129.4833001388889,-386.1837151388889,,,2025-08-27,8
2025-08-27,9,2025-08-27T03:00:00Z,2025-08-28T03:44:40Z,77.82,77.82,False,P,0.0,22.783903133903134,0.0,0.0,77.82,0.0,130.20782958333334,-107.8739264494302,0.0,0.0,129.20782958333334,-107.8739264494302,,,2025-08-27,9
2025-08-27,10,2025-08-27T03:30:00Z,2025-08-28T04:14:34Z,66.7,66.7,False,N,0.0,-481.37497964997965,0.0,0.0,,,124.64285714285714,-606.3595034595035,0.0,0.0,124.64285714285714,-605.3595034595035,,,2025-08-27,10
2025-08-27,11,2025-08-27T04:00:00Z,2025-08-28T04:44:45Z,67.0,67.0,False,N,0.0,-452.37787952787954,0.0,0.0,,,196.12936507936507,-648.7808557183557,0.0,0.0,196.12936507936507,-647.7808557183557,,,2025-08-27,11
2025-08-27,12,2025-08-27T04:30:00Z,2025-08-28T05:14:40Z,67.2,67.2,False,N,0.0,-260.4865740740741,0.0,0.0,,,273.04798611111113,-533.4512268518519,0.0,0.0,273.04798611111113,-532.4512268518519,,,2025-08-27,12
2025-08-27,13,2025-08-27T05:00:00Z,2025-08-28T05:44:36Z,67.2,67.2,False,N,0.0,-64.07583319444444,0.0,0.0,,,431.77666666666664,-507.6791665277778,0.0,11.735,431.77666666666664,-506.6791665277778,,11.735,2025-08-27,13
2025-08-27,14,2025-08-27T05:30:00Z,2025-08-28T06:14:38Z,116.5,116.5,False,P,0.0,78.08799933862434,0.0,0.0,,,445.0,-371.9863756613757,0.0,4.765,444.0,-371.9863756613757,,4.765,2025-08-27,14
2025-08-27,15,2025-08-27T06:00:00Z,2025-08-28T06:44:39Z,116.5,116.5,False,P,0.0,65.2102931439394,0.0,0.0,,,445.36436833333335,-380.4936204671717,0.0,0.0,444.36436833333335,-380.4936204671717,,,2025-08-27,15
2025-08-27,16,2025-08-27T06:30:00Z,2025-08-28T07:14:39Z,119.9,119.9,False,P,0.0,193.65006701007326,0.0,0.0,,,445.0211111111111,-251.81312743437118,0.0,0.0,444.0211111111111,-251.81312743437118,,,2025-08-27,16
2025-08-27,17,2025-08-27T07:00:00Z,2025-08-28T07:44:46Z,67.2,67.2,False,N,0.0,-104.37996805046805,0.0,0.0,,,502.5847181493158,-675.0893528664504,0.0,68.758,502.5847181493158,-674.0893528664504,,68.758,2025-08-27,17
2025-08-27,18,2025-08-27T07:30:00Z,2025-08-28T08:15:48Z,116.5,116.5,False,P,0.0,187.73730701617828,0.0,0.0,,,397.47300706349205,-299.7908587973138,0.0,90.426,396.47300706349205,-299.7908587973138,,90.426,2025-08-27,18
2025-08-27,19,2025-08-27T08:00:00Z,2025-08-28T08:44:42Z,67.25,67.25,False,N,0.0,-185.79539777777777,0.0,0.0,,,342.5,-607.2416656944445,0.0,78.668,342.5,-606.2416656944445,,78.668,2025-08-27,19
2025-08-27,20,2025-08-27T08:30:00Z,2025-08-28T09:14:41Z,67.2,67.2,False,N,0.0,-447.4685875303455,0.0,0.0,,,332.50000022875815,-832.9849208636788,0.0,53.183,332.50000022875815,-831.9849208636788,,53.183,2025-08-27,20
2025-08-27,21,2025-08-27T09:00:00Z,2025-08-28T09:44:39Z,66.06,66.06,False,N,0.0,-288.3538555148555,0.0,0.0,,,325.0,-647.0148555148555,0.0,33.661,325.0,-646.0148555148555,,33.661,2025-08-27,21
2025-08-27,22,2025-08-27T09:30:00Z,2025-08-28T10:14:37Z,116.5,116.5,False,P,0.0,47.83007279202279,0.0,0.0,,,280.46902555555556,-264.13895276353276,0.0,31.5,279.46902555555556,-264.13895276353276,,31.5,2025-08-27,22
2025-08-27,23,2025-08-27T10:00:00Z,2025-08-28T10:44:36Z,85.0,85.0,False,P,0.0,26.964935217171718,0.0,0.0,,,318.96181743589744,-198.49688721872573,-125.0,31.5,317.96181743589744,-198.49688721872573,-125.0,31.5,2025-08-27,23
2025-08-27,24,2025-08-27T10:30:00Z,2025-08-28T11:14:49Z,97.0,97.0,False,P,0.0,79.375786999667,0.0,0.0,,,345.8912311111111,-250.59600494477743,-125.0,108.606,344.8912311111111,-250.59600494477743,-125.0,108.606,2025-08-27,24
2025-08-27,25,2025-08-27T11:00:00Z,2025-08-28T11:44:38Z,64.5,64.5,False,N,0.0,-209.395107765873,0.0,0.0,,,337.5,-473.27844109920636,-200.0,126.0,337.5,-472.27844109920636,-200.0,126.0,2025-08-27,25
2025-08-27,26,2025-08-27T11:30:00Z,2025-08-28T12:14:39Z,64.5,64.5,False,N,0.0,-218.0526923845599,0.0,0.0,,,320.5111275757576,-353.4124701623377,-200.0,14.682,320.5111275757576,-352.4124701623377,-200.0,14.682,2025-08-27,26
2025-08-27,27,2025-08-27T12:00:00Z,2025-08-28T12:45:29Z,64.5,64.5,False,N,0.0,-47.75277760964912,0.0,0.0,,,346.78055682017543,-169.56666776315788,-225.0,0.0,346.78055682017543,-168.56666776315788,-225.0,,2025-08-27,27
2025-08-27,28,2025-08-27T12:30:00Z,2025-08-28T13:14:42Z,53.0,53.0,False,N,0.0,-86.29821612665904,0.0,0.0,,,337.85072009896663,-199.2754916822146,-225.0,0.0,337.85072009896663,-198.2754916822146,-225.0,,2025-08-27,28
2025-08-27,29,2025-08-27T13:00:00Z,2025-08-28T13:44:27Z,51.62,51.62,False,N,0.0,-177.72377985449737,0.0,0.0,,,320.48545962301586,-323.1003094378307,-175.0,0.0,320.48545962301586,-322.1003094378307,-175.0,,2025-08-27,29
2025-08-27,30,2025-08-27T13:30:00Z,2025-08-28T14:14:49Z,36.0,36.0,False,N,0.0,-690.2207428649054,0.0,0.0,,,320.38792227656864,-835.2967845315721,-175.0,0.0,320.38792227656864,-834.2967845315721,-175.0,,2025-08-27,30
2025-08-27,31,2025-08-27T14:00:00Z,2025-08-28T14:44:40Z,-17.32,-17.32,False,N,0.0,-716.0083465371202,0.0,0.0,,,327.75637149351735,-1043.7912559058072,0.0,0.0,327.75637149351735,-1042.7912559058072,,,2025-08-27,31
2025-08-27,32,2025-08-27T14:30:00Z,2025-08-28T15:14:32Z,13.33,13.33,False,N,0.0,-608.3087172454607,0.0,0.0,,,529.6947849462366,-1138.120168858364,0.0,0.0,529.6947849462366,-1137.120168858364,,,2025-08-27,32
2025-08-27,33,2025-08-27T15:00:00Z,2025-08-28T15:44:36Z,58.0,58.0,False,N,0.0,-389.2777940693312,0.0,0.0,,,686.9779053629032,-1226.2571623489011,0.0,150.0,686.9779053629032,-1225.2571623489011,,150.0,2025-08-27,33
2025-08-27,34,2025-08-27T15:30:00Z,2025-08-28T16:14:27Z,40.0,40.0,False,N,0.0,-670.6978290740741,0.0,0.0,40.0,1.0,784.15625,-1605.0707457407407,0.0,150.0,784.15625,-1604.0707457407407,,150.0,2025-08-27,34
2025-08-27,35,2025-08-27T16:00:00Z,2025-08-28T16:44:31Z,40.0,40.0,False,N,0.0,-391.25714261126774,0.0,0.0,40.0,1.0,769.2134899118804,-1160.356512037037,0.0,0.0,769.2134899118804,-1159.356512037037,,,2025-08-27,35
2025-08-27,36,2025-08-27T16:30:00Z,2025-08-28T17:14:29Z,66.0,66.0,False,N,0.0006,-491.9182330128205,0.0,0.0,66.0,1.0,581.7121836538462,-1073.6304166666666,0.0,0.0,581.7121836538462,-1072.6304166666666,,,2025-08-27,36
2025-08-27,37,2025-08-27T17:00:00Z,2025-08-28T17:44:28Z,60.11,60.11,False,N,0.0006,-646.4829279292929,0.0,0.0,60.11,1.0,445.2068208207071,-1104.1097197222223,0.0,12.487,445.2068208207071,-1103.1097197222223,,12.487,2025-08-27,37
2025-08-27,38,2025-08-27T17:30:00Z,2025-08-28T18:14:31Z,81.09,81.09,False,N,0.0012,-66.20551763888889,0.0,0.0,81.09,0.0,836.0141490277778,-1018.3988711111111,0.0,116.722,836.0141490277778,-1017.3988711111111,,116.722,2025-08-27,38
2025-08-27,39,2025-08-27T18:00:00Z,2025-08-28T18:44:29Z,105.99971115181754,105.99971115181754,False,P,0.0012,24.634319722222223,0.0,0.0,,,932.0026530555556,-946.4134818763704,0.0,39.19,932.0026530555556,-946.4134818763704,,38.19,2025-08-27,39
2025-08-27,40,2025-08-27T18:30:00Z,2025-08-28T19:14:30Z,128.0,128.0,False,P,0.0012,257.44020861689813,0.0,0.0,,,1083.6816661289827,-825.8972226283626,0.0,0.0,1082.6816661289827,-825.8972226283626,,,2025-08-27,40
2025-08-27,41,2025-08-27T19:00:00Z,2025-08-28T19:44:29Z,128.0,128.0,False,P,0.0036,421.9534145833333,0.0,0.0,,,1150.3158331944444,-728.2141656944444,0.0,0.0,1149.3158331944444,-728.2141656944444,,,2025-08-27,41
2025-08-27,42,2025-08-27T19:30:00Z,2025-08-28T20:14:33Z,128.0,128.0,False,P,0.0024,198.15425037439613,0.0,0.0,,,951.7852920410628,-753.5727083333334,0.0,0.0,950.7852920410628,-753.5727083333334,,,2025-08-27,42
2025-08-27,43,2025-08-27T20:00:00Z,2025-08-28T20:44:29Z,128.0,128.0,False,P,0.015,113.77644323671498,0.0,0.0,,,801.0528321256039,-688.0938224637681,0.0,0.0,800.0528321256039,-688.0938224637681,,,2025-08-27,43
2025-08-27,44,2025-08-27T20:30:00Z,2025-08-28T21:14:28Z,59.549314905460896,59.549314905460896,False,N,0.0012,-204.2313888888889,0.0,0.0,59.6825,1.0,439.19,-643.1213888888889,0.0,0.0,439.19,-642.1213888888889,,,2025-08-27,44
2025-08-27,45,2025-08-27T21:00:00Z,2025-08-28T21:44:28Z,66.2,66.2,False,N,0.0,-216.0888888888889,0.0,0.0,,,367.5833333333333,-704.3638888888889,0.0,120.0,367.5833333333333,-703.3638888888889,,120.0,2025-08-27,45
2025-08-27,46,2025-08-27T21:30:00Z,2025-08-28T22:14:28Z,66.3,66.3,False,N,0.0,-35.31250583333333,0.0,0.0,,,324.3,-480.1875058333333,0.0,120.0,324.3,-479.1875058333333,,120.0,2025-08-27,46
2025-08-27,47,2025-08-27T22:00:00Z,2025-08-28T22:44:31Z,66.0,66.0,False,N,0.0,-587.8688245743145,0.0,0.0,,,278.2514411111111,-986.1188245743145,0.0,120.0,278.2514411111111,-985.1188245743145,,120.0,2025-08-27,47
2025-08-27,48,2025-08-27T22:30:00Z,2025-08-28T23:14:40Z,66.0,66.0,False,N,0.0,-274.81568300653595,0.0,0.0,,,152.5,-584.436683006536,0.0,157.121,152.5,-583.436683006536,,157.121,2025-08-27,48
2025-08-28,1,2025-08-27T23:00:00Z,2025-08-28T23:44:27Z,66.4,66.4,False,N,0.0,-7.054332162698413,0.0,0.0,,,90.36667515873016,-255.1904761904762,0.0,158.046,90.36667515873016,-254.1904761904762,,158.046,2025-08-28,1
2025-08-28,2,2025-08-27T23:30:00Z,2025-08-29T00:14:35Z,99.8,99.8,False,P,0.0,65.62083492867868,0.0,0.0,99.8,1.0,67.38750159534534,-121.94166743243244,0.0,120.0,66.38750159534534,-121.94166743243244,,120.0,2025-08-28,2
2025-08-28,3,2025-08-28T00:00:00Z,2025-08-29T00:44:26Z,93.39,93.39,False,P,0.0,52.41111111111111,0.0,0.0,,,90.65416666666667,-158.2888888888889,0.0,120.0,89.65416666666667,-158.2888888888889,,120.0,2025-08-28,3
2025-08-28,4,2025-08-28T00:30:00Z,2025-08-29T01:14:30Z,93.63,93.63,False,P,0.0,43.74401041666667,0.0,0.0,,,69.91901041666667,-146.16067708333333,0.0,120.0,68.91901041666667,-146.16067708333333,,120.0,2025-08-28,4
2025-08-28,5,2025-08-28T01:00:00Z,2025-08-29T01:44:34Z,105.95,105.95,False,P,0.0,145.05554388888888,0.0,0.0,,,149.85626958333333,-125.03126875,0.0,120.0,148.85626958333333,-125.03126875,,120.0,2025-08-28,5
2025-08-28,6,2025-08-28T01:30:00Z,2025-08-29T02:14:40Z,103.21808098122287,103.21808098122287,False,P,0.0,49.36,0.0,0.0,,,113.30022527777778,-183.8235586111111,0.0,120.0,112.30022527777778,-183.8235586111111,,120.0,2025-08-28,6
2025-08-28,7,2025-08-28T02:00:00Z,2025-08-29T02:44:33Z,66.5,66.5,False,N,0.0,-102.04217101851852,0.0,0.0,,,13.575689012345679,-235.67550435185186,0.0,120.0,13.575689012345679,-234.67550435185186,,120.0,2025-08-28,7
2025-08-28,8,2025-08-28T02:30:00Z,2025-08-29T03:14:47Z,66.5,66.5,False,N,0.0,-75.57857142857142,0.0,0.0,,,3.9596756944444444,-199.40491378968255,0.0,120.0,3.9596756944444444,-198.40491378968255,,120.0,2025-08-28,8
2025-08-28,9,2025-08-28T03:00:00Z,2025-08-29T03:44:24Z,66.5,66.5,False,N,0.0,-89.98229166666667,0.0,0.0,,,0.15,-210.23229166666667,0.0,120.0,0.15,-209.23229166666667,,120.0,2025-08-28,9
2025-08-28,10,2025-08-28T03:30:00Z,2025-08-29T04:14:24Z,66.5,66.5,False,N,0.0,-155.45803541666666,0.0,0.0,,,29.209672916666666,-304.4690479166667,0.0,120.0,29.209672916666666,-303.4690479166667,,120.0,2025-08-28,10
2025-08-28,11,2025-08-28T04:00:00Z,2025-08-29T04:44:31Z,66.5,66.5,False,N,0.0,-45.50833333333333,0.0,0.0,,,0.0,-165.53333333333333,0.0,120.0,0.0,-164.53333333333333,,120.0,2025-08-28,11
2025-08-28,12,2025-08-28T04:30:00Z,2025-08-29T05:14:21Z,70.04,70.04,False,N,0.0,-14.505649493145743,0.0,0.0,,,68.00416666666666,-202.5598161598124,0.0,120.0,68.00416666666666,-201.5598161598124,,120.0,2025-08-28,12
2025-08-28,13,2025-08-28T05:00:00Z,2025-08-29T05:44:25Z,69.35,69.35,False,N,0.0,-8.042666243386243,0.0,0.0,,,296.49852250661377,-438.0875114814815,0.0,133.588,296.49852250661377,-437.0875114814815,,133.588,2025-08-28,13
2025-08-28,14,2025-08-28T05:30:00Z,2025-08-29T06:14:26Z,115.5,115.5,False,P,0.0,102.26718499066293,0.0,0.0,,,369.45553221288515,-399.4583333333333,0.0,132.212,368.45553221288515,-399.4583333333333,,132.212,2025-08-28,14
2025-08-28,15,2025-08-28T06:00:00Z,2025-08-29T06:44:27Z,71.05,71.05,False,N,0.0,-39.56666305555556,0.0,0.0,,,498.0,-537.7166630555555,0.0,0.0,498.0,-536.7166630555555,,,2025-08-28,15
2025-08-28,16,2025-08-28T06:30:00Z,2025-08-29T07:14:23Z,66.55,66.55,False,N,0.0,-19.255549444444444,0.0,0.0,,,565.1583438888889,-613.3558333333333,0.0,29.104,565.1583438888889,-612.3558333333333,,29.104,2025-08-28,16
2025-08-28,17,2025-08-28T07:00:00Z,2025-08-29T07:44:24Z,112.0,112.0,False,P,0.0,64.013712899,0.0,0.0,,,839.6297965277778,-811.5352509898889,0.0,34.945,838.6297965277778,-811.5352509898889,,34.945,2025-08-28,17
2025-08-28,18,2025-08-28T07:30:00Z,2025-08-29T08:14:43Z,67.01,67.01,False,N,0.0,-101.53055430555555,0.0,0.0,,,521.5083345833333,-623.3055555555555,0.0,0.0,521.5083345833333,-622.3055555555555,,,2025-08-28,18
2025-08-28,19,2025-08-28T08:00:00Z,2025-08-29T08:44:19Z,67.01,67.01,False,N,0.0,-75.675,0.0,0.0,,,504.71666666666664,-580.525,0.0,0.0,504.71666666666664,-579.525,,,2025-08-28,19
2025-08-28,20,2025-08-28T08:30:00Z,2025-08-29T09:14:29Z,66.0,66.0,False,N,0.0,-453.9125725793651,0.0,0.0,,,498.00681833333334,-952.2292392460317,0.0,0.0,498.00681833333334,-951.2292392460317,,,2025-08-28,20
2025-08-28,21,2025-08-28T09:00:00Z,2025-08-29T09:44:22Z,66.0,66.0,False,N,0.0,-389.481626984127,0.0,0.0,,,543.0833333333334,-932.9632936507936,0.0,0.0,543.0833333333334,-931.9632936507936,,,2025-08-28,21
2025-08-28,22,2025-08-28T09:30:00Z,2025-08-29T10:14:28Z,66.66,66.66,False,N,0.0,-144.2147963147963,0.0,0.0,,,685.0833333333334,-829.7647963147963,0.0,0.0,685.0833333333334,-828.7647963147963,,,2025-08-28,22
2025-08-28,23,2025-08-28T10:00:00Z,2025-08-29T10:44:30Z,66.0,66.0,False,N,0.0,-465.6930503729604,0.0,0.0,,,823.0041666666667,-1288.9282355118492,0.0,0.0,823.0041666666667,-1287.9282355118492,,,2025-08-28,23
2025-08-28,24,2025-08-28T10:30:00Z,2025-08-29T11:14:32Z,66.0,66.0,False,N,0.0,-508.6514982711733,0.0,0.0,,,692.45,-1254.2294982711733,0.0,52.503,692.45,-1253.2294982711733,,52.503,2025-08-28,24
2025-08-28,25,2025-08-28T11:00:00Z,2025-08-29T11:44:28Z,66.0,66.0,False,N,0.0,-325.66341627816627,0.0,0.0,,,572.3765151515152,-976.9609314296814,0.0,78.921,572.3765151515152,-975.9609314296814,,78.921,2025-08-28,25
2025-08-28,26,2025-08-28T11:30:00Z,2025-08-29T12:14:22Z,66.0,66.0,False,N,0.0,-46.32936597069597,0.0,0.0,,,573.3666666666667,-620.0040326373627,0.0,0.233,573.3666666666667,-619.0040326373627,,0.233,2025-08-28,26
2025-08-28,27,2025-08-28T12:00:00Z,2025-08-29T12:44:33Z,64.6,64.6,False,N,0.0,-529.6576637889194,0.0,0.0,,,535.0,-989.8326637889194,-75.0,0.0,535.0,-988.8326637889194,-75.0,,2025-08-28,27
2025-08-28,28,2025-08-28T12:30:00Z,2025-08-29T13:14:36Z,64.5,64.5,False,N,0.0,-811.0739147426648,0.0,0.0,,,535.0,-1271.157248075998,-75.0,0.0,535.0,-1270.157248075998,-75.0,,2025-08-28,28
2025-08-28,29,2025-08-28T13:00:00Z,2025-08-29T13:44:30Z,45.0,45.0,False,N,0.0,-515.7670138888889,0.0,0.0,45.0,1.0,571.525,-1037.2253472222221,-50.0,0.0,571.525,-1036.5449977376586,-49.68034948456354,,2025-08-28,29
2025-08-28,30,2025-08-28T13:30:00Z,2025-08-29T14:14:28Z,68.26,68.26,False,N,0.0,-299.2452618055556,0.0,0.0,68.26,0.0,602.7772005555555,-851.8299769444444,-50.0,0.0,602.7772005555555,-850.9970639676385,-49.832912976806,,2025-08-28,30
2025-08-28,31,2025-08-28T14:00:00Z,2025-08-29T14:44:25Z,61.51,61.51,False,N,0.0,-341.0425464969136,0.0,0.0,61.51,1.0,808.6885630864198,-1078.2442191666667,-125.0,53.841,808.6885630864198,-1077.6495138764515,-124.59470529021522,53.841,2025-08-28,31
2025-08-28,32,2025-08-28T14:30:00Z,2025-08-29T15:14:28Z,94.0,94.0,False,P,0.0,79.93563984355922,0.0,0.0,,,1214.856166232448,-1110.3715671031746,-125.0,100.426,1213.856166232448,-1110.3715671031746,-125.0,100.426,2025-08-28,32
2025-08-28,33,2025-08-28T15:00:00Z,2025-08-29T15:44:25Z,72.85,72.85,False,N,0.0,-238.89170067525586,0.0,0.0,72.85,0.0,1129.497188213633,-1118.0222222222221,-250.0,0.0,1129.497188213633,-1117.8554102321557,-249.16681199006646,,2025-08-28,33
2025-08-28,34,2025-08-28T15:30:00Z,2025-08-29T16:14:25Z,74.1,74.1,False,N,0.0,-300.1641463570216,0.0,0.0,74.1,0.0,1097.6650203096451,-1147.6208346491228,-250.0,0.0,1097.6650203096451,-1147.423026214236,-249.19780843488675,,2025-08-28,34
2025-08-28,35,2025-08-28T16:00:00Z,2025-08-29T16:44:21Z,64.6,64.6,False,N,0.0,-489.40604838709675,0.0,0.0,64.6,1.0,826.3814516129032,-1165.7875,-150.0,0.0,826.3814516129032,-1165.1016979463955,-149.68580205360453,,2025-08-28,35
2025-08-28,36,2025-08-28T16:30:00Z,2025-08-29T17:14:31Z,64.6,64.6,False,N,0.0,-688.8046470833333,0.0,0.0,64.6,1.0,578.5120348611111,-1117.1557695833333,-150.0,0.0,578.5120348611111,-1116.3763536079325,-149.7794159754008,,2025-08-28,36
2025-08-28,37,2025-08-28T17:00:00Z,2025-08-29T17:44:44Z,76.57,76.57,False,N,0.0,-462.68183284511787,0.0,0.0,76.57,0.0,559.1347743771043,-1123.821885,0.0,102.115,559.1347743771043,-1122.821885,,102.115,2025-08-28,37
2025-08-28,38,2025-08-28T17:30:00Z,2025-08-29T18:14:35Z,79.3,79.3,False,N,0.0,-55.72208777777778,0.0,0.0,79.3,0.0,935.4151252777777,-1141.0369859722223,0.0,150.634,935.4151252777777,-1140.0369859722223,,150.634,2025-08-28,38
2025-08-28,39,2025-08-28T18:00:00Z,2025-08-29T18:44:34Z,104.0,104.0,False,P,0.0,185.10137778656136,0.0,0.0,,,1132.0554368143391,-1071.2627245749566,0.0,124.506,1131.0554368143391,-1071.2627245749566,,124.506,2025-08-28,39
2025-08-28,40,2025-08-28T18:30:00Z,2025-08-29T19:14:39Z,85.31,85.31,False,N,0.0,-117.00251777777778,0.0,0.0,85.31,0.0,851.8147151971326,-1037.5033005555556,0.0,69.068,851.8147151971326,-1036.5033005555556,,69.068,2025-08-28,40
2025-08-28,41,2025-08-28T19:00:00Z,2025-08-29T19:44:38Z,84.63,84.63,False,N,0.0,-229.25450351190477,0.0,0.0,84.63,0.0,670.0954964880953,-995.0810140277778,0.0,96.0,670.0954964880953,-994.0810140277778,,96.0,2025-08-28,41
2025-08-28,42,2025-08-28T19:30:00Z,2025-08-29T20:14:42Z,83.57,83.57,False,N,0.0,-182.09433259472607,0.0,0.0,83.57,0.0,648.6760199251152,-911.2571615277777,0.0,80.611,648.6760199251152,-910.2571615277777,,80.611,2025-08-28,42
2025-08-28,43,2025-08-28T20:00:00Z,2025-08-29T20:44:38Z,53.01870941146455,53.01870941146455,False,N,0.0,-105.04819442460318,0.0,0.0,,,787.8302525198412,-897.1136136111111,0.0,3.671,787.8302525198412,-896.1136136111111,,3.671,2025-08-28,43
2025-08-28,44,2025-08-28T20:30:00Z,2025-08-29T21:14:38Z,40.0,40.0,False,N,0.0,-654.6485923809524,0.0,0.0,40.0,1.0,685.6898809523809,-1340.40514,0.0,0.0,685.6898809523809,-1339.40514,,,2025-08-28,44
2025-08-28,45,2025-08-28T21:00:00Z,2025-08-29T21:44:39Z,44.16,44.16,False,N,0.0,-776.6210416666667,0.0,0.0,44.16,1.0,666.3871020833334,-1442.97376875,0.0,0.0,666.3871020833334,-1441.97376875,,,2025-08-28,45
2025-08-28,46,2025-08-28T21:30:00Z,2025-08-29T22:14:34Z,47.11,47.11,False,N,0.0,-120.35417580555556,0.0,0.0,,,751.8,-882.5541758055556,0.0,10.3,751.8,-881.5541758055556,,10.3,2025-08-28,46
2025-08-28,47,2025-08-28T22:00:00Z,2025-08-29T22:44:40Z,63.22,63.22,False,N,0.0,-4.886462891534392,0.0,0.0,,,802.6068818306878,-607.4136480933468,-200.0,0.0,802.6068818306878,-607.4136480933468,-199.0,,2025-08-28,47
2025-08-28,48,2025-08-28T22:30:00Z,2025-08-29T23:14:44Z,62.59,62.59,False,N,0.0,-56.32500666666667,0.0,0.0,,,754.6583333333333,-610.88334,-200.0,0.0,754.6583333333333,-609.88334,-200.0,,2025-08-28,48
2025-08-29,1,2025-08-28T23:00:00Z,2025-08-29T23:44:40Z,59.45380266226053,59.45380266226053,False,N,0.0,-77.30694444444444,0.0,0.0,,,729.7833333333333,-607.0986111111112,-200.0,0.0,729.7833333333333,-606.0986111111112,-200.0,,2025-08-29,1
2025-08-29,2,2025-08-28T23:30:00Z,2025-08-30T00:14:35Z,65.86,65.86,False,P,0.0,95.15877125,0.0,0.0,65.86,0.0,717.5067836111111,-422.74372875,-200.0,0.0,716.5067836111111,-422.74372875,-200.0,,2025-08-29,2
2025-08-29,3,2025-08-29T00:00:00Z,2025-08-30T00:44:34Z,70.22,70.22,False,P,0.0,86.67778258838383,0.0,0.0,70.22,0.0,717.500000189394,-430.99721741161613,-200.0,0.0,716.500000189394,-430.99721741161613,-200.0,,2025-08-29,3
2025-08-29,4,2025-08-29T00:30:00Z,2025-08-30T01:14:39Z,71.21,71.21,False,P,0.0,3.97008547008547,0.0,0.0,71.21,0.0,717.5027777777777,-513.5299145299145,-200.0,0.0,716.5027777777777,-513.5299145299145,-200.0,,2025-08-29,4
2025-08-29,5,2025-08-29T01:00:00Z,2025-08-30T01:44:34Z,69.93,69.93,False,P,0.0,43.565445665445665,0.0,0.0,69.93,0.0,717.9,-474.476221001221,-200.0,0.0,716.9,-474.476221001221,-200.0,,2025-08-29,5
2025-08-29,6,2025-08-29T01:30:00Z,2025-08-30T02:14:40Z,69.19,69.19,False,P,0.0,25.07993611111111,0.0,0.0,69.19,0.0,717.5764525,-492.4283972222222,-200.0,0.0,716.5764525,-492.4283972222222,-200.0,,2025-08-29,6
2025-08-29,7,2025-08-29T02:00:00Z,2025-08-30T02:44:39Z,47.42,47.42,False,N,0.0,-277.6686904761905,0.0,0.0,,,717.5,-795.2520238095238,-200.0,0.0,717.5,-794.2520238095238,-200.0,,2025-08-29,7
2025-08-29,8,2025-08-29T02:30:00Z,2025-08-30T03:14:37Z,57.0,57.0,False,N,0.0,-46.51086996336996,0.0,0.0,,,717.5,-564.3025366300367,-200.0,0.0,717.5,-563.3025366300367,-200.0,,2025-08-29,8
2025-08-29,9,2025-08-29T03:00:00Z,2025-08-30T03:44:38Z,54.21,54.21,False,N,0.0,-132.5941791468254,0.0,0.0,,,717.0101265277777,-699.710845813492,-150.0,0.0,717.0101265277777,-698.710845813492,-150.0,,2025-08-29,9
2025-08-29,10,2025-08-29T03:30:00Z,2025-08-30T04:14:31Z,57.0,57.0,False,N,0.0,-74.14179596674877,0.0,0.0,,,731.8746031746032,-656.0441769191298,-150.0,0.0,731.8746031746032,-655.0441769191298,-150.0,,2025-08-29,10
2025-08-29,11,2025-08-29T04:00:00Z,2025-08-30T04:44:42Z,81.35,81.35,False,P,0.0,86.63571428571429,0.0,0.0,81.35,0.0,710.0,-523.3892857142857,-100.0,0.0,709.0,-523.3892857142857,-100.0,,2025-08-29,11
2025-08-29,12,2025-08-29T04:30:00Z,2025-08-30T05:14:33Z,109.0,109.0,False,P,0.0,343.40430491818034,0.0,0.0,109.0,1.0,738.5083369816724,-319.5687023784978,-100.0,24.273,737.5083369816724,-319.5687023784978,-100.0,24.273,2025-08-29,12
2025-08-29,13,2025-08-29T05:00:00Z,2025-08-30T05:44:33Z,110.0,110.0,False,P,0.0,365.1463081060606,0.0,0.0,110.0,1.0,634.8431439393939,-178.3037525,-100.0,8.544,633.8431439393939,-178.3037525,-100.0,8.544,2025-08-29,13
2025-08-29,14,2025-08-29T05:30:00Z,2025-08-30T06:14:34Z,123.23421032200517,123.23421032200517,False,P,0.0,328.4270677380952,0.0,0.0,122.785,1.0,518.1568154166666,-127.17289101190477,-100.0,37.606,517.1568154166666,-127.17289101190477,-100.0,37.606,2025-08-29,14
2025-08-29,15,2025-08-29T06:00:00Z,2025-08-30T06:44:34Z,120.49983846402363,120.49983846402363,False,P,0.0,280.3257291666667,0.0,0.0,120.49983846402363,1.0,344.7013847222222,-52.96631305555555,-100.0,88.783,343.8219669790109,-52.96631305555555,-100.0,88.66241774321132,2025-08-29,15
2025-08-29,16,2025-08-29T06:30:00Z,2025-08-30T07:14:35Z,119.0,119.0,False,P,0.0,67.81933333333333,0.0,0.0,119.0,1.0,298.5,-159.825,-100.0,29.011,297.8138352733166,-159.825,-100.0,28.697164726683365,2025-08-29,16
2025-08-29,17,2025-08-29T07:00:00Z,2025-08-30T07:44:36Z,83.87,83.87,False,N,0.0,-7.325,0.0,0.0,,,298.5,-205.825,-100.0,0.0,298.5,-204.825,-100.0,,2025-08-29,17
2025-08-29,18,2025-08-29T07:30:00Z,2025-08-30T08:14:31Z,130.0,130.0,False,P,0.0,43.225,0.0,0.0,,,298.5,-155.35,-100.0,0.0,297.5,-155.35,-100.0,,2025-08-29,18
2025-08-29,19,2025-08-29T08:00:00Z,2025-08-30T08:44:40Z,130.0,130.0,False,P,0.0,25.845833333333335,0.0,0.0,,,294.8375,-168.99166666666667,-100.0,0.0,293.8375,-168.99166666666667,-100.0,,2025-08-29,19
2025-08-29,20,2025-08-29T08:30:00Z,2025-08-30T09:14:29Z,64.4,64.4,False,N,0.0,-74.6875,0.0,0.0,,,204.02083333333334,-178.7,-100.0,0.0,204.02083333333334,-177.7,-100.0,,2025-08-29,20
2025-08-29,21,2025-08-29T09:00:00Z,2025-08-30T09:44:32Z,50.28,50.28,False,N,0.0,-53.060336666666664,0.0,0.0,,,212.92299666666668,-166.0146651388889,-100.0,0.0,212.92299666666668,-166.0146651388889,-99.0,,2025-08-29,21
2025-08-29,22,2025-08-29T09:30:00Z,2025-08-30T10:14:35Z,48.3,48.3,False,N,0.0,-191.45346375,0.0,0.0,,,163.3900548611111,-254.78339027777778,-100.0,0.0,163.3900548611111,-253.78339027777778,-100.0,,2025-08-29,22
2025-08-29,23,2025-08-29T10:00:00Z,2025-08-30T10:44:37Z,48.3,48.3,False,N,0.0,-435.72073,0.0,0.0,48.3,1.0,0.4750011111111111,-286.2422222222222,-150.0,0.0,0.4750011111111111,-285.68862399035413,-149.55359823186808,,2025-08-29,23
2025-08-29,24,2025-08-29T10:30:00Z,2025-08-30T11:14:36Z,48.3,48.3,False,N,0.0,-302.40912990079363,0.0,0.0,48.3,1.0,66.19999708333333,-218.31190476190477,-150.0,0.0,66.19999708333333,-217.93995778982455,-149.3719469720802,,2025-08-29,24
2025-08-29,25,2025-08-29T11:00:00Z,2025-08-30T11:44:35Z,48.3,48.3,False,N,0.0,-187.86666333333332,0.0,0.0,48.3,1.0,87.45000333333333,-175.35833333333332,-100.0,0.0,87.45000333333333,-174.9027979530151,-99.45553538031825,,2025-08-29,25
2025-08-29,26,2025-08-29T11:30:00Z,2025-08-30T12:14:41Z,95.26,95.26,False,P,0.0,252.06015026709403,0.0,0.0,,,511.04606069444446,-158.87757764957266,-100.0,0.0,510.04606069444446,-158.87757764957266,-100.0,,2025-08-29,26
2025-08-29,27,2025-08-29T12:00:00Z,2025-08-30T12:44:36Z,92.28,92.28,False,P,0.0,33.63578527777778,0.0,0.0,,,330.88578527777776,-97.25642408730158,-200.0,0.0,329.88578527777776,-97.25642408730158,-200.0,,2025-08-29,27
2025-08-29,28,2025-08-29T12:30:00Z,2025-08-30T13:14:31Z,69.01,69.01,False,N,0.0,-56.88472222222222,0.0,0.0,69.01,0.0,197.31944444444446,-54.12083333333333,-200.0,0.0,197.31944444444446,-54.12083333333333,-199.0,,2025-08-29,28
2025-08-29,29,2025-08-29T13:00:00Z,2025-08-30T13:44:31Z,55.762206956168505,55.762206956168505,False,N,0.0,-7.5421875,0.0,0.0,,,115.01302083333333,-22.800520833333334,-100.0,0.0,115.01302083333333,-21.800520833333334,-100.0,,2025-08-29,29
2025-08-29,30,2025-08-29T13:30:00Z,2025-08-30T14:14:37Z,45.37458966683776,45.37458966683776,False,N,0.0,-122.47701722222222,0.0,0.0,,,118.32160194444444,-140.91326055555555,-100.0,0.0,118.32160194444444,-139.91326055555555,-100.0,,2025-08-29,30
2025-08-29,31,2025-08-29T14:00:00Z,2025-08-30T14:44:35Z,45.88,45.88,False,N,0.0,-390.69904075670496,0.0,0.0,,,115.27777777777777,-330.99904075670497,-175.0,0.0,115.27777777777777,-329.99904075670497,-175.0,,2025-08-29,31
2025-08-29,32,2025-08-29T14:30:00Z,2025-08-30T15:14:36Z,48.5,48.5,False,N,0.0,-274.5285535227273,0.0,0.0,,,255.20000416666667,-354.77855768939395,-175.0,0.0,255.20000416666667,-353.77855768939395,-175.0,,2025-08-29,32
2025-08-29,33,2025-08-29T15:00:00Z,2025-08-30T15:44:36Z,50.2,50.2,False,N,0.0,-47.60832375,0.0,0.0,,,129.05,-176.80249041666667,0.0,0.0,129.05,-175.80249041666667,,,2025-08-29,33
2025-08-29,34,2025-08-29T15:30:00Z,2025-08-30T16:14:35Z,48.5,48.5,False,N,0.0,-217.4926444310429,0.0,0.0,,,163.00322080043858,-380.6264191203704,0.0,0.0,163.00322080043858,-379.6264191203704,,,2025-08-29,34
2025-08-29,35,2025-08-29T16:00:00Z,2025-08-30T16:44:37Z,51.0,51.0,False,N,0.0,-230.64241279761904,0.0,0.0,,,360.0825892857143,-590.6309544642858,0.0,0.0,360.0825892857143,-589.6309544642858,,,2025-08-29,35
2025-08-29,36,2025-08-29T16:30:00Z,2025-08-30T17:14:29Z,128.0,128.0,False,P,0.0,240.51385404761905,0.0,0.0,,,514.8583372222222,-273.91904456349204,0.0,0.0,513.8583372222222,-273.91904456349204,,,2025-08-29,36
2025-08-29,37,2025-08-29T17:00:00Z,2025-08-30T17:44:36Z,128.0,128.0,False,P,0.0,280.8526797342995,0.0,0.0,,,516.2529678019324,-248.05296333333334,0.0,12.539,515.2529678019324,-248.05296333333334,,12.539,2025-08-29,37
2025-08-29,38,2025-08-29T17:30:00Z,2025-08-30T18:14:36Z,128.08649479559398,128.08649479559398,False,P,0.0,469.36456791666666,0.0,0.0,,,562.58368875,-221.01880795870952,0.0,128.133,561.58368875,-221.01880795870952,,128.133,2025-08-29,38
2025-08-29,39,2025-08-29T18:00:00Z,2025-08-30T18:44:36Z,128.9,128.9,False,P,0.0,281.96323041666665,0.0,0.0,,,497.95184819444444,-243.33101527777777,0.0,27.494,496.95184819444444,-243.33101527777777,,27.494,2025-08-29,39
2025-08-29,40,2025-08-29T18:30:00Z,2025-08-30T19:14:42Z,137.38,137.38,False,P,0.0,339.3529775,0.0,0.0,137.38,1.0,522.7500016666667,-183.275,0.0,0.0,521.7500016666667,-183.275,,,2025-08-29,40
2025-08-29,41,2025-08-29T19:00:00Z,2025-08-30T19:44:44Z,128.9,128.9,False,P,0.0006,420.8343693055556,0.0,0.0,128.9,1.0,429.3537026388889,-30.23703736111111,-0.496,22.139,428.3537026388889,-30.23703736111111,-0.496,22.139,2025-08-29,41
2025-08-29,42,2025-08-29T19:30:00Z,2025-08-30T20:14:32Z,128.9,128.9,False,P,0.0036,465.2038787878788,0.0,0.0,128.9,1.0,436.2512121212121,-8.091666666666667,-0.503,37.261,435.2512121212121,-8.091666666666667,-0.503,37.261,2025-08-29,42
2025-08-29,43,2025-08-29T20:00:00Z,2025-08-30T20:44:35Z,133.64821077482088,133.64821077482088,False,P,0.0,325.89076923076925,0.0,0.0,132.16258333333334,1.0,478.5649358974359,-152.65833333333333,-0.523,0.0,477.5649358974359,-152.65833333333333,-0.523,,2025-08-29,43
2025-08-29,44,2025-08-29T20:30:00Z,2025-08-30T21:14:39Z,128.9,128.9,False,P,0.0,113.72055560185186,0.0,0.0,,,455.42333333333335,-341.85277773148147,-0.473,0.0,454.42333333333335,-341.85277773148147,-0.473,,2025-08-29,44
2025-08-29,45,2025-08-29T21:00:00Z,2025-08-30T21:44:37Z,63.1,63.1,False,N,0.0,-80.38636611111112,0.0,0.0,,,409.375,-517.8534772530865,0.0,27.95,409.375,-516.8534772530865,,27.95,2025-08-29,45
2025-08-29,46,2025-08-29T21:30:00Z,2025-08-30T22:14:39Z,63.0,63.0,False,N,0.0,-92.75416666666666,0.0,0.0,,,360.875,-453.6791666666667,0.0,0.0,360.875,-452.6791666666667,,,2025-08-29,46
2025-08-29,47,2025-08-29T22:00:00Z,2025-08-30T22:44:37Z,83.78,83.78,False,P,0.0,18.20374014957265,0.0,0.0,83.78,0.0,514.2902786111111,-646.078900520784,-150.0,299.5,513.2902786111111,-646.078900520784,-150.0,299.5,2025-08-29,47
2025-08-29,48,2025-08-29T22:30:00Z,2025-08-30T23:14:40Z,70.16,70.16,False,N,0.0,-140.74315476190475,0.0,0.0,,,565.25,-855.6348214285714,-150.0,299.5,565.25,-855.6348214285714,-149.0,299.5,2025-08-29,48
2025-08-30,1,2025-08-29T23:00:00Z,2025-08-30T23:44:39Z,82.19,82.19,False,P,0.0,127.38772472730973,0.0,0.0,82.19,0.0,503.5,-500.7956086060236,-175.0,299.5,502.5,-500.7956086060236,-175.0,299.5,2025-08-30,1
2025-08-30,2,2025-08-29T23:30:00Z,2025-08-31T00:14:48Z,63.1,63.1,False,N,0.0,-146.9351851851852,0.0,0.0,,,503.5,-775.1268518518518,-175.0,299.5,503.5,-774.1268518518518,-175.0,299.5,2025-08-30,2
2025-08-30,3,2025-08-30T00:00:00Z,2025-08-31T00:44:39Z,104.00029998500075,104.00029998500075,False,P,0.0,29.24998611111111,0.0,0.0,104.00029998500075,1.0,503.5,-590.4475694444444,-200.0,315.417,502.8333502314932,-590.4475694444444,-200.0,315.0836497685068,2025-08-30,3
2025-08-30,4,2025-08-30T00:30:00Z,2025-08-31T01:15:34Z,105.00041469076551,105.00041469076551,False,P,0.0,81.12873344017095,0.0,0.0,,,503.5,-612.3980165598291,-200.0,389.583,503.5,-612.3980165598291,-200.0,388.583,2025-08-30,4
2025-08-30,5,2025-08-30T01:00:00Z,2025-08-31T01:44:35Z,105.00054543471147,105.00054543471147,False,P,0.0,250.49083333333334,0.0,0.0,105.00054543471147,1.0,503.55,-428.64166666666665,-175.0,350.35,502.5939016096938,-428.64166666666665,-175.0,350.30609839030626,2025-08-30,5
2025-08-30,6,2025-08-30T01:30:00Z,2025-08-31T02:14:47Z,104.0,104.0,False,P,0.0,407.3885127271303,0.0,0.0,104.0,1.0,503.5,-339.942820606203,-175.0,418.773,502.55587131995236,-339.942820606203,-175.0,418.71712868004767,2025-08-30,6
2025-08-30,7,2025-08-30T02:00:00Z,2025-08-31T02:44:41Z,104.00036533016714,104.00036533016714,False,P,0.0,655.2715714285714,0.0,0.0,104.00036533016714,1.0,530.1833333333333,-95.54467418546366,-150.0,370.393,529.3788857694541,-95.54467418546366,-150.0,370.1974475638793,2025-08-30,7
2025-08-30,8,2025-08-30T02:30:00Z,2025-08-31T03:15:01Z,101.00024455857178,101.00024455857178,False,P,0.0,734.8508948611111,0.0,0.0,101.00024455857178,1.0,564.16111625,-17.83334111111111,-150.0,338.417,563.4141636963135,-17.83334111111111,-150.0,338.16395255368656,2025-08-30,8
2025-08-30,9,2025-08-30T03:00:00Z,2025-08-31T03:44:45Z,94.94,94.94,False,P,0.0,496.6919945833333,0.0,0.0,94.94,0.32295416666666665,503.93962625,-181.86462625,-125.0,299.5,503.05986605474936,-181.86462625,-125.0,299.37976019525064,2025-08-30,9
2025-08-30,10,2025-08-30T03:30:00Z,2025-08-31T04:14:43Z,101.99959233591521,101.99959233591521,False,P,0.0,373.59766666666667,0.0,0.0,101.99959233591521,1.0,503.5,-339.14166666666665,-125.0,333.806,502.5142534377049,-339.14166666666665,-125.0,333.7917465622951,2025-08-30,10
2025-08-30,11,2025-08-30T04:00:00Z,2025-08-31T04:44:39Z,102.00077101002313,102.00077101002313,False,P,0.0,158.1940704563492,0.0,0.0,102.00077101002313,1.0,503.50416666666666,-580.5839295436508,-100.0,335.228,502.5249086988,-580.5839295436508,-100.0,335.20725796786667,2025-08-30,11
2025-08-30,12,2025-08-30T04:30:00Z,2025-08-31T05:14:38Z,89.23,89.23,False,P,0.0,77.92516539685185,0.0,0.0,89.23,0.0,503.5009540475926,-625.2831679364815,-100.0,299.5,502.5009540475926,-625.2831679364815,-100.0,299.5,2025-08-30,12
2025-08-30,13,2025-08-30T05:00:00Z,2025-08-31T05:44:45Z,102.0,102.0,False,P,0.0,218.8089133089133,0.0,0.0,102.0,1.0,515.3692307692307,-479.11031746031745,-175.0,357.4,514.4350451160619,-479.11031746031745,-175.0,357.33418565316884,2025-08-30,13
2025-08-30,14,2025-08-30T05:30:00Z,2025-08-31T06:14:37Z,110.11122032545514,110.11122032545514,False,P,0.0,502.87630593711845,0.0,0.0,109.75041666666667,1.0,517.2116725,-138.5162148962149,-175.0,299.5,516.3102987178239,-138.5162148962149,-175.0,299.40137378217605,2025-08-30,14
2025-08-30,15,2025-08-30T06:00:00Z,2025-08-31T06:44:48Z,107.09610859980839,107.09610859980839,False,P,0.0,181.189521003256,0.0,0.0,106.87525,1.0,424.7750052777778,-542.6189662189662,0.0,299.5,423.7750052777778,-542.6189662189662,,299.5,2025-08-30,15
2025-08-30,16,2025-08-30T06:30:00Z,2025-08-31T07:14:39Z,89.58,89.58,False,P,0.0,19.262205739130433,0.0,0.0,89.58,0.0,303.505136,-583.8127942608695,0.0,299.5,302.505136,-583.8127942608695,,299.5,2025-08-30,16
2025-08-30,17,2025-08-30T07:00:00Z,2025-08-31T07:44:40Z,57.0,57.0,False,N,0.0,-173.42781329756153,0.0,0.0,,,351.4373210471015,-524.9483908629737,0.0,0.0,351.4373210471015,-523.9483908629737,,,2025-08-30,17
2025-08-30,18,2025-08-30T07:30:00Z,2025-08-31T08:14:42Z,55.55,55.55,False,N,0.0,-368.9482671957672,0.0,0.0,,,413.0,-782.1482671957672,0.0,0.0,413.0,-781.1482671957672,,,2025-08-30,18
2025-08-30,19,2025-08-30T08:00:00Z,2025-08-31T08:44:39Z,54.39,54.39,False,N,0.0,-862.8446693121693,0.0,0.0,,,381.4583333333333,-1194.3030026455026,-50.0,0.0,381.4583333333333,-1193.3030026455026,-50.0,,2025-08-30,19
2025-08-30,20,2025-08-30T08:30:00Z,2025-08-31T09:14:36Z,53.25,53.25,False,N,0.0,-768.5816670833333,0.0,0.0,,,372.0833333333333,-1090.67333375,-50.0,0.0,372.0833333333333,-1089.67333375,-50.0,,2025-08-30,20
2025-08-30,21,2025-08-30T09:00:00Z,2025-08-31T09:44:36Z,43.6,43.6,False,N,0.0,-558.1479426287523,0.0,0.0,,,559.7169644444444,-997.4396123157462,-150.0,29.25,559.7169644444444,-996.4396123157462,-150.0,29.25,2025-08-30,21
2025-08-30,22,2025-08-30T09:30:00Z,2025-08-31T10:14:39Z,25.0,25.0,False,N,0.0,-250.90092592592592,0.0,0.0,,,685.5,-786.5675925925926,-150.0,0.0,685.5,-785.5675925925926,-150.0,,2025-08-30,22
2025-08-30,23,2025-08-30T10:00:00Z,2025-08-31T10:44:45Z,82.0,82.0,False,P,0.0,107.74162290548341,0.0,0.0,82.0,1.0,785.5386473484848,-535.3052520945166,-150.0,7.1,784.5533328406215,-535.3052520945166,-150.0,7.085314507863381,2025-08-30,23
2025-08-30,24,2025-08-30T10:30:00Z,2025-08-31T11:14:36Z,12.15,12.15,False,N,0.0,-275.76207345238095,0.0,0.0,,,847.45991375,-1043.4895239166667,-150.0,70.267,847.45991375,-1043.4895239166667,-149.0,70.267,2025-08-30,24
2025-08-30,25,2025-08-30T11:00:00Z,2025-08-31T11:44:37Z,4.55,4.55,False,N,0.0,-438.3277238888889,0.0,0.0,,,840.2113958333333,-1154.6561197222222,-150.0,26.167,840.2113958333333,-1153.6561197222222,-150.0,26.167,2025-08-30,25
2025-08-30,26,2025-08-30T11:30:00Z,2025-08-31T12:14:35Z,-5.33,-5.33,False,N,0.0,-522.0573455555556,0.0,0.0,,,848.2835686111111,-1220.4832930555556,-150.0,0.0,848.2835686111111,-1219.4832930555556,-150.0,,2025-08-30,26
2025-08-30,27,2025-08-30T12:00:00Z,2025-08-31T12:44:39Z,-2.5,-2.5,False,N,0.0,-537.2039701388888,0.0,0.0,,,848.2405193055556,-994.0149701388889,-450.0,58.434,848.2405193055556,-994.0149701388889,-449.0,58.434,2025-08-30,27
2025-08-30,28,2025-08-30T12:30:00Z,2025-08-31T13:14:38Z,-2.0,-2.0,False,N,0.0,-521.96933625,0.0,0.0,,,848.8505841666666,-920.7610029166667,-450.0,0.0,848.8505841666666,-920.7610029166667,-449.0,,2025-08-30,28
2025-08-30,29,2025-08-30T13:00:00Z,2025-08-31T13:44:51Z,0.84,0.84,False,N,0.0,-432.3725998611111,0.0,0.0,,,848.2927113888888,-730.7060443055556,-550.0,0.0,848.2927113888888,-730.7060443055556,-549.0,,2025-08-30,29
2025-08-30,30,2025-08-30T13:30:00Z,2025-08-31T14:14:37Z,-14.49,-14.49,False,N,0.0,-744.1356938888889,0.0,0.0,,,848.0027777777777,-1042.2773605555556,-550.0,0.0,848.0027777777777,-1041.2773605555556,-550.0,,2025-08-30,30
2025-08-30,31,2025-08-30T14:00:00Z,2025-08-31T14:44:42Z,0.84,0.84,False,N,0.0,-332.4326111111111,0.0,0.0,,,862.9083333333333,-922.5822222222222,-300.0,26.766,862.9083333333333,-922.5822222222222,-299.0,26.766,2025-08-30,31
2025-08-30,32,2025-08-30T14:30:00Z,2025-08-31T15:14:39Z,-17.32,-17.32,False,N,0.0,-642.5468611111111,0.0,0.0,,,833.8381944444444,-1189.4048611111111,-300.0,13.083,833.8381944444444,-1188.4048611111111,-300.0,13.083,2025-08-30,32
2025-08-30,33,2025-08-30T15:00:00Z,2025-08-31T15:44:27Z,-17.32,-17.32,False,N,0.0,-298.560870432208,0.0,0.0,,,810.3833479991646,-1109.2512270424836,0.0,0.0,810.3833479991646,-1108.2512270424836,,,2025-08-30,33
2025-08-30,34,2025-08-30T15:30:00Z,2025-08-31T16:14:31Z,8.41,8.41,False,N,0.0,-190.4594070010545,0.0,0.0,8.41,0.0,851.7785749433899,-1062.3516074019608,0.0,20.106,851.7785749433899,-1061.3516074019608,,20.106,2025-08-30,34
2025-08-30,35,2025-08-30T16:00:00Z,2025-08-31T16:44:47Z,3.47,3.47,False,N,0.0,-227.3171242979243,0.0,0.0,3.47,0.0,1035.3658403846155,-1326.489298015873,0.0,63.833,1035.3658403846155,-1325.489298015873,,63.833,2025-08-30,35
2025-08-30,36,2025-08-30T16:30:00Z,2025-08-31T17:14:32Z,5.23,5.23,False,N,0.0,-299.7914850396825,0.0,0.0,5.23,0.0,1301.992691111111,-1610.0634842063491,0.0,8.261,1301.992691111111,-1609.0634842063491,,8.261,2025-08-30,36
2025-08-30,37,2025-08-30T17:00:00Z,2025-08-31T17:44:33Z,-7.071179747507077,-7.071179747507077,False,N,0.0,-275.38485930555555,0.0,0.0,-6.834082725,1.0,1532.7036168055556,-1827.5563955555556,0.0,19.667,1532.7036168055556,-1826.5563955555556,,19.667,2025-08-30,37
2025-08-30,38,2025-08-30T17:30:00Z,2025-08-31T18:14:30Z,7.33,7.33,False,N,0.0,-135.58553902905786,0.0,0.0,7.33,0.0,1833.794620970942,-2148.4424828769843,0.0,179.211,1833.794620970942,-2147.4424828769843,,179.211,2025-08-30,38
2025-08-30,39,2025-08-30T18:00:00Z,2025-08-31T18:44:48Z,17.48,17.48,False,N,0.0,-48.8739715758465,0.0,0.0,17.48,0.0,2123.3800284241534,-2249.854407314815,0.0,77.521,2123.3800284241534,-2248.854407314815,,77.521,2025-08-30,39
2025-08-30,40,2025-08-30T18:30:00Z,2025-08-31T19:14:46Z,14.63,14.63,False,N,0.0,-261.7926816239316,0.0,0.0,14.63,0.0,2140.1659294871797,-2401.8123615277777,0.0,0.0,2140.1659294871797,-2400.8123615277777,,,2025-08-30,40
2025-08-30,41,2025-08-30T19:00:00Z,2025-08-31T19:44:32Z,4.825914255021408,4.825914255021408,False,N,0.0,-200.74521490384615,0.0,0.0,6.535916666666667,1.0,2312.394609827337,-2513.17341875,-0.933,0.0,2312.394609827337,-2512.17341875,-0.933,,2025-08-30,41
2025-08-30,42,2025-08-30T19:30:00Z,2025-08-31T20:14:33Z,-3.25,-3.25,False,N,0.0,-269.6842025089606,0.0,0.0,-3.25,1.0,2113.4731463799285,-2383.315682222222,-0.95,0.0,2113.4731463799285,-2382.315682222222,-0.95,,2025-08-30,42
2025-08-30,43,2025-08-30T20:00:00Z,2025-08-31T20:44:32Z,20.0,20.0,False,N,0.0,-378.1201292506105,0.0,0.0,20.0,1.0,1929.9257040827229,-2308.245919284188,-1.002,0.0,1929.9257040827229,-2307.245919284188,-1.002,,2025-08-30,43
2025-08-30,44,2025-08-30T20:30:00Z,2025-08-31T21:14:43Z,12.69,12.69,False,N,0.0,-818.2924120634921,0.0,0.0,12.69,0.0,1489.322587936508,-2307.6151077777777,-0.87,0.0,1489.322587936508,-2306.6151077777777,-0.87,,2025-08-30,44
2025-08-30,45,2025-08-30T21:00:00Z,2025-08-31T21:44:29Z,0.0,0.0,False,N,0.0,-638.9316428571428,0.0,0.0,0.0,1.0,1389.1095238095238,-2258.4991666666665,0.0,231.133,1389.1095238095238,-2257.4991666666665,,231.133,2025-08-30,45
2025-08-30,46,2025-08-30T21:30:00Z,2025-08-31T22:14:37Z,10.74,10.74,False,N,0.0,-633.4845245039683,0.0,0.0,10.74,0.0,1295.598808829365,-2118.9719444444445,0.0,190.0,1295.598808829365,-2117.9719444444445,,190.0,2025-08-30,46
2025-08-30,47,2025-08-30T22:00:00Z,2025-08-31T22:44:36Z,-7.68,-7.68,False,N,0.0,-667.3917222222223,0.0,0.0,-7.68,1.0,1231.2083333333333,-1841.191388888889,-300.0,242.733,1231.2083333333333,-1840.2722347897504,-299.9191540991384,242.733,2025-08-30,47
2025-08-30,48,2025-08-30T22:30:00Z,2025-08-31T23:14:32Z,-7.68,-7.68,False,N,0.0,-526.9047126388889,0.0,0.0,-7.68,1.0,1231.6264540277778,-1651.093401111111,-300.0,192.883,1231.6264540277778,-1650.224548333772,-299.8688527773392,192.883,2025-08-30,48
2025-08-31,1,2025-08-30T23:00:00Z,2025-08-31T23:44:38Z,-6.83,-6.83,False,N,0.0,-297.06837041666665,0.0,0.0,,,1409.0511295833332,-1533.4577923611112,-450.0,277.417,1409.0511295833332,-1533.4577923611112,-449.0,277.417,2025-08-31,1
2025-08-31,2,2025-08-30T23:30:00Z,2025-09-01T00:14:40Z,-6.57,-6.57,False,N,0.0,-149.12608492063492,0.0,0.0,,,1558.4605817460317,-1475.5730820833332,-450.0,217.755,1558.4605817460317,-1474.5730820833332,-450.0,217.755,2025-08-31,2
2025-08-31,3,2025-08-31T00:00:00Z,2025-09-01T00:44:43Z,2.6901333333333333,2.6901333333333333,False,N,0.0,-199.34622194444444,0.0,0.0,,,1283.9124447222223,-1327.3189483531746,-450.0,293.878,1283.9124447222223,-1327.3189483531746,-449.0,293.878,2025-08-31,3
2025-08-31,4,2025-08-31T00:30:00Z,2025-09-01T01:14:35Z,-17.32,-17.32,False,N,0.0,-500.59640277777777,0.0,0.0,,,1210.983231527778,-1503.5387870833333,-450.0,242.172,1210.983231527778,-1502.5387870833333,-450.0,242.172,2025-08-31,4
2025-08-31,5,2025-08-31T01:00:00Z,2025-09-01T01:44:32Z,3.4101075268817205,3.4101075268817205,False,N,0.0,-116.43686333333333,0.0,0.0,,,1343.0646922222222,-1377.2252448611112,-450.0,367.884,1343.0646922222222,-1377.2252448611112,-449.0,367.884,2025-08-31,5
2025-08-31,6,2025-08-31T01:30:00Z,2025-09-01T02:14:51Z,8.54,8.54,False,N,0.0,-22.3694975,0.0,0.0,,,1354.3000025,-1137.9708333333333,-450.0,211.543,1354.3000025,-1137.9708333333333,-449.0,211.543,2025-08-31,6
2025-08-31,7,2025-08-31T02:00:00Z,2025-09-01T02:44:29Z,-11.0,-11.0,False,N,0.0,-86.89233333333334,0.0,0.0,,,1252.175,-1082.55,-525.5,269.066,1252.175,-1081.55,-525.5,269.066,2025-08-31,7
2025-08-31,8,2025-08-31T02:30:00Z,2025-09-01T03:14:42Z,-10.69,-10.69,False,N,0.0,-91.21288888888888,0.0,0.0,,,1142.7,-912.0288888888889,-525.5,203.616,1142.7,-912.0288888888889,-524.5,203.616,2025-08-31,8
2025-08-31,9,2025-08-31T03:00:00Z,2025-09-01T03:44:25Z,-17.32,-17.32,False,N,0.0,-129.76555555555555,0.0,0.0,,,1104.5,-864.7655555555556,-559.5,190.0,1104.5,-863.7655555555556,-559.5,190.0,2025-08-31,9
2025-08-31,10,2025-08-31T03:30:00Z,2025-09-01T04:14:43Z,-11.45,-11.45,False,N,0.0,-140.03855555555555,0.0,0.0,,,1286.6027777777779,-1075.3694444444445,-559.5,208.267,1286.6027777777779,-1074.3694444444445,-559.5,208.267,2025-08-31,10
2025-08-31,11,2025-08-31T04:00:00Z,2025-09-01T04:44:29Z,98.0,98.0,False,P,0.0,227.6138347222222,0.0,0.0,,,1225.95281875,-1006.8903173611111,-250.0,258.533,1224.95281875,-1006.8903173611111,-250.0,258.533,2025-08-31,11
2025-08-31,12,2025-08-31T04:30:00Z,2025-09-01T05:14:42Z,51.37102455386847,51.37102455386847,False,P,0.0,45.48972222222222,0.0,0.0,50.758916666666664,1.0,1134.6583333333333,-1029.1686111111112,-250.0,190.0,1133.6583333333333,-1029.1686111111112,-250.0,190.0,2025-08-31,12
2025-08-31,13,2025-08-31T05:00:00Z,2025-09-01T05:44:30Z,24.0,24.0,False,N,0.0,-19.77036888888889,0.0,0.0,,,1278.1379644444444,-1287.8296294444444,-200.0,190.0,1278.1379644444444,-1286.8296294444444,-200.0,190.0,2025-08-31,13
2025-08-31,14,2025-08-31T05:30:00Z,2025-09-01T06:14:36Z,70.0,70.0,False,P,0.0,91.26315873015874,0.0,0.0,,,1345.2815476190476,-1360.891388888889,-200.0,306.973,1344.2815476190476,-1360.891388888889,-200.0,306.973,2025-08-31,14
2025-08-31,15,2025-08-31T06:00:00Z,2025-09-01T06:44:36Z,-6.729160919234642,-6.729160919234642,False,N,0.0,-111.35085752424047,0.0,0.0,,,1242.6783229321088,-1445.9813237896826,0.0,91.927,1242.6783229321088,-1444.9813237896826,,91.927,2025-08-31,15
2025-08-31,16,2025-08-31T06:30:00Z,2025-09-01T07:14:38Z,39.12,39.12,False,P,0.0,10.31042195961718,0.0,0.0,,,1633.2346838643791,-1655.152475515873,0.0,32.383,1632.2346838643791,-1655.152475515873,,32.383,2025-08-31,16
2025-08-31,17,2025-08-31T07:00:00Z,2025-09-01T07:44:37Z,-11.45,-11.45,False,N,0.0,-211.40880091586064,0.0,0.0,,,1645.7619440841393,-1867.9107474652164,0.0,10.606,1645.7619440841393,-1866.9107474652164,,10.606,2025-08-31,17
2025-08-31,18,2025-08-31T07:30:00Z,2025-09-01T08:14:50Z,-17.32,-17.32,False,N,0.0,-453.02606278049575,0.0,0.0,,,1297.9906316639488,-1797.5199368079368,0.0,46.839,1297.9906316639488,-1796.5199368079368,,46.839,2025-08-31,18
2025-08-31,19,2025-08-31T08:00:00Z,2025-09-01T08:44:36Z,11.73,11.73,False,N,0.0,-470.67943689102566,0.0,0.0,11.73,1.0,1136.1512608867522,-1610.9283963888888,0.0,3.839,1136.1512608867522,-1609.9283963888888,,3.839,2025-08-31,19
2025-08-31,20,2025-08-31T08:30:00Z,2025-09-01T09:14:40Z,-0.71,-0.71,False,N,0.0,-687.4603815811965,0.0,0.0,-0.71,0.0,997.8469798482482,-1685.440398651667,0.0,0.0,997.8469798482482,-1684.440398651667,,,2025-08-31,20
2025-08-31,21,2025-08-31T09:00:00Z,2025-09-01T09:44:30Z,-17.32,-17.32,False,N,0.0,-148.45044069444444,0.0,0.0,,,1422.9369768055556,-1603.1922497222222,0.0,31.667,1422.9369768055556,-1602.1922497222222,,31.667,2025-08-31,21
2025-08-31,22,2025-08-31T09:30:00Z,2025-09-01T10:14:44Z,-1.43,-1.43,False,N,0.0,-184.40238095238095,0.0,0.0,-1.43,0.0,1319.0017857142857,-1503.40833375,0.0,0.0,1319.0017857142857,-1502.40833375,,,2025-08-31,22
2025-08-31,23,2025-08-31T10:00:00Z,2025-09-01T10:44:37Z,-17.32,-17.32,False,N,0.0,-194.62872842261905,0.0,0.0,,,1279.3846500496031,-1510.1883738657407,0.0,36.189,1279.3846500496031,-1509.1883738657407,,36.189,2025-08-31,23
2025-08-31,24,2025-08-31T10:30:00Z,2025-09-01T11:14:39Z,-6.57,-6.57,False,N,0.0,-32.87010608091787,0.0,0.0,,,1456.8671022524154,-1548.3346623611112,0.0,58.5,1456.8671022524154,-1547.3346623611112,,58.5,2025-08-31,24
2025-08-31,25,2025-08-31T11:00:00Z,2025-09-01T11:44:36Z,-2.94,-2.94,False,N,0.0,-145.35579838148664,0.0,0.0,-2.94,0.0,1370.9315335629578,-1561.3150127091576,0.0,45.061,1370.9315335629578,-1560.3150127091576,,45.061,2025-08-31,25
2025-08-31,26,2025-08-31T11:30:00Z,2025-09-01T12:14:49Z,0.0,0.0,False,N,0.0,-220.44308242248317,0.0,0.0,0.0,1.0,1433.2355568830724,-1658.2036398662392,0.0,4.55,1433.2355568830724,-1657.2036398662392,,4.55,2025-08-31,26
2025-08-31,27,2025-08-31T12:00:00Z,2025-09-01T12:44:28Z,-1.9,-1.9,False,N,0.0,-520.23783,0.0,0.0,-1.9,0.0,1169.4676911111112,-1689.5788022222223,0.0,0.0,1169.4676911111112,-1688.5788022222223,,,2025-08-31,27
2025-08-31,28,2025-08-31T12:30:00Z,2025-09-01T13:14:44Z,10.0,10.0,False,N,0.0,-527.3684736635029,0.0,0.0,10.0,1.0,1281.2194180031638,-1808.6952467531637,0.0,0.0,1281.2194180031638,-1807.6952467531637,,,2025-08-31,28
2025-08-31,29,2025-08-31T13:00:00Z,2025-09-01T13:44:54Z,35.49,35.49,False,P,0.0,77.79761916666666,0.0,0.0,,,1841.5836191666667,-1819.38361375,0.0,55.589,1840.5836191666667,-1819.38361375,,55.589,2025-08-31,29
2025-08-31,30,2025-08-31T13:30:00Z,2025-09-01T14:14:45Z,40.0,40.0,False,P,0.0,87.13890664226938,0.0,0.0,,,1951.4042399756026,-1879.7126913513196,0.0,15.611,1950.4042399756026,-1879.7126913513196,,15.611,2025-08-31,30
2025-08-31,31,2025-08-31T14:00:00Z,2025-09-01T14:44:36Z,80.0,80.0,False,P,0.0,314.6668998148179,0.0,0.0,,,2247.3139542760914,-2024.867804452859,0.0,92.317,2246.40028305147,-2024.867804452859,,92.23067122462132,2025-08-31,31
2025-08-31,32,2025-08-31T14:30:00Z,2025-09-01T15:14:38Z,4.31,4.31,False,N,0.0,-20.957453068480827,0.0,0.0,,,2039.5032232653234,-2103.112638820879,0.0,42.6,2039.5032232653234,-2102.112638820879,,42.6,2025-08-31,32
2025-08-31,33,2025-08-31T15:00:00Z,2025-09-01T15:44:52Z,35.67,35.67,False,N,0.0,-48.09894583333333,0.0,0.0,35.67,0.0,1722.9922659722222,-2236.1361519444445,0.0,464.962,1722.9922659722222,-2235.1361519444445,,464.962,2025-08-31,33
2025-08-31,34,2025-08-31T15:30:00Z,2025-09-01T16:14:39Z,49.51,49.51,False,P,0.0,392.96616712585035,0.0,0.0,,,1992.201583792517,-2155.3519989852607,0.0,556.0,1992.201583792517,-2155.3519989852607,,555.0,2025-08-31,34
2025-08-31,35,2025-08-31T16:00:00Z,2025-09-01T16:44:38Z,84.0,84.0,False,P,0.0,300.9748631501831,0.0,0.0,,,2222.375149539072,-2317.926559861111,0.0,396.461,2221.375149539072,-2317.926559861111,,396.461,2025-08-31,35
2025-08-31,36,2025-08-31T16:30:00Z,2025-09-01T17:14:36Z,97.9,97.9,False,P,0.0,369.19670481698256,0.0,0.0,,,2414.3800370392046,-2410.5748377777777,0.0,365.25,2413.3800370392046,-2410.5748377777777,,365.25,2025-08-31,36
2025-08-31,37,2025-08-31T17:00:00Z,2025-09-01T17:44:31Z,104.0,104.0,False,P,0.0,158.05828566601247,0.0,0.0,,,2463.025709971568,-2411.32844212963,0.0,106.5,2462.025709971568,-2411.32844212963,,106.5,2025-08-31,37
2025-08-31,38,2025-08-31T17:30:00Z,2025-09-01T18:14:39Z,110.0,110.0,False,P,0.0,212.4634715798611,0.0,0.0,,,2355.9991382465278,-2303.839769027778,0.0,160.606,2355.4045740900597,-2303.839769027778,,160.2005641564682,2025-08-31,38
2025-08-31,39,2025-08-31T18:00:00Z,2025-09-01T18:44:28Z,110.0,110.0,False,P,0.0,75.78694325,0.0,0.0,,,2215.754279083333,-2315.259491595238,0.0,175.216,2214.754279083333,-2315.259491595238,,175.216,2025-08-31,39
2025-08-31,40,2025-08-31T18:30:00Z,2025-09-01T19:14:29Z,114.0,114.0,False,P,0.0,182.73936274509805,0.0,0.0,,,2257.924318995098,-2280.6591229166665,0.0,205.445,2256.9927128933487,-2280.6591229166665,,205.37660610174942,2025-08-31,40
2025-08-31,41,2025-08-31T19:00:00Z,2025-09-01T19:44:37Z,114.0,114.0,False,P,0.0,249.5202766993464,0.0,0.0,,,2445.861537116013,-2362.204510972222,0.0,166.084,2444.9306047035807,-2362.204510972222,,166.01493241243216,2025-08-31,41
2025-08-31,42,2025-08-31T19:30:00Z,2025-09-01T20:15:07Z,114.0,114.0,False,P,0.0,524.6593190349002,0.0,0.0,,,2704.293652368234,-2277.5875982371795,0.0,98.199,2703.3631312764223,-2277.5875982371795,,98.12952109181141,2025-08-31,42
2025-08-31,43,2025-08-31T20:00:00Z,2025-09-01T20:44:46Z,114.95,114.95,False,P,0.0,459.2430601851852,0.0,0.0,,,2616.068726851852,-2241.207900641026,0.0,85.166,2615.068726851852,-2241.207900641026,,85.166,2025-08-31,43
2025-08-31,44,2025-08-31T20:30:00Z,2025-09-01T21:15:45Z,113.86803524666331,113.86803524666331,False,P,0.0,292.0502451512261,0.0,0.0,,,2497.3353007067817,-2205.325736290064,0.0,0.233,2496.4605458580077,-2205.325736290064,,0.10775484877391128,2025-08-31,44
2025-08-31,45,2025-08-31T21:00:00Z,2025-09-01T21:44:42Z,113.5,113.5,False,P,0.0,637.4490465873016,0.0,0.0,,,2714.9602503373017,-2197.729105772156,0.0,119.934,2713.9602503373017,-2197.729105772156,,119.934,2025-08-31,45
2025-08-31,46,2025-08-31T21:30:00Z,2025-09-01T22:14:27Z,89.99159379962188,89.99159379962188,False,P,0.0,187.79992034035408,0.0,0.0,,,2272.180430479243,-2175.980135074786,0.0,91.739,2271.180430479243,-2175.980135074786,,91.739,2025-08-31,46
2025-08-31,47,2025-08-31T22:00:00Z,2025-09-01T22:44:29Z,54.47,54.47,False,N,0.0,-335.3392833280397,0.0,0.0,54.47,0.0,1614.2000500052936,-2173.658718452381,0.0,224.744,1614.2000500052936,-2172.658718452381,,224.744,2025-08-31,47
2025-08-31,48,2025-08-31T22:30:00Z,2025-09-01T23:14:36Z,35.43,35.43,False,N,0.0,-469.91718134565764,0.0,0.0,35.43,0.0,1505.9831519876757,-2218.4201127083334,0.0,242.683,1505.9831519876757,-2217.4201127083334,,242.683,2025-08-31,48
2025-09-01,1,2025-08-31T23:00:00Z,2025-09-01T23:44:36Z,10.727674787008754,10.727674787008754,False,N,0.0,-431.52416637316145,0.0,0.0,10.796666666666667,1.0,1335.6552373305424,-2202.211737037037,0.0,434.929,1335.6552373305424,-2201.211737037037,,434.929,2025-09-01,1
2025-09-01,2,2025-08-31T23:30:00Z,2025-09-02T00:14:28Z,28.02,28.02,False,N,0.0,-189.6944843859649,0.0,0.0,28.02,0.0,1478.1495156140352,-2186.495714166667,0.0,518.621,1478.1495156140352,-2185.495714166667,,518.621,2025-09-01,2
2025-09-01,3,2025-09-01T00:00:00Z,2025-09-02T00:44:34Z,26.93,26.93,False,N,0.0,-225.56129555555555,0.0,0.0,26.93,0.0,1558.680371111111,-2188.9442591666666,0.0,404.75,1558.680371111111,-2187.9442591666666,,404.75,2025-09-01,3
2025-09-01,4,2025-09-01T00:30:00Z,2025-09-02T01:14:30Z,9.86,9.86,False,N,0.0,-226.22694055555556,0.0,0.0,9.86,0.10416666666666667,1560.1105594444443,-2176.0438933333335,0.0,390.0,1560.1105594444443,-2175.0438933333335,,390.0,2025-09-01,4
2025-09-01,5,2025-09-01T01:00:00Z,2025-09-02T01:44:36Z,2.77,2.77,False,N,0.0,-204.47863667144037,0.0,0.0,2.77,0.18292916666666667,1649.9903286063375,-2160.6016129008754,0.0,306.073,1649.9903286063375,-2159.6016129008754,,306.073,2025-09-01,5
2025-09-01,6,2025-09-01T01:30:00Z,2025-09-02T02:15:02Z,23.65,23.65,False,N,0.0,-45.82434898148148,0.0,0.0,23.65,0.0,1739.4113176851852,-2132.994644490741,0.0,347.556,1739.4113176851852,-2131.994644490741,,347.556,2025-09-01,6
2025-09-01,7,2025-09-01T02:00:00Z,2025-09-02T02:44:33Z,48.8,48.8,False,P,0.0,55.08707468767071,0.0,0.0,,,1745.0108591475473,-2044.8975293481644,0.0,355.289,1744.0108591475473,-2044.8975293481644,,355.289,2025-09-01,7
2025-09-01,8,2025-09-01T02:30:00Z,2025-09-02T03:14:34Z,48.9,48.9,False,P,0.0,98.28306216141779,0.0,0.0,,,1883.3497288280844,-1979.9176761678948,0.0,194.85,1882.3497288280844,-1979.9176761678948,,194.85,2025-09-01,8
2025-09-01,9,2025-09-01T03:00:00Z,2025-09-02T03:44:28Z,32.59,32.59,False,N,0.0,-89.97640986111111,0.0,0.0,32.59,0.0,1602.9516204166666,-1882.7849533333333,0.0,190.0,1602.9516204166666,-1881.7849533333333,,190.0,2025-09-01,9
2025-09-01,10,2025-09-01T03:30:00Z,2025-09-02T04:14:30Z,40.08,40.08,False,N,0.0,-117.47997391794934,0.0,0.0,40.08,0.0,1539.7450260820506,-1847.1008607561728,0.0,190.0,1539.7450260820506,-1846.1008607561728,,190.0,2025-09-01,10
2025-09-01,11,2025-09-01T04:00:00Z,2025-09-02T04:44:29Z,96.7,96.7,False,P,0.0,57.532462095959595,0.0,0.0,,,1685.8481694570708,-1818.2748740277777,0.0,190.0,1684.8481694570708,-1818.2748740277777,,190.0,2025-09-01,11
2025-09-01,12,2025-09-01T04:30:00Z,2025-09-02T05:14:27Z,100.0,100.0,False,P,0.0,30.192314814814814,0.0,0.0,,,1679.537037037037,-1839.4780555555556,0.0,190.0,1678.537037037037,-1839.4780555555556,,190.0,2025-09-01,12
2025-09-01,13,2025-09-01T05:00:00Z,2025-09-02T05:44:28Z,65.94,65.94,False,N,0.0,-34.95162905092592,0.0,0.0,65.94,0.0,1587.3285931712962,-1816.4140185185186,0.0,194.267,1587.3285931712962,-1815.4140185185186,,194.267,2025-09-01,13
2025-09-01,14,2025-09-01T05:30:00Z,2025-09-02T06:14:22Z,78.75,78.75,False,N,0.0,-11.765676527777778,0.0,0.0,78.75,0.0,1496.645618611111,-1730.008450079365,0.0,222.095,1496.645618611111,-1729.008450079365,,222.095,2025-09-01,14
2025-09-01,15,2025-09-01T06:00:00Z,2025-09-02T06:44:29Z,80.11,80.11,False,N,0.0,-189.61260407407408,0.0,0.0,80.11,0.0,1450.6436517592592,-1657.4606003703705,0.0,18.088,1450.6436517592592,-1656.4606003703705,,18.088,2025-09-01,15
2025-09-01,16,2025-09-01T06:30:00Z,2025-09-02T07:14:26Z,21.03751400681108,21.03751400681108,False,N,0.0,-348.81136904761905,0.0,0.0,21.456,1.0,1397.7607142857144,-1746.6005555555555,0.0,0.0,1397.7607142857144,-1745.6005555555555,,,2025-09-01,16
2025-09-01,17,2025-09-01T07:00:00Z,2025-09-02T07:44:27Z,-6.57,-6.57,False,N,0.0,-318.51401354166666,0.0,0.0,,,1469.125864965829,-1787.692692311508,0.0,0.0,1469.125864965829,-1786.692692311508,,,2025-09-01,17
2025-09-01,18,2025-09-01T07:30:00Z,2025-09-02T08:14:26Z,-11.45,-11.45,False,N,0.0,-258.72718140873013,0.0,0.0,,,1398.6861126190477,-1656.7083337698414,0.0,0.0,1398.6861126190477,-1655.7083337698414,,,2025-09-01,18
2025-09-01,19,2025-09-01T08:00:00Z,2025-09-02T08:44:25Z,0.92,0.92,False,N,0.0,-234.12975680555556,0.0,0.0,,,1513.3876043055554,-1597.2910765277777,-150.0,0.0,1513.3876043055554,-1596.2910765277777,-150.0,,2025-09-01,19
2025-09-01,20,2025-09-01T08:30:00Z,2025-09-02T09:14:30Z,-11.45,-11.45,False,N,0.0,-394.37324043650796,0.0,0.0,,,1281.943148452381,-1526.3168786111112,-150.0,0.0,1281.943148452381,-1525.3168786111112,-150.0,,2025-09-01,20
2025-09-01,21,2025-09-01T09:00:00Z,2025-09-02T09:44:26Z,-11.45,-11.45,False,N,0.0,-320.93332234126984,0.0,0.0,,,1301.2837319642856,-1472.0833333333333,-150.0,0.0,1301.2837319642856,-1471.0833333333333,-150.0,,2025-09-01,21
2025-09-01,22,2025-09-01T09:30:00Z,2025-09-02T10:14:25Z,47.33,47.33,False,N,0.0,-685.1916666666667,0.0,0.0,47.33,0.0,1039.2333333333333,-1573.925,-150.0,0.0,1039.2333333333333,-1573.1318885834864,-149.79311141651363,,2025-09-01,22
2025-09-01,23,2025-09-01T10:00:00Z,2025-09-02T10:44:24Z,18.98,18.98,False,N,0.0,-378.41170454545454,0.0,0.0,18.98,0.0,1377.0049621212122,-1605.5004168055555,-150.0,0.0,1377.0049621212122,-1604.8902259249921,-149.6101908805635,,2025-09-01,23
2025-09-01,24,2025-09-01T10:30:00Z,2025-09-02T11:14:33Z,14.495936375986041,14.495936375986041,False,N,0.0,-444.76648511574075,0.0,0.0,16.178571428571427,1.0,1287.6323244080688,-1582.2196775165344,-150.0,0.0,1287.6323244080688,-1581.2196775165344,-150.0,,2025-09-01,24
2025-09-01,25,2025-09-01T11:00:00Z,2025-09-02T11:44:30Z,1.0,1.0,False,N,0.0,-707.8079414455527,0.0,0.0,1.0,1.0,1276.7360037579992,-1634.5987860252785,-350.0,0.0,1276.7360037579992,-1634.0747617430068,-349.5240242822719,,2025-09-01,25
2025-09-01,26,2025-09-01T11:30:00Z,2025-09-02T12:14:29Z,27.277433007730185,27.277433007730185,False,N,0.0,-732.6009951742441,0.0,0.0,27.75103448275862,0.24166666666666667,1266.7823380367447,-1649.5545236103912,-350.0,0.0,1266.7823380367447,-1648.9726926540275,-349.5818309563639,,2025-09-01,26
2025-09-01,27,2025-09-01T12:00:00Z,2025-09-02T12:44:45Z,15.5,15.5,False,N,0.0,-634.265376984127,0.0,0.0,15.5,1.0,1068.679761904762,-1453.1666666666667,-250.0,0.0,1068.679761904762,-1452.5610825516098,-249.60558411505676,,2025-09-01,27
2025-09-01,28,2025-09-01T12:30:00Z,2025-09-02T13:14:41Z,4.3,4.3,False,N,0.0,-529.2301261111111,0.0,0.0,4.3,0.0,1146.8615405555556,-1426.0281944444444,-250.0,0.0,1146.8615405555556,-1425.5005787394148,-249.52761570502977,,2025-09-01,28
2025-09-01,29,2025-09-01T13:00:00Z,2025-09-02T13:44:28Z,-17.32,-17.32,False,N,0.0,-160.5823677093582,0.0,0.0,,,1285.5328705604763,-1446.7362007649137,0.0,0.0,1285.5328705604763,-1445.7362007649137,,,2025-09-01,29
2025-09-01,30,2025-09-01T13:30:00Z,2025-09-02T14:14:35Z,-17.32,-17.32,False,N,0.0,-492.14985069444447,0.0,0.0,,,1112.1223693055556,-1604.5890366666667,0.0,0.0,1112.1223693055556,-1603.5890366666667,,,2025-09-01,30
2025-09-01,31,2025-09-01T14:00:00Z,2025-09-02T14:44:33Z,29.07,29.07,False,N,0.0,-784.440260558246,0.0,0.0,29.07,0.0,917.3083470680073,-1701.4819425852102,0.0,0.0,917.3083470680073,-1700.4819425852102,,,2025-09-01,31
2025-09-01,32,2025-09-01T14:30:00Z,2025-09-02T15:14:25Z,34.67,34.67,False,N,0.0,-796.5916654760379,0.0,0.0,34.67,0.0,948.4000010473469,-1744.9416665080892,0.0,0.0,948.4000010473469,-1743.9416665080892,,,2025-09-01,32
2025-09-01,33,2025-09-01T15:00:00Z,2025-09-02T15:44:29Z,35.46,35.46,False,N,0.0,-732.0501511746032,0.0,0.0,35.46,0.0,1023.5257505241505,-1755.642416174603,0.0,0.0,1023.5257505241505,-1754.642416174603,,,2025-09-01,33
2025-09-01,34,2025-09-01T15:30:00Z,2025-09-02T16:14:30Z,32.22,32.22,False,N,0.0,-547.4560429734547,0.0,0.0,32.22,1.0,1107.448465409662,-1695.3134648901214,0.0,40.112,1107.448465409662,-1694.3134648901214,,40.112,2025-09-01,34
2025-09-01,35,2025-09-01T16:00:00Z,2025-09-02T16:44:28Z,54.44,54.44,False,N,0.0,-306.51609074074076,0.0,0.0,54.44,0.0,1277.3972425925926,-1709.9966666666667,0.0,126.0,1277.3972425925926,-1708.9966666666667,,126.0,2025-09-01,35
2025-09-01,36,2025-09-01T16:30:00Z,2025-09-02T17:14:30Z,69.3,69.3,False,N,0.0,-317.01886097205545,0.0,0.0,69.3,0.0,1267.9368056497815,-1702.727777638722,0.0,117.761,1267.9368056497815,-1701.727777638722,,117.761,2025-09-01,36
2025-09-01,37,2025-09-01T17:00:00Z,2025-09-02T17:44:25Z,108.0,108.0,False,P,0.0,164.14214347222222,0.0,0.0,,,1474.9876643055557,-1739.5793309920634,0.0,428.83,1473.9876643055557,-1739.5793309920634,,428.83,2025-09-01,37
2025-09-01,38,2025-09-01T17:30:00Z,2025-09-02T18:14:27Z,115.0,115.0,False,P,0.0,168.99516666666668,0.0,0.0,,,1434.4766666666667,-1699.0775,0.0,433.611,1434.4766666666667,-1699.0775,,432.611,2025-09-01,38
2025-09-01,39,2025-09-01T18:00:00Z,2025-09-02T18:44:27Z,114.0,114.0,False,P,0.0,23.04243853024911,0.0,0.0,,,1315.6334258537602,-1681.5959167475287,0.0,389.409,1315.6334258537602,-1681.5959167475287,,388.409,2025-09-01,39
2025-09-01,40,2025-09-01T18:30:00Z,2025-09-02T19:14:27Z,94.4,94.4,False,N,0.0,-66.82719444444444,0.0,0.0,94.4,0.0,1288.5909545833333,-1635.0054015277778,0.0,279.76,1288.5909545833333,-1634.0054015277778,,279.76,2025-09-01,40
2025-09-01,41,2025-09-01T19:00:00Z,2025-09-02T19:44:32Z,95.16,95.16,False,N,0.0,-7.161388625249731,0.0,0.0,95.16,0.0,1250.3750000487692,-1607.119721958583,0.0,350.0,1250.3750000487692,-1606.119721958583,,350.0,2025-09-01,41
2025-09-01,42,2025-09-01T19:30:00Z,2025-09-02T20:14:40Z,59.86883341313375,59.86883341313375,False,N,0.0,-88.77819416858001,0.0,0.0,60.11425,1.0,1150.4166667039883,-1589.3802775019133,0.0,350.0,1150.4166667039883,-1588.3802775019133,,350.0,2025-09-01,42
2025-09-01,43,2025-09-01T20:00:00Z,2025-09-02T20:44:29Z,64.2,64.2,False,N,0.0,-22.070227489158864,0.0,0.0,,,1253.3044390353066,-1685.7710984613811,0.0,410.267,1253.3044390353066,-1684.7710984613811,,410.267,2025-09-01,43
2025-09-01,44,2025-09-01T20:30:00Z,2025-09-02T21:14:35Z,92.75,92.75,False,P,0.0,182.45165539448348,0.0,0.0,,,1300.4644874291184,-1475.1522306511615,0.0,356.733,1300.4644874291184,-1475.1522306511615,,355.733,2025-09-01,44
2025-09-01,45,2025-09-01T21:00:00Z,2025-09-02T21:44:27Z,58.0,58.0,False,N,0.0,-138.80043795506913,0.0,0.0,58.0,1.0,1333.6735807949308,-1472.3967477777778,0.0,0.0,1333.6735807949308,-1471.3967477777778,,,2025-09-01,45
2025-09-01,46,2025-09-01T21:30:00Z,2025-09-02T22:14:26Z,50.0,50.0,False,N,0.0,-246.07053404761905,0.0,0.0,50.0,1.0,1234.8175595238095,-1480.9547602380953,0.0,0.0,1234.8175595238095,-1479.9547602380953,,,2025-09-01,46
2025-09-01,47,2025-09-01T22:00:00Z,2025-09-02T22:44:26Z,50.0,50.0,False,N,0.0,-397.49155328150954,0.0,0.0,50.0,1.0,1105.4649934218098,-1483.7349438451681,-100.0,80.739,1105.4649934218098,-1483.1017646493158,-99.63317919585235,80.739,2025-09-01,47
2025-09-01,48,2025-09-01T22:30:00Z,2025-09-02T23:14:35Z,70.51,70.51,False,N,0.0,-21.89146880586094,0.0,0.0,70.51,0.0,1323.9865867056849,-1352.3097522998446,-100.0,106.5,1323.9865867056849,-1351.3097522998446,-100.0,106.5,2025-09-01,48
2025-09-02,1,2025-09-01T23:00:00Z,2025-09-02T23:44:28Z,96.9,96.9,False,P,0.0,177.8630705448718,0.0,0.0,,,1561.0285016559828,-1336.3079170833332,-100.0,53.161,1560.0285016559828,-1336.3079170833332,-100.0,53.161,2025-09-02,1
2025-09-02,2,2025-09-01T23:30:00Z,2025-09-03T00:15:45Z,99.0,99.0,False,P,0.0,223.9607798705685,0.0,0.0,,,1633.3942848705685,-1351.1632444357033,-100.0,41.666,1632.3942848705685,-1351.1632444357033,-100.0,41.666,2025-09-02,2
2025-09-02,3,2025-09-02T00:00:00Z,2025-09-03T00:44:35Z,96.95,96.95,False,P,0.0,215.40601918121965,0.0,0.0,,,1524.8255339728862,-1253.4464240865384,-100.0,43.9,1523.8255339728862,-1253.4464240865384,-100.0,43.9,2025-09-02,3
2025-09-02,4,2025-09-02T00:30:00Z,2025-09-03T01:14:34Z,96.9,96.9,False,P,0.0,206.96373001884862,0.0,0.0,,,1518.398563352182,-1252.0077350667734,-100.0,40.666,1517.398563352182,-1252.0077350667734,-100.0,40.666,2025-09-02,4
2025-09-02,5,2025-09-02T01:00:00Z,2025-09-03T01:44:26Z,60.59,60.59,False,N,0.0,-2.7178885528673837,0.0,0.0,,,1241.114789780466,-1196.7920232341269,-100.0,53.501,1241.114789780466,-1195.7920232341269,-100.0,53.501,2025-09-02,5
2025-09-02,6,2025-09-02T01:30:00Z,2025-09-03T02:15:07Z,94.0,94.0,False,P,0.0,36.59201484767025,0.0,0.0,,,1226.858681514337,-1090.0515127777778,-100.0,0.0,1225.858681514337,-1090.0515127777778,-100.0,,2025-09-02,6
2025-09-02,7,2025-09-02T02:00:00Z,2025-09-03T02:44:29Z,59.670776594347174,59.670776594347174,False,N,0.0,-156.00174447431303,0.0,0.0,59.682,1.0,1004.4606169840204,-1145.3381449074075,-50.0,35.067,1004.4606169840204,-1144.40232455613,-49.935820351277464,35.067,2025-09-02,7
2025-09-02,8,2025-09-02T02:30:00Z,2025-09-03T03:14:35Z,60.08287191126067,60.08287191126067,False,N,0.0,-108.23166666666667,0.0,0.0,60.154666666666664,1.0,948.985,-1058.45,-50.0,50.85,948.985,-1057.9833333333333,-49.46666666666667,50.85,2025-09-02,8
2025-09-02,9,2025-09-02T03:00:00Z,2025-09-03T03:44:34Z,94.0,94.0,False,P,0.0,25.173833333333334,0.0,0.0,,,1023.3575,-997.0416666666666,-50.0,48.533,1022.3575,-997.0416666666666,-50.0,48.533,2025-09-02,9
2025-09-02,10,2025-09-02T03:30:00Z,2025-09-03T04:14:26Z,94.0,94.0,False,P,0.0,22.614966435185185,0.0,0.0,,,1059.7658636574074,-990.6115079166667,-50.0,3.45,1058.7658636574074,-990.6115079166667,-50.0,3.45,2025-09-02,10
2025-09-02,11,2025-09-02T04:00:00Z,2025-09-03T04:44:34Z,70.04,70.04,False,N,0.0,-159.1119212962963,0.0,0.0,70.04,0.525,852.046412037037,-961.1753472222222,-50.0,0.0,852.046412037037,-960.4895914321636,-49.68575579005868,,2025-09-02,11
2025-09-02,12,2025-09-02T04:30:00Z,2025-09-03T05:14:31Z,70.55,70.55,False,N,0.0,-348.7468823611111,0.0,0.0,70.55,0.14001597222222223,611.7018002777778,-956.3684669444444,-50.0,46.283,611.7018002777778,-955.511837401727,-49.85662954271738,46.283,2025-09-02,12
2025-09-02,13,2025-09-02T05:00:00Z,2025-09-03T05:44:29Z,74.43,74.43,False,N,0.0,-202.53036599206348,0.0,0.0,74.43,0.0,698.009078452381,-960.1275223611111,-50.0,109.395,698.009078452381,-959.374398920856,-49.75312344025508,109.395,2025-09-02,13
2025-09-02,14,2025-09-02T05:30:00Z,2025-09-03T06:14:29Z,81.27,81.27,False,N,0.0,-106.00440888888889,0.0,0.0,81.27,0.0,869.2633371428572,-975.9343686111112,-50.0,50.844,869.2633371428572,-975.0334626865274,-49.90090592458377,50.844,2025-09-02,14
2025-09-02,15,2025-09-02T06:00:00Z,2025-09-03T06:44:31Z,102.42,102.42,False,P,0.0,23.824199616402115,0.0,0.0,,,631.8074883664021,-910.020717824074,0.0,302.161,631.8074883664021,-910.020717824074,,301.161,2025-09-02,15
2025-09-02,16,2025-09-02T06:30:00Z,2025-09-03T07:14:34Z,102.95,102.95,False,P,0.0,76.78240905864197,0.0,0.0,,,504.964159058642,-763.2937886882717,0.0,335.262,504.964159058642,-763.2937886882717,,334.262,2025-09-02,16
2025-09-02,17,2025-09-02T07:00:00Z,2025-09-03T07:44:31Z,96.92,96.92,False,P,0.0,35.080708950617286,0.0,0.0,,,522.2426422839507,-693.0287533950617,-50.0,256.0,522.2426422839507,-693.0287533950617,-50.0,255.0,2025-09-02,17
2025-09-02,18,2025-09-02T07:30:00Z,2025-09-03T08:14:48Z,59.38,59.38,False,N,0.0,-12.55636,0.0,0.0,,,455.58964,-616.5183437037037,-50.0,198.689,455.58964,-615.5183437037037,-50.0,198.689,2025-09-02,18
2025-09-02,19,2025-09-02T08:00:00Z,2025-09-03T08:44:29Z,54.47,54.47,False,N,0.0,-46.06144833333333,0.0,0.0,,,596.3996627777777,-528.1562012393163,-125.0,11.05,596.3996627777777,-527.1562012393163,-125.0,11.05,2025-09-02,19
2025-09-02,20,2025-09-02T08:30:00Z,2025-09-03T09:14:28Z,44.28592593918994,44.28592593918994,False,N,0.0,-128.0885847222222,0.0,0.0,44.50380784722222,1.0,371.4377583333333,-392.32942638888886,-125.0,17.801,371.4377583333333,-391.5432729228543,-124.78615346603456,17.801,2025-09-02,20
2025-09-02,21,2025-09-02T09:00:00Z,2025-09-03T09:44:25Z,50.6,50.6,False,N,0.0,-168.66078472222222,0.0,0.0,,,429.30069347222224,-398.2708670833333,-200.0,0.233,429.30069347222224,-397.2708670833333,-200.0,0.233,2025-09-02,21
2025-09-02,22,2025-09-02T09:30:00Z,2025-09-03T10:14:32Z,99.75,99.75,False,P,0.0,109.55071527777778,0.0,0.0,,,567.7429469444445,-278.23291222222224,-200.0,19.817,566.7429469444445,-278.23291222222224,-200.0,19.817,2025-09-02,22
2025-09-02,23,2025-09-02T10:00:00Z,2025-09-03T10:44:24Z,79.72,79.72,False,P,0.0,17.10236734126984,0.0,0.0,,,602.3145833333333,-311.02088265873016,-275.0,0.917,601.3145833333333,-311.02088265873016,-275.0,0.917,2025-09-02,23
2025-09-02,24,2025-09-02T10:30:00Z,2025-09-03T11:14:27Z,47.0,47.0,False,N,0.0,-126.08194444444445,0.0,0.0,47.0,1.0,433.48333333333335,-285.1986111111111,-275.0,0.0,433.48333333333335,-284.4856083284144,-274.71300278269666,,2025-09-02,24
2025-09-02,25,2025-09-02T11:00:00Z,2025-09-03T11:44:29Z,50.5,50.5,False,N,0.0,-313.60884939713065,0.0,0.0,,,428.8333333333333,-442.542182730464,-300.0,0.0,428.8333333333333,-441.542182730464,-300.0,,2025-09-02,25
2025-09-02,26,2025-09-02T11:30:00Z,2025-09-03T12:14:35Z,50.6,50.6,False,N,0.0,-245.85392846916972,0.0,0.0,,,428.50003663004276,-374.48726180250304,-300.0,0.0,428.50003663004276,-373.48726180250304,-300.0,,2025-09-02,26
2025-09-02,27,2025-09-02T12:00:00Z,2025-09-03T12:45:15Z,52.16,52.16,False,N,0.0,-150.51507131944444,0.0,0.0,,,433.47474555555556,-284.08148215277777,-300.0,0.0,433.47474555555556,-283.08148215277777,-300.0,,2025-09-02,27
2025-09-02,28,2025-09-02T12:30:00Z,2025-09-03T13:14:28Z,54.0,54.0,False,N,0.0,-102.30165674603174,0.0,0.0,,,553.0172735780424,-355.3867824074074,-300.0,0.0,553.0172735780424,-354.3867824074074,-300.0,,2025-09-02,28
2025-09-02,29,2025-09-02T13:00:00Z,2025-09-03T13:44:29Z,96.9,96.9,False,P,0.0,103.37580465913716,0.0,0.0,,,743.655291005291,-340.1878196794872,-300.0,0.0,742.655291005291,-340.1878196794872,-300.0,,2025-09-02,29
2025-09-02,30,2025-09-02T13:30:00Z,2025-09-03T14:14:34Z,104.0,104.0,False,P,0.0,260.0500023611111,0.0,0.0,,,777.9166666666666,-218.01666430555557,-300.0,0.0,776.9166666666666,-218.01666430555557,-300.0,,2025-09-02,30
2025-09-02,31,2025-09-02T14:00:00Z,2025-09-03T14:44:30Z,99.75,99.75,False,P,0.0,114.31956804812779,0.0,0.0,,,808.0767908235713,-394.089955761396,-300.0,0.0,807.0767908235713,-394.089955761396,-300.0,,2025-09-02,31
2025-09-02,32,2025-09-02T14:30:00Z,2025-09-03T15:14:24Z,55.75,55.75,False,N,0.0,-89.02171230599647,0.0,0.0,,,744.3705698313493,-533.3919670679012,-300.0,0.0,744.3705698313493,-532.3919670679012,-300.0,,2025-09-02,32
2025-09-02,33,2025-09-02T15:00:00Z,2025-09-03T15:44:27Z,85.47,85.47,False,P,0.0,57.475011400898076,0.0,0.0,,,684.9401754385965,-532.3904973710318,-300.0,204.717,684.9401754385965,-532.3904973710318,-300.0,203.717,2025-09-02,33
2025-09-02,34,2025-09-02T15:30:00Z,2025-09-03T16:14:37Z,86.62,86.62,False,P,0.0,92.26761806547619,0.0,0.0,,,597.0250293402778,-360.01371526785715,-300.0,155.0,597.0250293402778,-360.01371526785715,-300.0,154.0,2025-09-02,34
2025-09-02,35,2025-09-02T16:00:00Z,2025-09-03T16:44:33Z,128.75,128.75,False,P,0.0,324.8585819381025,0.0,0.0,,,596.652100456621,-126.98935185185185,-300.0,155.0,595.652100456621,-126.98935185185185,-300.0,155.0,2025-09-02,35
2025-09-02,36,2025-09-02T16:30:00Z,2025-09-03T17:14:26Z,126.25,126.25,False,P,0.0,67.99700772450532,0.0,0.0,,,477.14164383561643,-264.2113027777778,-300.0,155.0,476.14164383561643,-264.2113027777778,-300.0,155.0,2025-09-02,36
2025-09-02,37,2025-09-02T17:00:00Z,2025-09-03T17:44:28Z,128.75,128.75,False,P,0.0,251.83203734567903,0.0,0.0,,,485.4524044444444,-233.91969053310888,0.0,0.0,484.4524044444444,-233.91969053310888,,,2025-09-02,37
2025-09-02,38,2025-09-02T17:30:00Z,2025-09-03T18:14:24Z,128.75,128.75,False,P,0.0,238.56203912037037,0.0,0.0,,,521.5,-283.2296275462963,0.0,0.0,520.5,-283.2296275462963,,,2025-09-02,38
2025-09-02,39,2025-09-02T18:00:00Z,2025-09-03T18:44:27Z,70.51,70.51,False,N,0.0,-19.237552083333334,0.0,0.0,,,469.9166666666667,-489.5805541666667,0.0,0.0,469.9166666666667,-488.5805541666667,,,2025-09-02,39
2025-09-02,40,2025-09-02T18:30:00Z,2025-09-03T19:14:36Z,65.0,65.0,False,N,0.0,-279.26230555555554,0.0,0.0,,,406.51008333333334,-686.0545277777778,0.0,0.0,406.51008333333334,-685.0545277777778,,,2025-09-02,40
2025-09-02,41,2025-09-02T19:00:00Z,2025-09-03T19:44:33Z,66.00622327849268,66.00622327849268,False,N,0.0,-9.715277777777779,0.0,0.0,,,406.6,-316.3152777777778,-100.0,0.0,406.6,-315.3152777777778,-100.0,,2025-09-02,41
2025-09-02,42,2025-09-02T19:30:00Z,2025-09-03T20:14:28Z,66.0,66.0,False,N,0.0,-32.19258333333333,0.0,0.0,,,406.5004537037037,-338.89258333333333,-100.0,0.0,406.5004537037037,-337.89258333333333,-100.0,,2025-09-02,42
2025-09-02,43,2025-09-02T20:00:00Z,2025-09-03T20:44:35Z,124.0,124.0,False,P,0.0,173.43862472222222,0.0,0.0,,,522.3927913888889,-224.06270033950616,-125.0,0.0,521.3927913888889,-224.06270033950616,-125.0,,2025-09-02,43
2025-09-02,44,2025-09-02T20:30:00Z,2025-09-03T21:14:29Z,62.6,62.6,False,N,0.0,-89.79375,0.0,0.0,,,654.4055555555556,-619.3326388888889,-125.0,0.0,654.4055555555556,-618.3326388888889,-125.0,,2025-09-02,44
2025-09-02,45,2025-09-02T21:00:00Z,2025-09-03T21:44:26Z,63.0,63.0,False,N,0.0,-115.78577670454546,0.0,0.0,,,411.935,-430.2951509861546,-125.0,27.541,411.935,-429.2951509861546,-125.0,27.541,2025-09-02,45
2025-09-02,46,2025-09-02T21:30:00Z,2025-09-03T22:14:35Z,63.0,63.0,False,N,0.0,-24.18262448717949,0.0,0.0,,,477.0516666666667,-383.9187078205128,-125.0,7.659,477.0516666666667,-382.9187078205128,-125.0,7.659,2025-09-02,46
2025-09-02,47,2025-09-02T22:00:00Z,2025-09-03T22:44:28Z,57.5,57.5,False,N,0.0,-80.09024722222222,0.0,0.0,,,349.425,-272.3479138888889,-175.0,17.841,349.425,-271.3479138888889,-175.0,17.841,2025-09-02,47
2025-09-02,48,2025-09-02T22:30:00Z,2025-09-03T23:14:39Z,104.71437416043766,104.71437416043766,False,P,0.0,167.1071263888889,0.0,0.0,104.62107810781077,1.0,520.2831819444444,-180.93568194444444,-175.0,2.892,519.5161819444445,-180.93568194444444,-175.0,2.659,2025-09-02,48
2025-09-03,1,2025-09-02T23:00:00Z,2025-09-03T23:44:24Z,89.74,89.74,False,P,0.0,234.0010895138889,0.0,0.0,89.74,0.0,854.14,-420.13932715277775,-200.0,0.0,853.14,-420.13932715277775,-200.0,,2025-09-03,1
2025-09-03,2,2025-09-02T23:30:00Z,2025-09-04T00:14:33Z,91.93,91.93,False,P,0.0,170.45765601190476,0.0,0.0,91.93,0.0,886.9584145833334,-516.5006773214286,-200.0,0.0,885.9584145833334,-516.5006773214286,-200.0,,2025-09-03,2
2025-09-03,3,2025-09-03T00:00:00Z,2025-09-04T00:44:31Z,105.0006696129637,105.0006696129637,False,P,0.0,297.1497737037037,0.0,0.0,105.0006696129637,1.0,822.76571375,-333.5842353240741,-250.0,57.967,822.1212890102554,-333.5842353240741,-250.0,57.61142473974455,2025-09-03,3
2025-09-03,4,2025-09-03T00:30:00Z,2025-09-04T01:14:29Z,85.15,85.15,False,P,0.0,142.05185079003795,0.0,0.0,85.15,0.0,821.0000034776389,-428.948149209962,-250.0,0.0,820.0000034776389,-428.948149209962,-250.0,,2025-09-03,4
2025-09-03,5,2025-09-03T01:00:00Z,2025-09-04T01:44:29Z,83.45,83.45,False,P,0.0,191.35999731481482,0.0,0.0,83.45,0.0,821.0000037962963,-379.9083360185185,-250.0,0.0,820.0000037962963,-379.9083360185185,-250.0,,2025-09-03,5
2025-09-03,6,2025-09-03T01:30:00Z,2025-09-04T02:15:14Z,80.65,80.65,False,P,0.0,132.71475244165075,0.0,0.0,80.65,0.0,821.0000072765575,-438.2852475583493,-250.0,0.0,820.0000072765575,-438.2852475583493,-250.0,,2025-09-03,6
2025-09-03,7,2025-09-03T02:00:00Z,2025-09-04T02:44:33Z,81.38,81.38,False,P,0.0,226.72756410256412,0.0,0.0,81.38,0.0,821.0,-294.2724358974359,-300.0,0.0,820.0,-294.2724358974359,-300.0,,2025-09-03,7
2025-09-03,8,2025-09-03T02:30:00Z,2025-09-04T03:14:38Z,106.139149472404,106.139149472404,False,P,0.0,300.9398174074074,0.0,0.0,,,899.2175933333333,-298.2787025925926,-300.0,0.0,898.2175933333333,-298.2787025925926,-300.0,,2025-09-03,8
2025-09-03,9,2025-09-03T03:00:00Z,2025-09-04T03:44:32Z,109.91745594808667,109.91745594808667,False,P,0.0,305.38664571581194,0.0,0.0,109.9078757,1.0,868.9125004166667,-163.53418803418805,-400.0,0.0,867.9125004166667,-163.53418803418805,-400.0,,2025-09-03,9
2025-09-03,10,2025-09-03T03:30:00Z,2025-09-04T04:14:48Z,115.77740759313596,115.77740759313596,False,P,0.0,659.1029237286325,0.0,0.0,115.694,1.0,1131.238180138889,-72.06093668803419,-400.0,0.0,1130.238180138889,-72.06093668803419,-400.0,,2025-09-03,10
2025-09-03,11,2025-09-03T04:00:00Z,2025-09-04T04:44:40Z,119.56795731085977,119.56795731085977,False,P,0.0,345.18782111111113,0.0,0.0,118.87258333333334,1.0,868.9250019444445,-173.68333333333334,-350.0,0.0,867.9250019444445,-173.68333333333334,-350.0,,2025-09-03,11
2025-09-03,12,2025-09-03T04:30:00Z,2025-09-04T05:14:39Z,130.0,130.0,False,P,0.0,308.3377687037037,0.0,0.0,130.0,1.0,744.3071764814815,-117.14999944444445,-350.0,31.3,743.3071764814815,-117.14999944444445,-350.0,31.3,2025-09-03,12
2025-09-03,13,2025-09-03T05:00:00Z,2025-09-04T05:44:41Z,116.0,116.0,False,P,0.0,314.62874158249156,0.0,0.0,116.0,1.0,833.7537415824916,-89.55,-450.0,20.3,832.849626520566,-89.55,-450.0,20.204115061925688,2025-09-03,13
2025-09-03,14,2025-09-03T05:30:00Z,2025-09-04T06:14:39Z,115.0,115.0,False,P,0.0,318.8978323611111,0.0,0.0,,,1003.72082875,-296.36999638888886,-450.0,61.672,1002.72082875,-296.36999638888886,-450.0,61.672,2025-09-03,14
2025-09-03,15,2025-09-03T06:00:00Z,2025-09-04T06:44:34Z,130.0,130.0,False,P,0.0,403.42160256410256,0.0,0.0,,,900.0599358974359,-98.88333333333334,-400.0,2.245,899.0599358974359,-98.88333333333334,-400.0,2.245,2025-09-03,15
2025-09-03,16,2025-09-03T06:30:00Z,2025-09-04T07:14:36Z,117.5,117.5,False,P,0.0,491.2609206766382,0.0,0.0,,,889.9542937321937,-84.43645157407407,-400.0,85.813,888.9542937321937,-84.43645157407407,-400.0,85.813,2025-09-03,16
2025-09-03,17,2025-09-03T07:00:00Z,2025-09-04T07:44:51Z,113.0,113.0,False,P,0.0,372.80363071581195,0.0,0.0,,,690.1626862927351,-76.75157694444444,-400.0,159.5,689.1626862927351,-76.75157694444444,-400.0,159.5,2025-09-03,17
2025-09-03,18,2025-09-03T07:30:00Z,2025-09-04T08:14:43Z,115.0,115.0,False,P,0.0,538.8869345238095,0.0,0.0,,,810.1712996031746,-80.78555555555556,-400.0,210.173,809.1712996031746,-80.78555555555556,-400.0,210.173,2025-09-03,18
2025-09-03,19,2025-09-03T08:00:00Z,2025-09-04T08:44:35Z,136.0,136.0,False,P,0.0,1208.339459033511,0.0,0.0,,,1480.4271183390665,-118.21924899863846,-400.0,246.167,1479.4271183390665,-118.21924899863846,-400.0,246.167,2025-09-03,19
2025-09-03,20,2025-09-03T08:30:00Z,2025-09-04T09:14:42Z,132.0,132.0,False,P,0.0,592.6826970959596,0.0,0.0,,,1146.8461441859067,-199.96338097883597,-400.0,45.764,1145.8461441859067,-199.96338097883597,-400.0,45.764,2025-09-03,20
2025-09-03,21,2025-09-03T09:00:00Z,2025-09-04T09:44:39Z,113.0,113.0,False,P,0.0,109.32389984848484,0.0,0.0,,,764.6587212770563,-205.87482142857144,-450.0,0.0,763.6587212770563,-205.87482142857144,-450.0,,2025-09-03,21
2025-09-03,22,2025-09-03T09:30:00Z,2025-09-04T10:15:00Z,57.02,57.02,False,N,0.0,-113.87625044117647,0.0,0.0,,,644.0136920833334,-307.9554187745098,-450.0,0.0,644.0136920833334,-306.9554187745098,-450.0,,2025-09-03,22
2025-09-03,23,2025-09-03T10:00:00Z,2025-09-04T10:44:37Z,56.01,56.01,False,N,0.0,-423.525,0.0,0.0,56.01,1.0,435.95535714285717,-409.6166666666667,-450.0,0.0,435.95535714285717,-409.5093430082124,-449.1073236584543,,2025-09-03,23
2025-09-03,24,2025-09-03T10:30:00Z,2025-09-04T11:14:57Z,54.76,54.76,False,N,0.0,-770.99330867674,0.0,0.0,54.76,1.0,513.1994060515873,-834.1754515338828,-450.0,0.0,513.1994060515873,-833.7149306820112,-449.46052085187165,,2025-09-03,24
2025-09-03,25,2025-09-03T11:00:00Z,2025-09-04T11:44:41Z,56.01,56.01,False,N,0.0,-176.94604102564102,0.0,0.0,56.01,1.0,499.41667,-226.55715547008546,-450.0,0.0,499.41667,-226.48549321816742,-449.07166225191804,,2025-09-03,25
2025-09-03,26,2025-09-03T11:30:00Z,2025-09-04T12:14:48Z,98.94,98.94,False,P,0.0,52.91564903803325,0.0,0.0,,,664.6359569148199,-161.77154315790463,-450.0,0.0,663.6359569148199,-161.77154315790463,-450.0,,2025-09-03,26
2025-09-03,27,2025-09-03T12:00:00Z,2025-09-04T12:46:05Z,109.0,109.0,False,P,0.0,295.2323793627451,0.0,0.0,,,921.0068845915033,-200.74806827614378,-425.0,0.0,920.0068845915033,-200.74806827614378,-425.0,,2025-09-03,27
2025-09-03,28,2025-09-03T12:30:00Z,2025-09-04T13:15:01Z,92.22,92.22,False,P,0.0,12.020369932355226,0.0,0.0,,,749.9791666666666,-312.8546300676448,-425.0,0.0,748.9791666666666,-312.8546300676448,-425.0,,2025-09-03,28
2025-09-03,29,2025-09-03T13:00:00Z,2025-09-04T13:44:33Z,59.0,59.0,False,N,0.0,-8.01212018939394,0.0,0.0,,,697.6358259722223,-280.42294616161615,-425.0,0.0,697.6358259722223,-279.42294616161615,-425.0,,2025-09-03,29
2025-09-03,30,2025-09-03T13:30:00Z,2025-09-04T14:15:02Z,56.15,56.15,False,N,0.0,-204.04899488358384,0.0,0.0,,,822.1169430555556,-601.2573282169171,-425.0,0.0,822.1169430555556,-600.2573282169171,-425.0,,2025-09-03,30
2025-09-03,31,2025-09-03T14:00:00Z,2025-09-04T14:44:36Z,57.02,57.02,False,N,0.0,-139.07944419590643,0.0,0.0,,,773.8333333333334,-488.2741194736842,-425.0,0.0,773.8333333333334,-487.2741194736842,-425.0,,2025-09-03,31
2025-09-03,32,2025-09-03T14:30:00Z,2025-09-04T15:14:57Z,57.02,57.02,False,N,0.0,-27.025043427074873,0.0,0.0,,,778.0713647474747,-380.4174151189941,-425.0,0.0,778.0713647474747,-379.4174151189941,-425.0,,2025-09-03,32
2025-09-03,33,2025-09-03T15:00:00Z,2025-09-04T15:44:40Z,56.2,56.2,False,N,0.0,-107.81089350411843,0.0,0.0,,,839.6475521572871,-522.6785973280722,-425.0,0.0,839.6475521572871,-521.6785973280722,-425.0,,2025-09-03,33
2025-09-03,34,2025-09-03T15:30:00Z,2025-09-04T16:14:38Z,57.02,57.02,False,N,0.0,-87.51567296873878,0.0,0.0,,,939.0896911181139,-602.022022175088,-425.0,0.0,939.0896911181139,-601.022022175088,-425.0,,2025-09-03,34
2025-09-03,35,2025-09-03T16:00:00Z,2025-09-04T16:44:39Z,115.0,115.0,False,P,0.0,167.1856534887335,0.0,0.0,,,948.5,-381.5310131779332,-400.0,0.0,947.5,-381.5310131779332,-400.0,,2025-09-03,35
2025-09-03,36,2025-09-03T16:30:00Z,2025-09-04T17:14:53Z,124.0,124.0,False,P,0.0,326.7501811111111,0.0,0.0,,,1001.6500006944444,-275.4499975,-400.0,0.0,1000.6500006944444,-275.4499975,-400.0,,2025-09-03,36
2025-09-03,37,2025-09-03T17:00:00Z,2025-09-04T17:44:38Z,133.0,133.0,False,P,0.0,348.32420833333333,0.0,0.0,,,852.7166670833333,-154.48333083333333,-350.0,0.0,851.7166670833333,-154.48333083333333,-350.0,,2025-09-03,37
2025-09-03,38,2025-09-03T17:30:00Z,2025-09-04T18:14:46Z,133.0,133.0,False,P,0.0,485.41643458333334,0.0,0.0,,,916.2461075,-80.59124541666667,-350.0,0.0,915.2461075,-80.59124541666667,-350.0,,2025-09-03,38
2025-09-03,39,2025-09-03T18:00:00Z,2025-09-04T18:44:50Z,139.0,139.0,False,P,0.0,601.6213973099167,0.0,0.0,,,1035.1451299122662,-108.81249288012731,-325.0,0.0,1034.1451299122662,-108.81249288012731,-325.0,,2025-09-03,39
2025-09-03,40,2025-09-03T18:30:00Z,2025-09-04T19:14:44Z,139.0,139.0,False,P,0.0,361.77147527777777,0.0,0.0,,,827.4213313888889,-140.47341277777778,-325.0,0.0,826.4213313888889,-140.47341277777778,-325.0,,2025-09-03,40
2025-09-03,41,2025-09-03T19:00:00Z,2025-09-04T19:44:39Z,139.0,139.0,False,P,0.0,435.61987468253966,0.0,0.0,,,828.1785050992064,-67.49755216269841,-325.0,0.0,827.1785050992064,-67.49755216269841,-325.0,,2025-09-03,41
2025-09-03,42,2025-09-03T19:30:00Z,2025-09-04T20:14:45Z,115.0,115.0,False,P,0.0,83.39111875,0.0,0.0,,,645.3333333333334,-236.94221458333334,-325.0,0.0,644.3333333333334,-236.94221458333334,-325.0,,2025-09-03,42
2025-09-03,43,2025-09-03T20:00:00Z,2025-09-04T20:44:36Z,115.0,115.0,False,P,0.0,38.346666666666664,0.0,0.0,,,495.05,-181.82,-275.0,0.0,494.05,-181.82,-275.0,,2025-09-03,43
2025-09-03,44,2025-09-03T20:30:00Z,2025-09-04T21:14:44Z,89.82,89.82,False,P,0.0,6.034502773297491,0.0,0.0,,,396.94206541218637,-115.4716725,-275.0,0.0,395.94206541218637,-115.4716725,-275.0,,2025-09-03,44
2025-09-03,45,2025-09-03T21:00:00Z,2025-09-04T21:44:40Z,109.5,109.5,False,P,0.0,203.25815619654398,0.0,0.0,,,535.989406196544,-57.50026581074436,-275.0,0.0,534.989406196544,-57.50026581074436,-275.0,,2025-09-03,45
2025-09-03,46,2025-09-03T21:30:00Z,2025-09-04T22:14:42Z,109.0,109.0,False,P,0.0,272.9527984699465,0.0,0.0,,,651.2868557318512,-104.04928865079366,-275.0,0.0,650.2868557318512,-104.04928865079366,-275.0,,2025-09-03,46
2025-09-03,47,2025-09-03T22:00:00Z,2025-09-04T22:44:40Z,99.9,99.9,False,P,0.0,54.256680888376856,0.0,0.0,,,723.585148467742,-594.5274206349206,-300.0,225.0,722.585148467742,-594.5274206349206,-300.0,225.0,2025-09-03,47
2025-09-03,48,2025-09-03T22:30:00Z,2025-09-04T23:14:51Z,43.12,43.12,False,N,0.0,-194.43200247967616,0.0,0.0,,,783.0340203157783,-902.7410227903093,-300.0,225.0,783.0340203157783,-901.7410227903093,-300.0,225.0,2025-09-03,48
2025-09-04,1,2025-09-03T23:00:00Z,2025-09-04T23:44:40Z,65.33,65.33,False,P,0.0,164.10250197017737,0.0,0.0,65.33,0.0,807.7197138291517,-344.1928368589744,-525.0,225.0,806.7197138291517,-344.1928368589744,-525.0,225.0,2025-09-04,1
2025-09-04,2,2025-09-03T23:30:00Z,2025-09-05T00:14:49Z,62.47,62.47,False,P,0.0,98.42674027777778,0.0,0.0,62.47,0.0,761.3938543055556,-363.0880216666667,-525.0,225.0,760.3938543055556,-363.0880216666667,-525.0,225.0,2025-09-04,2
2025-09-04,3,2025-09-04T00:00:00Z,2025-09-05T00:44:43Z,61.16,61.16,False,P,0.0,156.18254385964912,0.0,0.0,61.16,0.0,704.4992105263158,-148.68333333333334,-625.0,225.0,703.4992105263158,-148.68333333333334,-625.0,225.0,2025-09-04,3
2025-09-04,4,2025-09-04T00:30:00Z,2025-09-05T01:14:43Z,63.43,63.43,False,P,0.0,341.1666666666667,0.0,0.0,63.43,0.0,792.65,-51.483333333333334,-625.0,225.0,792.0564484611626,-51.483333333333334,-625.0,224.59355153883732,2025-09-04,4
2025-09-04,5,2025-09-04T01:00:00Z,2025-09-05T01:44:40Z,64.44,64.44,False,P,0.0,182.625,0.0,0.0,64.44,0.0,806.0,-148.475,-700.0,225.0,805.0,-148.475,-700.0,225.0,2025-09-04,5
2025-09-04,6,2025-09-04T01:30:00Z,2025-09-05T02:15:56Z,66.71,66.71,False,P,0.0,177.6,0.0,0.0,66.71,0.0,806.0,-154.075,-700.0,225.0,805.0,-154.075,-700.0,225.0,2025-09-04,6
2025-09-04,7,2025-09-04T02:00:00Z,2025-09-05T02:44:41Z,45.0,45.0,False,N,0.0,-213.13981222222222,0.0,0.0,,,806.3095122222222,-494.52617597222223,-750.0,225.0,806.3095122222222,-493.52617597222223,-750.0,225.0,2025-09-04,7
2025-09-04,8,2025-09-04T02:30:00Z,2025-09-05T03:14:43Z,49.12,49.12,False,N,0.0,-134.67310472222223,0.0,0.0,,,775.8257959722222,-385.65081305555555,-750.0,225.0,775.8257959722222,-385.65081305555555,-749.0,225.0,2025-09-04,8
2025-09-04,9,2025-09-04T03:00:00Z,2025-09-05T03:44:37Z,49.12,49.12,False,N,0.0,-123.90698837606837,0.0,0.0,,,756.0250111538462,-380.2583328205128,-725.0,225.0,756.0250111538462,-380.2583328205128,-724.0,225.0,2025-09-04,9
2025-09-04,10,2025-09-04T03:30:00Z,2025-09-05T04:14:40Z,49.12,49.12,False,N,0.0,-129.7763888888889,0.0,0.0,,,756.0,-386.0763888888889,-725.0,225.0,756.0,-386.0763888888889,-724.0,225.0,2025-09-04,10
2025-09-04,11,2025-09-04T04:00:00Z,2025-09-05T04:44:42Z,84.96,84.96,False,P,0.0,341.36652791666666,0.0,0.0,84.96,0.0,697.2500407799146,-431.27513875,-150.0,225.0,696.4561726708943,-431.27513875,-150.0,224.79386810902022,2025-09-04,11
2025-09-04,12,2025-09-04T04:30:00Z,2025-09-05T05:14:37Z,88.29,88.29,False,P,0.0,384.063907281746,0.0,0.0,88.29,0.0,629.7983929166667,-321.03609271825394,-150.0,225.0,629.1256316172203,-321.03609271825394,-150.0,224.67276129944642,2025-09-04,12
2025-09-04,13,2025-09-04T05:00:00Z,2025-09-05T05:44:39Z,115.0,115.0,False,P,0.0,122.63502087301588,0.0,0.0,,,484.4194463888889,-412.15295634920636,-175.0,225.0,483.4194463888889,-412.15295634920636,-175.0,225.0,2025-09-04,13
2025-09-04,14,2025-09-04T05:30:00Z,2025-09-05T06:14:33Z,89.57,89.57,False,N,0.0,-2.3498291143578642,0.0,0.0,,,340.06887626262625,-398.8592053769841,-175.0,231.183,340.06887626262625,-398.8592053769841,-174.0,231.183,2025-09-04,14
2025-09-04,15,2025-09-04T06:00:00Z,2025-09-05T06:44:44Z,86.36,86.36,False,N,0.0,-178.25661220959597,0.0,0.0,,,251.52499890151515,-239.63194762626262,-200.0,9.567,251.52499890151515,-239.63194762626262,-199.0,9.567,2025-09-04,15
2025-09-04,16,2025-09-04T06:30:00Z,2025-09-05T07:14:36Z,112.45,112.45,False,P,0.0,70.61280618686868,0.0,0.0,,,307.5635831313131,-36.57190811868687,-200.0,0.0,306.5635831313131,-36.57190811868687,-200.0,,2025-09-04,16
2025-09-04,17,2025-09-04T07:00:00Z,2025-09-05T07:44:43Z,119.6,119.6,False,P,0.0,298.6880809722222,0.0,0.0,,,524.8630829166667,-1.0464116666666667,-225.0,0.0,523.8630829166667,-1.0464116666666667,-225.0,,2025-09-04,17
2025-09-04,18,2025-09-04T07:30:00Z,2025-09-05T08:14:41Z,119.6,119.6,False,P,0.0,354.9965275,0.0,0.0,,,619.232903611111,-38.97457125,-225.0,0.0,618.232903611111,-38.97457125,-225.0,,2025-09-04,18
2025-09-04,19,2025-09-04T08:00:00Z,2025-09-05T08:44:45Z,108.9,108.9,False,P,0.0,164.1714015403889,0.0,0.0,,,532.6324668181667,-93.26579444444444,-275.0,0.0,531.6324668181667,-93.26579444444444,-275.0,,2025-09-04,19
2025-09-04,20,2025-09-04T08:30:00Z,2025-09-05T09:14:38Z,106.9,106.9,False,P,0.0,49.43744560185185,0.0,0.0,,,495.27744560185187,-170.73272337962962,-275.0,0.0,494.27744560185187,-170.73272337962962,-275.0,,2025-09-04,20
2025-09-04,21,2025-09-04T09:00:00Z,2025-09-05T09:44:31Z,107.0,107.0,False,P,0.0,231.2715022222222,0.0,0.0,,,645.2689461111111,-89.07616236111112,-325.0,0.0,644.2689461111111,-89.07616236111112,-325.0,,2025-09-04,21
2025-09-04,22,2025-09-04T09:30:00Z,2025-09-05T10:14:43Z,107.0,107.0,False,P,0.0,259.9056003240741,0.0,0.0,,,699.6667114351852,-114.66115476851851,-325.0,0.0,698.6667114351852,-114.66115476851851,-325.0,,2025-09-04,22
2025-09-04,23,2025-09-04T10:00:00Z,2025-09-05T10:44:41Z,104.0,104.0,False,P,0.0,255.83119583333334,0.0,0.0,,,795.1058895833334,-214.23344060185184,-325.0,0.0,794.1058895833334,-214.23344060185184,-325.0,,2025-09-04,23
2025-09-04,24,2025-09-04T10:30:00Z,2025-09-05T11:14:38Z,104.0,104.0,False,P,0.0,235.56139360527544,0.0,0.0,,,746.6980602719422,-185.8081513888889,-325.0,0.0,745.6980602719422,-185.8081513888889,-325.0,,2025-09-04,24
2025-09-04,25,2025-09-04T11:00:00Z,2025-09-05T11:44:42Z,61.02,61.02,False,N,0.0,-76.51228874416434,0.0,0.0,61.02,1.0,384.390784589169,-135.46403833333332,-325.0,0.0,384.390784589169,-135.00327682266095,-324.4607615106724,,2025-09-04,25
2025-09-04,26,2025-09-04T11:30:00Z,2025-09-05T12:14:35Z,61.02,61.02,False,N,0.0,-345.9003441666667,0.0,0.0,61.02,1.0,178.11665763888888,-198.81666666666666,-325.0,0.0,178.11665763888888,-198.66313655094748,-324.1535301157192,,2025-09-04,26
2025-09-04,27,2025-09-04T12:00:00Z,2025-09-05T12:46:54Z,52.0120474511504,52.0120474511504,False,N,0.0,-447.34778,0.0,0.0,52.936083333333336,1.0,179.99999777777776,-302.7550694444444,-325.0,0.0,179.99999777777776,-302.3380928018703,-324.4169766425742,,2025-09-04,27
2025-09-04,28,2025-09-04T12:30:00Z,2025-09-05T13:14:43Z,61.25,61.25,False,N,0.0,-423.555383970474,0.0,0.0,61.25,1.0,165.55863166666666,-264.25389813714065,-325.0,0.0,165.55863166666666,-263.99654751971406,-324.2573506174266,,2025-09-04,28
2025-09-04,29,2025-09-04T13:00:00Z,2025-09-05T13:44:38Z,61.27,61.27,False,N,0.0,-345.18095238095236,0.0,0.0,61.27,1.0,110.2,-130.71428571428572,-325.0,0.0,110.2,-130.60811596147641,-324.1061697528093,,2025-09-04,29
2025-09-04,30,2025-09-04T13:30:00Z,2025-09-05T14:14:39Z,61.27,61.27,False,N,0.0,-53.94644393849207,0.0,0.0,61.27,1.0,397.73094430555557,-126.85804733821733,-325.0,0.0,397.73094430555557,-126.77555811974219,-324.08248921847513,,2025-09-04,30
2025-09-04,31,2025-09-04T14:00:00Z,2025-09-05T14:44:42Z,59.23019607843137,59.23019607843137,False,N,0.0,-327.3727097008547,0.0,0.0,,,271.2927066666667,-273.8022447008547,-325.0,0.0,271.2927066666667,-273.8022447008547,-324.0,,2025-09-04,31
2025-09-04,32,2025-09-04T14:30:00Z,2025-09-05T15:14:33Z,44.05223084298203,44.05223084298203,False,N,0.0,-877.2231314814815,0.0,0.0,44.29816666666667,1.0,70.01668333333333,-622.3023189814814,-325.0,0.0,70.01668333333333,-621.3023189814814,-325.0,,2025-09-04,32
2025-09-04,33,2025-09-04T15:00:00Z,2025-09-05T15:44:34Z,59.51,59.51,False,N,0.0,-758.9240497557997,0.0,0.0,,,94.15416666666667,-674.637234940985,-275.0,96.428,94.15416666666667,-674.637234940985,-274.0,96.428,2025-09-04,33
2025-09-04,34,2025-09-04T15:30:00Z,2025-09-05T16:14:56Z,59.23009900990099,59.23009900990099,False,N,0.0,-670.603480797619,0.0,0.0,,,30.090017,-561.8377586309524,-275.0,136.094,30.090017,-561.8377586309524,-274.0,136.094,2025-09-04,34
2025-09-04,35,2025-09-04T16:00:00Z,2025-09-05T16:44:35Z,61.26,61.26,False,N,0.0,-381.4691270940171,0.0,0.0,,,116.4,-582.7467937606838,0.0,84.861,116.4,-581.7467937606838,,84.861,2025-09-04,35
2025-09-04,36,2025-09-04T16:30:00Z,2025-09-05T17:14:40Z,61.27,61.27,False,N,0.0,-216.21155543345543,0.0,0.0,,,92.65791602564103,-336.79596291208793,0.0,27.834,92.65791602564103,-335.79596291208793,,27.834,2025-09-04,36
2025-09-04,37,2025-09-04T17:00:00Z,2025-09-05T17:44:38Z,63.0,63.0,False,N,0.0,-494.9757769726248,0.0,0.0,,,0.42311875,-770.8955623892915,0.0,275.0,0.42311875,-769.8955623892915,,275.0,2025-09-04,37
2025-09-04,38,2025-09-04T17:30:00Z,2025-09-05T18:14:42Z,63.45,63.45,False,N,0.0018,-428.06177119565217,0.0,0.0,,,8.079925,-711.3235767512077,0.0,275.0,8.079925,-710.3235767512077,,275.0,2025-09-04,38
2025-09-04,39,2025-09-04T18:00:00Z,2025-09-05T18:44:38Z,63.5,63.5,False,N,0.0048,-384.30223389233953,0.0,0.0,,,6.418333333333333,-665.9103113923395,0.0,275.0,6.418333333333333,-664.9103113923395,,275.0,2025-09-04,39
2025-09-04,40,2025-09-04T18:30:00Z,2025-09-05T19:14:59Z,66.39,66.39,False,N,0.0312,-18.35138397707231,0.0,0.0,,,96.21666447530865,-396.6690550881834,0.0,282.066,96.21666447530865,-395.6690550881834,,282.066,2025-09-04,40
2025-09-04,41,2025-09-04T19:00:00Z,2025-09-05T19:44:47Z,66.01384790343626,66.01384790343626,False,N,0.0018,-12.710595238095237,0.0,0.0,,,126.57202380952381,-229.9547619047619,0.0,91.04,126.57202380952381,-228.9547619047619,,91.04,2025-09-04,41
2025-09-04,42,2025-09-04T19:30:00Z,2025-09-05T20:14:34Z,105.99981763472235,105.99981763472235,False,P,0.0006,113.48479774801588,0.0,0.0,,,155.6173252876984,-212.10254120039681,0.0,170.495,155.6173252876984,-212.10254120039681,,169.495,2025-09-04,42
2025-09-04,43,2025-09-04T20:00:00Z,2025-09-05T20:44:37Z,96.29531128563164,96.29531128563164,False,P,0.0,5.1861082898715045,0.0,0.0,,,273.4682387962963,-328.2895356050013,0.0,60.0,272.4682387962963,-328.2895356050013,,60.0,2025-09-04,43
2025-09-04,44,2025-09-04T20:30:00Z,2025-09-05T21:14:36Z,121.53062586169065,121.53062586169065,False,P,0.0,6.608333333333333,0.0,0.0,117.325,1.0,243.02166694444443,-235.96333333333334,0.0,0.0,242.02166694444443,-235.96333333333334,,,2025-09-04,44
2025-09-04,45,2025-09-04T21:00:00Z,2025-09-05T21:44:43Z,107.0,107.0,False,P,0.0,133.73983796296295,0.0,0.0,107.0,1.0,410.37708333333336,-276.56780092592595,0.0,0.0,409.37708333333336,-276.56780092592595,,,2025-09-04,45
2025-09-04,46,2025-09-04T21:30:00Z,2025-09-05T22:14:37Z,98.0,98.0,False,P,0.0,185.7295138888889,0.0,0.0,98.0,1.0,317.625,-131.8954861111111,0.0,0.0,316.625,-131.8954861111111,,,2025-09-04,46
2025-09-04,47,2025-09-04T22:00:00Z,2025-09-05T22:44:37Z,61.55,61.55,False,N,0.0,-36.797222222222224,0.0,0.0,,,97.5,-134.29722222222222,0.0,0.0,97.5,-133.29722222222222,,,2025-09-04,47
2025-09-04,48,2025-09-04T22:30:00Z,2025-09-05T23:14:36Z,61.3,61.3,False,N,0.0,-54.815384615384616,0.0,0.0,,,97.5,-152.3153846153846,0.0,0.0,97.5,-151.3153846153846,,,2025-09-04,48
2025-09-05,1,2025-09-04T23:00:00Z,2025-09-05T23:44:35Z,62.05,62.05,False,N,0.0,-55.88095543345543,0.0,0.0,,,97.68333333333334,-153.50595543345543,0.0,0.0,97.68333333333334,-152.50595543345543,,,2025-09-05,1
2025-09-05,2,2025-09-04T23:30:00Z,2025-09-06T00:14:32Z,63.0,63.0,False,N,0.0,-26.71547910714286,0.0,0.0,,,150.775,-177.56547910714286,0.0,0.0,150.775,-176.56547910714286,,,2025-09-05,2
2025-09-05,3,2025-09-05T00:00:00Z,2025-09-06T00:44:40Z,63.0,63.0,False,N,0.0,-38.75238095238095,0.0,0.0,,,97.5,-136.3190476190476,0.0,0.0,97.5,-135.3190476190476,,,2025-09-05,3
2025-09-05,4,2025-09-05T00:30:00Z,2025-09-06T01:14:36Z,62.05,62.05,False,N,0.0,-38.21666666666667,0.0,0.0,,,97.5,-135.71666666666667,0.0,0.0,97.5,-134.71666666666667,,,2025-09-05,4
2025-09-05,5,2025-09-05T01:00:00Z,2025-09-06T01:44:41Z,62.05,62.05,False,N,0.0,-116.52361111111111,0.0,0.0,,,97.5,-214.03194444444443,0.0,0.0,97.5,-213.03194444444443,,,2025-09-05,5
2025-09-05,6,2025-09-05T01:30:00Z,2025-09-06T02:14:51Z,63.0,63.0,False,N,0.0,-53.23452380952381,0.0,0.0,,,103.28333333333333,-156.6095238095238,0.0,0.0,103.28333333333333,-155.6095238095238,,,2025-09-05,6
2025-09-05,7,2025-09-05T02:00:00Z,2025-09-06T02:44:44Z,67.9,67.9,False,P,0.0,0.5720238095238095,0.0,0.0,67.9,0.0,97.5,-96.92797619047619,0.0,0.0,96.92797619047619,-96.92797619047619,,,2025-09-05,7
2025-09-05,8,2025-09-05T02:30:00Z,2025-09-06T03:14:38Z,66.97,66.97,False,P,0.0,31.0,0.0,0.0,66.97,0.0,97.5,-66.5,0.0,0.0,96.5,-66.5,,,2025-09-05,8
2025-09-05,9,2025-09-05T03:00:00Z,2025-09-06T03:44:43Z,62.56,62.56,False,N,0.0,-148.11895021645023,0.0,0.0,,,97.5,-245.61895021645023,0.0,0.0,97.5,-244.61895021645023,,,2025-09-05,9
2025-09-05,10,2025-09-05T03:30:00Z,2025-09-06T04:14:36Z,62.56,62.56,False,N,0.0,-248.92190476190476,0.0,0.0,,,97.5,-346.4219047619048,0.0,0.0,97.5,-345.4219047619048,,,2025-09-05,10
2025-09-05,11,2025-09-05T04:00:00Z,2025-09-06T04:44:34Z,61.2,61.2,False,N,0.0,-326.4450601481851,0.0,0.0,,,97.5,-423.9450601481851,0.0,0.0,97.5,-422.9450601481851,,,2025-09-05,11
2025-09-05,12,2025-09-05T04:30:00Z,2025-09-06T05:14:34Z,62.56,62.56,False,N,0.0,-77.65839743589744,0.0,0.0,,,91.36153846153846,-168.98660256410255,0.0,0.0,91.36153846153846,-167.98660256410255,,,2025-09-05,12
2025-09-05,13,2025-09-05T05:00:00Z,2025-09-06T05:44:46Z,110.0,110.0,False,P,0.0,48.32857142857143,0.0,0.0,,,160.2,-111.79642857142858,0.0,0.0,159.2,-111.79642857142858,,,2025-09-05,13
2025-09-05,14,2025-09-05T05:30:00Z,2025-09-06T06:14:34Z,115.66,115.66,False,P,0.0,203.515355,0.0,0.0,,,373.14329875,-169.5391363888889,0.0,0.0,372.14329875,-169.5391363888889,,,2025-09-05,14
2025-09-05,15,2025-09-05T06:00:00Z,2025-09-06T06:44:33Z,110.0,110.0,False,P,0.0,54.29777800813008,0.0,0.0,,,143.58698745257453,-89.13420967479675,0.0,0.0,142.58698745257453,-89.13420967479675,,,2025-09-05,15
2025-09-05,16,2025-09-05T06:30:00Z,2025-09-06T07:14:37Z,96.92,96.92,False,P,0.0,0.5733334722222222,0.0,0.0,,,71.31092267674074,-70.80501333333333,0.0,0.0,70.73758920451851,-70.80501333333333,,,2025-09-05,16
2025-09-05,17,2025-09-05T07:00:00Z,2025-09-06T07:44:32Z,62.6,62.6,False,N,0.0,-92.06426388888889,0.0,0.0,,,37.083333333333336,-146.5482638888889,0.0,17.334,37.083333333333336,-145.5482638888889,,17.334,2025-09-05,17
2025-09-05,18,2025-09-05T07:30:00Z,2025-09-06T08:14:33Z,61.3415,61.3415,False,N,0.0,-199.27076944444445,0.0,0.0,,,37.36451574074074,-236.6311861111111,0.0,0.0,37.36451574074074,-235.6311861111111,,,2025-09-05,18
2025-09-05,19,2025-09-05T08:00:00Z,2025-09-06T08:44:38Z,63.0,63.0,False,N,0.0,-0.5332518253968254,0.0,0.0,,,74.14556761904763,-74.97557753968253,0.0,0.0,74.14556761904763,-74.44232571428572,,,2025-09-05,19
2025-09-05,20,2025-09-05T08:30:00Z,2025-09-06T09:14:38Z,41.89201380155545,41.89201380155545,False,N,0.0,-256.2269432118056,0.0,0.0,,,11.541666666666666,-267.7352765451389,0.0,0.0,11.541666666666666,-266.7352765451389,,,2025-09-05,20
2025-09-05,21,2025-09-05T09:00:00Z,2025-09-06T09:44:35Z,61.25,61.25,False,N,0.0,-141.31368910772252,0.0,0.0,,,10.738610448284208,-77.14814689199582,-75.0,0.0,10.738610448284208,-76.14814689199582,-75.0,,2025-09-05,21
2025-09-05,22,2025-09-05T09:30:00Z,2025-09-06T10:14:35Z,62.05,62.05,False,N,0.0,-179.7380012222222,0.0,0.0,,,60.40679044444445,-165.5449167037037,-75.0,0.0,60.40679044444445,-165.5449167037037,-74.0,,2025-09-05,22
2025-09-05,23,2025-09-05T10:00:00Z,2025-09-06T10:44:33Z,94.5,94.5,False,P,0.0,44.40833333333333,0.0,0.0,,,227.0,-107.59166666666667,-75.0,0.0,226.0,-107.59166666666667,-75.0,,2025-09-05,23
2025-09-05,24,2025-09-05T10:30:00Z,2025-09-06T11:14:43Z,94.5,94.5,False,P,0.0,41.352896825396826,0.0,0.0,,,225.0,-108.64710317460317,-75.0,0.0,224.0,-108.64710317460317,-75.0,,2025-09-05,24
2025-09-05,25,2025-09-05T11:00:00Z,2025-09-06T11:44:39Z,63.0,63.0,False,N,0.0,-41.651358363858364,0.0,0.0,,,252.66666666666666,-294.1846916971917,0.0,0.0,252.66666666666666,-293.1846916971917,,,2025-09-05,25
2025-09-05,26,2025-09-05T11:30:00Z,2025-09-06T12:14:39Z,61.3,61.3,False,N,0.0,-112.29442610864072,0.0,0.0,,,225.0855304868784,-337.4610927753074,0.0,0.0,225.0855304868784,-336.4610927753074,,,2025-09-05,26
2025-09-05,27,2025-09-05T12:00:00Z,2025-09-06T12:44:35Z,61.25,61.25,False,N,0.0,-333.599708994709,0.0,0.0,,,225.0,-558.8913756613756,0.0,0.0,225.0,-557.8913756613756,,,2025-09-05,27
2025-09-05,28,2025-09-05T12:30:00Z,2025-09-06T13:14:33Z,61.0,61.0,False,N,0.0,-688.9122038185426,0.0,0.0,,,225.03947301767676,-913.9122038185426,0.0,0.0,225.03947301767676,-912.9122038185426,,,2025-09-05,28
2025-09-05,29,2025-09-05T13:00:00Z,2025-09-06T13:44:37Z,61.1,61.1,False,N,0.0,-618.6840468635531,0.0,0.0,,,225.0,-844.2843871413309,0.0,0.0,225.0,-843.2843871413309,,,2025-09-05,29
2025-09-05,30,2025-09-05T13:30:00Z,2025-09-06T14:14:35Z,61.2,61.2,False,N,0.0,-505.77618492618495,0.0,0.0,,,227.57222222222222,-733.076184926185,0.0,0.0,227.57222222222222,-732.076184926185,,,2025-09-05,30
2025-09-05,31,2025-09-05T14:00:00Z,2025-09-06T14:44:34Z,61.21543993407975,61.21543993407975,False,N,0.0,-527.0899470899471,0.0,0.0,,,226.67361111111111,-754.0732804232804,0.0,0.0,226.67361111111111,-753.0732804232804,,,2025-09-05,31
2025-09-05,32,2025-09-05T14:30:00Z,2025-09-06T15:14:36Z,63.0,63.0,False,N,0.0,-159.88510604700855,0.0,0.0,,,299.1173895138889,-598.1032732692307,0.0,139.417,299.1173895138889,-597.1032732692307,,139.417,2025-09-05,32
2025-09-05,33,2025-09-05T15:00:00Z,2025-09-06T15:44:42Z,75.0,75.0,False,N,0.0,-7.823981854256854,0.0,0.0,,,212.7001064102564,-330.0546438200688,0.0,109.25,212.7001064102564,-329.0546438200688,,109.25,2025-09-05,33
2025-09-05,34,2025-09-05T15:30:00Z,2025-09-06T16:14:40Z,94.5,94.5,False,P,0.0,49.71084768759019,0.0,0.0,,,193.275,-143.56415231240982,0.0,0.0,192.275,-143.56415231240982,,,2025-09-05,34
2025-09-05,35,2025-09-05T16:00:00Z,2025-09-06T16:44:34Z,63.02,63.02,False,N,0.0,-176.48537733585857,0.0,0.0,,,331.9661838888889,-508.6528773358586,0.0,0.0,331.9661838888889,-507.6528773358586,,,2025-09-05,35
2025-09-05,36,2025-09-05T16:30:00Z,2025-09-06T17:14:38Z,63.03,63.03,False,N,0.0,-242.84087853060683,0.0,0.0,,,350.18034666666665,-592.8079618639401,0.0,0.0,350.18034666666665,-591.8079618639401,,,2025-09-05,36
2025-09-05,37,2025-09-05T17:00:00Z,2025-09-06T17:44:32Z,129.0,129.0,False,P,0.0,632.1657367376775,0.0,0.0,,,325.65,-193.56440215121137,0.0,500.0,324.65,-193.56440215121137,,500.0,2025-09-05,37
2025-09-05,38,2025-09-05T17:30:00Z,2025-09-06T18:14:31Z,126.0,126.0,False,P,0.0,444.866665,0.0,0.0,,,354.78106976190475,-409.91083333333336,0.0,500.0,354.78106976190475,-409.91083333333336,,499.0,2025-09-05,38
2025-09-05,39,2025-09-05T18:00:00Z,2025-09-06T18:44:38Z,129.0,129.0,False,P,0.0012,397.99762023809524,0.0,0.0,,,354.317078015873,-206.79564819444445,0.0,250.0,353.317078015873,-206.79564819444445,,250.0,2025-09-05,39
2025-09-05,40,2025-09-05T18:30:00Z,2025-09-06T19:14:35Z,129.0,129.0,False,P,0.0024,294.9756923611111,0.0,0.0,,,212.08541666666667,-167.36597430555557,0.0,250.0,211.08541666666667,-167.36597430555557,,250.0,2025-09-05,40
2025-09-05,41,2025-09-05T19:00:00Z,2025-09-06T19:44:36Z,78.19,78.19,False,N,0.0,-39.933749722222224,0.0,0.0,,,311.4777780555556,-351.3263888888889,0.0,0.0,311.4777780555556,-350.3263888888889,,,2025-09-05,41
2025-09-05,42,2025-09-05T19:30:00Z,2025-09-06T20:14:38Z,64.0,64.0,False,N,0.0,-188.8266701388889,0.0,0.0,,,256.021875,-444.13437847222224,0.0,0.0,256.021875,-443.13437847222224,,,2025-09-05,42
2025-09-05,43,2025-09-05T20:00:00Z,2025-09-06T20:44:38Z,64.0,64.0,False,N,0.0,-132.75931267806268,0.0,0.0,,,241.78333333333333,-435.90722934472933,0.0,61.4,241.78333333333333,-434.90722934472933,,61.4,2025-09-05,43
2025-09-05,44,2025-09-05T20:30:00Z,2025-09-06T21:14:35Z,63.37,63.37,False,N,0.0,-234.29713881155882,0.0,0.0,,,270.1025234508547,-504.1593838115588,0.0,0.0,270.1025234508547,-503.1593838115588,,,2025-09-05,44
2025-09-05,45,2025-09-05T21:00:00Z,2025-09-06T21:44:47Z,63.37,63.37,False,N,0.0,-140.8783404761905,0.0,0.0,,,71.50036071428572,-212.42834047619047,0.0,0.0,71.50036071428572,-211.42834047619047,,,2025-09-05,45
2025-09-05,46,2025-09-05T21:30:00Z,2025-09-06T22:14:41Z,63.37,63.37,False,N,0.0,-100.60704064454065,0.0,0.0,,,73.03333333333333,-173.77648508898508,0.0,0.0,73.03333333333333,-172.77648508898508,,,2025-09-05,46
2025-09-05,47,2025-09-05T22:00:00Z,2025-09-06T22:44:42Z,63.4,63.4,False,N,0.0,-81.70089084426041,0.0,0.0,,,156.43333333333334,-237.9258908442604,0.0,0.0,156.43333333333334,-236.9258908442604,,,2025-09-05,47
2025-09-05,48,2025-09-05T22:30:00Z,2025-09-06T23:14:40Z,63.42,63.42,False,N,0.0,-98.30061926366842,0.0,0.0,,,133.5836686506775,-231.91336747795415,0.0,0.0,133.5836686506775,-230.91336747795415,,,2025-09-05,48
2025-09-06,1,2025-09-05T23:00:00Z,2025-09-06T23:44:44Z,63.4,63.4,False,N,0.0,-212.05444246031746,0.0,0.0,,,120.1585,-332.32110912698414,0.0,0.0,120.1585,-331.32110912698414,,,2025-09-06,1
2025-09-06,2,2025-09-05T23:30:00Z,2025-09-07T00:14:42Z,82.5,82.5,False,P,0.0,67.76996497271826,0.0,0.0,82.5,0.0,163.5021078298611,-95.73217076026404,0.0,0.0,162.5021078298611,-95.73217076026404,,,2025-09-06,2
2025-09-06,3,2025-09-06T00:00:00Z,2025-09-07T00:44:48Z,82.31,82.31,False,P,0.0,192.34166666666667,0.0,0.0,82.31,0.0,259.675,-67.33333333333333,0.0,0.0,258.675,-67.33333333333333,,,2025-09-06,3
2025-09-06,4,2025-09-06T00:30:00Z,2025-09-07T01:14:35Z,84.64,84.64,False,P,0.0,237.225,0.0,0.0,84.64,0.0,315.0,-77.775,0.0,0.0,314.0,-77.775,,,2025-09-06,4
2025-09-06,5,2025-09-06T01:00:00Z,2025-09-07T01:44:43Z,84.99,84.99,False,P,0.0,213.11666666666667,0.0,0.0,84.99,0.0,315.0,-101.99444444444444,0.0,0.0,314.0,-101.99444444444444,,,2025-09-06,5
2025-09-06,6,2025-09-06T01:30:00Z,2025-09-07T02:15:06Z,81.26,81.26,False,P,0.0,36.97897068452381,0.0,0.0,81.26,0.0,315.0,-278.0210293154762,0.0,0.0,314.0,-278.0210293154762,,,2025-09-06,6
2025-09-06,7,2025-09-06T02:00:00Z,2025-09-07T02:44:39Z,115.0,115.0,False,P,0.0,140.68930375,0.0,0.0,115.0,1.0,353.8416672222222,-213.30002625,0.0,0.0,352.8416672222222,-213.30002625,,,2025-09-06,7
2025-09-06,8,2025-09-06T02:30:00Z,2025-09-07T03:16:26Z,65.28,65.28,False,N,0.0,-33.8647013510101,0.0,0.0,,,316.62985351851853,-350.5397013510101,0.0,0.0,316.62985351851853,-349.5397013510101,,,2025-09-06,8
2025-09-06,9,2025-09-06T03:00:00Z,2025-09-07T03:44:24Z,65.14343221781651,65.14343221781651,False,N,0.0,-56.27592763888889,0.0,0.0,,,345.38333375,-401.6833354166667,0.0,0.0,345.38333375,-400.6833354166667,,,2025-09-06,9
2025-09-06,10,2025-09-06T03:30:00Z,2025-09-07T04:14:25Z,61.3,61.3,False,N,0.0,-89.93142781349206,0.0,0.0,,,315.0004983333333,-405.0647611468254,0.0,0.0,315.0004983333333,-404.0647611468254,,,2025-09-06,10
2025-09-06,11,2025-09-06T04:00:00Z,2025-09-07T04:44:38Z,62.0,62.0,False,N,0.0,-32.530181785714284,0.0,0.0,,,315.0,-347.66351511904764,0.0,0.0,315.0,-346.66351511904764,,,2025-09-06,11
2025-09-06,12,2025-09-06T04:30:00Z,2025-09-07T05:14:29Z,61.25,61.25,False,N,0.0,-120.00544695071011,0.0,0.0,,,315.0,-435.1721136173768,0.0,0.0,315.0,-434.1721136173768,,,2025-09-06,12
2025-09-06,13,2025-09-06T05:00:00Z,2025-09-07T05:44:22Z,80.55,80.55,False,P,0.0,122.77591478696742,0.0,0.0,80.55,0.0,319.90833333333336,-197.12408521303257,0.0,0.0,318.90833333333336,-197.12408521303257,,,2025-09-06,13
2025-09-06,14,2025-09-06T05:30:00Z,2025-09-07T06:14:32Z,66.15,66.15,False,N,0.0,-8.305984143049933,0.0,0.0,,,368.325,-393.7229841430499,0.0,17.117,368.325,-392.7229841430499,,17.117,2025-09-06,14
2025-09-06,15,2025-09-06T06:00:00Z,2025-09-07T06:44:29Z,101.8,101.8,False,P,0.0,76.15945561902312,0.0,0.0,,,583.7066892205354,-508.3555056065596,0.0,0.75,582.7066892205354,-508.3555056065596,,0.75,2025-09-06,15
2025-09-06,16,2025-09-06T06:30:00Z,2025-09-07T07:14:28Z,100.0,100.0,False,P,0.0,92.95931246286393,0.0,0.0,,,848.3470536111112,-817.3497411482472,0.0,61.962,847.3470536111112,-817.3497411482472,,61.962,2025-09-06,16
2025-09-06,17,2025-09-06T07:00:00Z,2025-09-07T07:44:30Z,60.6,60.6,False,N,0.0,-60.709666997446995,0.0,0.0,,,781.3693261111111,-961.7101965273615,0.0,119.5,781.3693261111111,-960.7101965273615,,119.5,2025-09-06,17
2025-09-06,18,2025-09-06T07:30:00Z,2025-09-07T08:14:37Z,60.6,60.6,False,N,0.0,-115.44323279581529,0.0,0.0,,,777.8333334343434,-1004.5440473791487,0.0,111.361,777.8333334343434,-1003.5440473791487,,111.361,2025-09-06,18
2025-09-06,19,2025-09-06T08:00:00Z,2025-09-07T08:44:24Z,101.0,101.0,False,P,0.0,139.85678607753357,0.0,0.0,,,826.0409350534188,-792.8391489224664,0.0,106.5,825.0409350534188,-792.8391489224664,,106.5,2025-09-06,19
2025-09-06,20,2025-09-06T08:30:00Z,2025-09-07T09:14:31Z,60.5,60.5,False,N,0.0,-22.895887916666666,0.0,0.0,,,887.0833333333334,-997.4099990277778,0.0,87.278,887.0833333333334,-996.4099990277778,,87.278,2025-09-06,20
2025-09-06,21,2025-09-06T09:00:00Z,2025-09-07T09:44:35Z,-10.0,-10.0,False,N,0.0,-104.2916623366013,0.0,0.0,,,893.0866666762827,-998.1116623366013,0.0,0.65,893.0866666762827,-997.1116623366013,,0.65,2025-09-06,21
2025-09-06,22,2025-09-06T09:30:00Z,2025-09-07T10:14:29Z,-17.31,-17.31,False,N,0.0,-551.7417938888889,0.0,0.0,,,896.2144886111112,-1448.1022645833334,0.0,0.0,896.2144886111112,-1447.1022645833334,,,2025-09-06,22
2025-09-06,23,2025-09-06T10:00:00Z,2025-09-07T10:44:28Z,-30.08,-30.08,False,N,0.0,-740.857225,0.0,0.0,,,1146.7407258333333,-937.8562841666667,-950.0,0.0,1146.7407258333333,-937.8562841666667,-949.0,,2025-09-06,23
2025-09-06,24,2025-09-06T10:30:00Z,2025-09-07T11:14:28Z,-35.28,-35.28,False,N,0.0,-1134.4569451388888,0.0,0.0,,,921.34999625,-1105.9733302777777,-950.0,0.0,921.34999625,-1105.9733302777777,-949.0,,2025-09-06,24
2025-09-06,25,2025-09-06T11:00:00Z,2025-09-07T11:44:29Z,-77.12,-77.12,False,N,0.0,-2173.987612222222,0.0,0.0,,,900.3251754166666,-2125.796278888889,-950.0,1.467,900.3251754166666,-2124.796278888889,-950.0,1.467,2025-09-06,25
2025-09-06,26,2025-09-06T11:30:00Z,2025-09-07T12:14:37Z,-77.12,-77.12,False,N,0.0,-1987.4037506944444,0.0,0.0,,,919.073107361111,-2106.209229861111,-950.0,149.695,919.073107361111,-2105.209229861111,-950.0,149.695,2025-09-06,26
2025-09-06,27,2025-09-06T12:00:00Z,2025-09-07T12:44:33Z,-87.0,-87.0,False,N,0.0,-1802.3472614191526,0.0,0.0,,,920.8569469596088,-2036.7172336413748,-750.0,63.305,920.8569469596088,-2036.7172336413748,-749.0,63.305,2025-09-06,27
2025-09-06,28,2025-09-06T12:30:00Z,2025-09-07T13:14:32Z,-86.9962933084191,-86.9962933084191,False,N,0.0,-1977.322019612596,0.0,0.0,,,887.3557629532474,-2192.094924890374,-750.0,77.595,887.3557629532474,-2191.931054736053,-749.163870154321,77.595,2025-09-06,28
2025-09-06,29,2025-09-06T13:00:00Z,2025-09-07T13:44:38Z,-66.93012345679013,-66.93012345679013,False,N,0.0,-1456.3846428571428,0.0,0.0,,,887.0817319444444,-2098.021376190476,-950.0,704.23,887.0817319444444,-2098.021376190476,-949.0,704.23,2025-09-06,29
2025-09-06,30,2025-09-06T13:30:00Z,2025-09-07T14:14:41Z,-68.0,-68.0,False,N,0.0,-1438.4508333333333,0.0,0.0,,,895.0861904761905,-2079.167023809524,-950.0,695.855,895.0861904761905,-2079.167023809524,-949.0,695.855,2025-09-06,30
2025-09-06,31,2025-09-06T14:00:00Z,2025-09-07T14:44:44Z,-24.74,-24.74,False,N,0.0,-978.5369678786009,0.0,0.0,,,1561.861364224574,-1617.7038746309524,-950.0,27.581,1561.861364224574,-1617.7038746309524,-949.0,27.581,2025-09-06,31
2025-09-06,32,2025-09-06T14:30:00Z,2025-09-07T15:14:48Z,-25.16,-25.16,False,N,0.0,-1047.0958859180166,0.0,0.0,,,1388.7173902526183,-1485.6510796626767,-950.0,0.0,1388.7173902526183,-1485.6510796626767,-949.0,,2025-09-06,32
2025-09-06,33,2025-09-06T15:00:00Z,2025-09-07T15:44:36Z,-30.0,-30.0,False,N,0.0,-503.5597664433896,0.0,0.0,,,940.8200992510549,-1343.5006992246279,-100.5,0.0,940.8200992510549,-1342.5006992246279,-100.5,,2025-09-06,33
2025-09-06,34,2025-09-06T15:30:00Z,2025-09-07T16:14:31Z,-34.95,-34.95,False,N,0.0,-657.5227463888889,0.0,0.0,,,789.9416658333333,-1347.153333888889,-100.5,0.0,789.9416658333333,-1346.153333888889,-100.5,,2025-09-06,34
2025-09-06,35,2025-09-06T16:00:00Z,2025-09-07T16:44:32Z,-32.0,-32.0,False,N,0.0,-1268.4616981944444,0.0,0.0,,,861.4548094444444,-2029.8050893055556,-100.0,0.0,861.4548094444444,-2028.8050893055556,-100.0,,2025-09-06,35
2025-09-06,36,2025-09-06T16:30:00Z,2025-09-07T17:14:31Z,-30.0,-30.0,False,N,0.0,-769.5599271648483,0.0,0.0,,,884.8578725486929,-1554.5487056370705,-100.0,0.0,884.8578725486929,-1553.5487056370705,-100.0,,2025-09-06,36
2025-09-06,37,2025-09-06T17:00:00Z,2025-09-07T17:44:31Z,-11.593326247056565,-11.593326247056565,False,N,0.0,-395.6997751643991,0.0,0.0,,,1021.4180119189342,-1344.6513446088436,-150.5,78.279,1021.4180119189342,-1343.6513446088436,-150.5,78.279,2025-09-06,37
2025-09-06,38,2025-09-06T17:30:00Z,2025-09-07T18:14:29Z,28.91,28.91,False,P,0.0,93.16300678921569,0.0,0.0,,,1148.5750067892156,-960.741667622549,-150.5,56.088,1147.5750067892156,-960.741667622549,-150.5,56.088,2025-09-06,38
2025-09-06,39,2025-09-06T18:00:00Z,2025-09-07T18:44:31Z,35.0,35.0,False,P,0.0,5.415732746420617,0.0,0.0,,,1162.7707455241984,-1236.2280817506496,-148.0,227.296,1161.7707455241984,-1236.2280817506496,-148.0,227.296,2025-09-06,39
2025-09-06,40,2025-09-06T18:30:00Z,2025-09-07T19:14:36Z,30.27,30.27,False,P,0.0,20.111467063492064,0.0,0.0,,,1385.7858049206031,-1297.5534211904444,-148.0,79.927,1384.7858049206031,-1297.5534211904444,-148.0,79.927,2025-09-06,40
2025-09-06,41,2025-09-06T19:00:00Z,2025-09-07T19:44:37Z,31.38,31.38,False,N,0.0,-13.015075583349464,0.0,0.0,,,1504.5140155555555,-1572.6945655833495,-80.838,135.617,1504.5140155555555,-1571.6945655833495,-80.838,135.617,2025-09-06,41
2025-09-06,42,2025-09-06T19:30:00Z,2025-09-07T20:14:57Z,-7.98,-7.98,False,N,0.0,-153.29569856060607,0.0,0.0,,,1376.496000050505,-1491.8886986459836,-80.842,42.578,1376.496000050505,-1490.8886986459836,-80.842,42.578,2025-09-06,42
2025-09-06,43,2025-09-06T20:00:00Z,2025-09-07T20:44:34Z,-14.16,-14.16,False,N,0.0,-292.446376007696,0.0,0.0,,,1312.2250684367484,-1687.1324757052669,-0.366,82.533,1312.2250684367484,-1686.1324757052669,-0.366,82.533,2025-09-06,43
2025-09-06,44,2025-09-06T20:30:00Z,2025-09-07T21:14:37Z,-28.79,-28.79,False,N,0.0,-602.7433401388889,0.0,0.0,,,1133.6780668055555,-1738.7002869444445,-0.317,2.536,1133.6780668055555,-1737.7002869444445,-0.317,2.536,2025-09-06,44
2025-09-06,45,2025-09-06T21:00:00Z,2025-09-07T21:44:32Z,9.02018456796295,9.02018456796295,False,N,0.0,-423.36591652777776,0.0,0.0,10.201521238888889,1.0,893.8306255555556,-1713.55035125,0.0,396.314,893.8306255555556,-1712.55035125,,396.314,2025-09-06,45
2025-09-06,46,2025-09-06T21:30:00Z,2025-09-07T22:14:34Z,-17.31,-17.31,False,N,0.0,-364.50777470959594,0.0,0.0,,,915.0083455681818,-1624.2805631818183,0.0,345.0,915.0083455681818,-1623.2805631818183,,345.0,2025-09-06,46
2025-09-06,47,2025-09-06T22:00:00Z,2025-09-07T22:44:34Z,-17.31,-17.31,False,N,0.0,-321.5413888888889,0.0,0.0,,,955.9583333333334,-1622.4080555555556,0.0,345.0,955.9583333333334,-1621.4080555555556,,345.0,2025-09-06,47
2025-09-06,48,2025-09-06T22:30:00Z,2025-09-07T23:14:47Z,-0.75,-0.75,False,N,0.0,-342.5220252777778,0.0,0.0,-0.75,0.0,1049.5930593055555,-1806.341111111111,0.0,414.817,1049.5930593055555,-1805.341111111111,,414.817,2025-09-06,48
2025-09-07,1,2025-09-06T23:00:00Z,2025-09-07T23:44:37Z,6.413651603388986,6.413651603388986,False,N,0.0,-538.7865956104403,0.0,0.0,6.757662849333939,0.54404625,1367.9244106735734,-2308.547367050756,0.0,401.95,1367.9244106735734,-2307.547367050756,,401.95,2025-09-07,1
2025-09-07,2,2025-09-06T23:30:00Z,2025-09-08T00:14:37Z,-10.76,-10.76,False,N,0.0,-199.55183085343722,0.0,0.0,-10.76,1.0,1506.6379469243404,-2136.7506842283624,0.0,430.503,1506.6379469243404,-2135.7506842283624,,430.503,2025-09-07,2
2025-09-07,3,2025-09-07T00:00:00Z,2025-09-08T00:44:36Z,36.08325551968451,36.08325551968451,False,P,0.0,61.878673088023085,0.0,0.0,,,1412.230861976912,-1814.3764451388888,0.0,464.0,1411.230861976912,-1814.3764451388888,,464.0,2025-09-07,3
2025-09-07,4,2025-09-07T00:30:00Z,2025-09-08T01:14:41Z,36.40459479997378,36.40459479997378,False,P,0.0,32.72335231481482,0.0,0.0,,,1604.0341856481482,-2024.7424263888888,0.0,453.67,1603.0341856481482,-2024.7424263888888,,453.67,2025-09-07,4
2025-09-07,5,2025-09-07T01:00:00Z,2025-09-08T01:44:38Z,-11.4,-11.4,False,N,0.0,-203.09483972222222,0.0,0.0,,,1668.6397275,-2383.0489018055555,0.0,511.581,1668.6397275,-2382.0489018055555,,511.581,2025-09-07,5
2025-09-07,6,2025-09-07T01:30:00Z,2025-09-08T02:19:29Z,27.44,27.44,False,N,0.0,-333.89987916666666,0.0,0.0,27.44,0.4666666666666667,1603.8330097222222,-2365.516342638889,0.0,427.731,1603.8330097222222,-2364.516342638889,,427.731,2025-09-07,6
2025-09-07,7,2025-09-07T02:00:00Z,2025-09-08T02:45:36Z,7.26,7.26,False,N,0.0,-411.90074694444445,0.0,0.0,7.26,0.0,1582.2083440277777,-2338.758339861111,0.0,345.0,1582.2083440277777,-2337.758339861111,,345.0,2025-09-07,7
2025-09-07,8,2025-09-07T02:30:00Z,2025-09-08T03:14:36Z,7.44,7.44,False,N,0.0,-294.60969841269844,0.0,0.0,7.44,0.0,1577.526273809524,-2216.3917498412698,0.0,345.0,1577.526273809524,-2215.3917498412698,,345.0,2025-09-07,8
2025-09-07,9,2025-09-07T03:00:00Z,2025-09-08T03:44:31Z,11.1,11.1,False,N,0.0,-321.5155638888889,0.0,0.0,11.1,0.0,1510.358325,-2176.873888888889,0.0,345.0,1510.358325,-2175.873888888889,,345.0,2025-09-07,9
2025-09-07,10,2025-09-07T03:30:00Z,2025-09-08T04:14:37Z,8.43,8.43,False,N,0.0,-513.6216782639987,0.0,0.0,8.43,0.0,1336.1727661804457,-2194.5116545580754,0.0,345.0,1336.1727661804457,-2193.5116545580754,,345.0,2025-09-07,10
2025-09-07,11,2025-09-07T04:00:00Z,2025-09-08T04:44:33Z,-0.23,-0.23,False,N,0.0,-178.76324305555556,0.0,0.0,-0.23,0.0,1179.8,-1702.9716652777777,0.0,345.0,1179.8,-1701.9716652777777,,345.0,2025-09-07,11
2025-09-07,12,2025-09-07T04:30:00Z,2025-09-08T05:14:32Z,-17.31,-17.31,False,N,0.0,-259.70344616780045,0.0,0.0,,,1130.099998276644,-1741.3733333333332,0.0,352.066,1130.099998276644,-1740.3733333333332,,352.066,2025-09-07,12
2025-09-07,13,2025-09-07T05:00:00Z,2025-09-08T05:44:36Z,19.45,19.45,False,P,0.0,2.3119745833333334,0.0,0.0,,,1395.7875908333333,-1774.7534005555556,0.0,381.1,1394.7875908333333,-1774.7534005555556,,381.1,2025-09-07,13
2025-09-07,14,2025-09-07T05:30:00Z,2025-09-08T06:14:37Z,35.82,35.82,False,P,0.0,76.05764805555556,0.0,0.0,,,1351.549231388889,-1622.804785,0.0,346.873,1350.549231388889,-1622.804785,,346.873,2025-09-07,14
2025-09-07,15,2025-09-07T06:00:00Z,2025-09-08T06:44:34Z,20.36,20.36,False,N,0.0,-6.495990972222223,0.0,0.0,20.36,0.0,1265.548612361111,-1702.9527777777778,0.0,430.83,1265.548612361111,-1701.9527777777778,,430.83,2025-09-07,15
2025-09-07,16,2025-09-07T06:30:00Z,2025-09-08T07:14:30Z,0.0,0.0,False,N,0.0,-55.73746593304843,0.0,0.0,,,1370.84257717425,-1939.8109984313726,0.0,513.192,1370.84257717425,-1938.8109984313726,,513.192,2025-09-07,16
2025-09-07,17,2025-09-07T07:00:00Z,2025-09-08T07:44:46Z,-17.31,-17.31,False,N,0.0,-364.1858516965812,0.0,0.0,,,1402.8309435811966,-1863.8233636666666,0.0,97.706,1402.8309435811966,-1862.8233636666666,,97.706,2025-09-07,17
2025-09-07,18,2025-09-07T07:30:00Z,2025-09-08T08:14:34Z,20.0,20.0,False,N,0.0,-277.03744196897605,0.0,0.0,20.0,0.125,1474.7785236328757,-1783.8703239534689,0.0,32.266,1474.7785236328757,-1782.8703239534689,,32.266,2025-09-07,18
2025-09-07,19,2025-09-07T08:00:00Z,2025-09-08T08:44:34Z,4.46,4.46,False,N,0.0,-379.99227990429506,0.0,0.0,4.46,0.0,1363.6497200957049,-1763.750198611111,0.0,20.333,1363.6497200957049,-1762.750198611111,,20.333,2025-09-07,19
2025-09-07,20,2025-09-07T08:30:00Z,2025-09-08T09:14:30Z,-17.31,-17.31,False,N,0.0,-470.9571445004669,0.0,0.0,,,1193.2909317892156,-1693.6711119444444,0.0,29.505,1193.2909317892156,-1692.6711119444444,,29.505,2025-09-07,20
2025-09-07,21,2025-09-07T09:00:00Z,2025-09-08T09:44:37Z,7.0681248239649,7.0681248239649,False,N,0.0,-219.00838502627627,0.0,0.0,8.420300751879699,0.5541666666666667,1417.841948307057,-1672.0586153903903,0.0,35.433,1417.841948307057,-1671.0586153903903,,35.433,2025-09-07,21
2025-09-07,22,2025-09-07T09:30:00Z,2025-09-08T10:14:30Z,4.4,4.4,False,N,0.0,-107.03783333333334,0.0,0.0,4.4,0.0,1468.0208333333333,-1678.012500138889,0.0,103.083,1468.0208333333333,-1677.012500138889,,103.083,2025-09-07,22
2025-09-07,23,2025-09-07T10:00:00Z,2025-09-08T10:44:34Z,19.98,19.98,False,P,0.0,40.992,0.0,0.0,,,1660.3793315277778,-1700.9793319444445,-50.0,131.567,1659.3793315277778,-1700.9793319444445,-50.0,131.567,2025-09-07,23
2025-09-07,24,2025-09-07T10:30:00Z,2025-09-08T11:14:36Z,25.86,25.86,False,P,0.0,21.120833333333334,0.0,0.0,,,1665.0541666666666,-1730.3458333333333,-50.0,136.5,1664.0541666666666,-1730.3458333333333,-50.0,136.5,2025-09-07,24
2025-09-07,25,2025-09-07T11:00:00Z,2025-09-08T11:44:30Z,60.0,60.0,False,P,0.0,78.79100152777778,0.0,0.0,,,1859.0166681944445,-1739.9583333333333,-200.0,160.066,1858.0166681944445,-1739.9583333333333,-200.0,160.066,2025-09-07,25
2025-09-07,26,2025-09-07T11:30:00Z,2025-09-08T12:14:39Z,80.0,80.0,False,P,0.0,397.4693516666667,0.0,0.0,,,2309.9833516666667,-1721.05833375,-200.0,8.661,2309.0062183789837,-1721.05833375,-200.0,8.638133287682791,2025-09-07,26
2025-09-07,27,2025-09-07T12:00:00Z,2025-09-08T12:44:45Z,80.0,80.0,False,P,0.0,420.78394380292565,0.0,0.0,,,2285.689549219592,-1719.0645478577324,-250.0,104.312,2284.805803822433,-1719.0645478577324,-250.0,104.19574539715938,2025-09-07,27
2025-09-07,28,2025-09-07T12:30:00Z,2025-09-08T13:14:47Z,80.0,80.0,False,P,0.0,243.16265061507937,0.0,0.0,,,2085.7406692261907,-1718.5017686706349,-250.0,126.0,2084.873353878999,-1718.5017686706349,-250.0,125.86731534719151,2025-09-07,28
2025-09-07,29,2025-09-07T13:00:00Z,2025-09-08T13:44:41Z,80.0,80.0,False,P,0.0,242.43600027777777,0.0,0.0,,,1935.0777780555557,-1699.7694444444444,-100.0,107.361,1934.0777780555557,-1699.7694444444444,-100.0,107.361,2025-09-07,29
2025-09-07,30,2025-09-07T13:30:00Z,2025-09-08T14:14:33Z,51.1,51.1,False,P,0.0,155.0467448136646,0.0,0.0,,,1820.7136064803312,-1618.523886853002,-100.0,53.027,1819.7136064803312,-1618.523886853002,-100.0,53.027,2025-09-07,30
2025-09-07,31,2025-09-07T14:00:00Z,2025-09-08T14:44:36Z,65.0,65.0,False,P,0.0,122.68730756238351,0.0,0.0,,,1646.5061036734946,-1523.7613913810599,0.0,0.0,1645.5061036734946,-1523.7613913810599,,,2025-09-07,31
2025-09-07,32,2025-09-07T14:30:00Z,2025-09-08T15:14:33Z,94.5,94.5,False,P,0.0,231.57350588321293,0.0,0.0,,,1839.1863786609906,-1608.0840945370371,0.0,0.0,1838.1863786609906,-1608.0840945370371,,,2025-09-07,32
2025-09-07,33,2025-09-07T15:00:00Z,2025-09-08T15:44:37Z,6.62,6.62,False,N,0.0,-82.35993597024164,0.0,0.0,,,1907.940390356919,-2034.0421673654848,0.0,43.306,1907.940390356919,-2033.0421673654848,,43.306,2025-09-07,33
2025-09-07,34,2025-09-07T15:30:00Z,2025-09-08T16:14:42Z,-11.4,-11.4,False,N,0.0,-66.17924527777778,0.0,0.0,,,1853.6605177777778,-1949.938980114379,0.0,30.256,1853.6605177777778,-1948.938980114379,,30.256,2025-09-07,34
2025-09-07,35,2025-09-07T16:00:00Z,2025-09-08T16:44:33Z,-11.4,-11.4,False,N,0.0,-248.61446044444443,0.0,0.0,,,1596.0616217777779,-1920.5594155555555,-50.0,126.0,1596.0616217777779,-1919.5594155555555,-50.0,126.0,2025-09-07,35
2025-09-07,36,2025-09-07T16:30:00Z,2025-09-08T17:14:36Z,-11.4,-11.4,False,N,0.0,-245.63381972222223,0.0,0.0,,,1642.0180603525641,-1984.278887991453,-50.0,146.654,1642.0180603525641,-1983.278887991453,-50.0,146.654,2025-09-07,36
2025-09-07,37,2025-09-07T17:00:00Z,2025-09-08T17:44:31Z,30.0,30.0,False,N,0.0,-41.405724371980675,0.0,0.0,30.0,1.0,1958.6676478502416,-2089.0666791666667,0.0,89.183,1958.6676478502416,-2088.0666791666667,,89.183,2025-09-07,37
2025-09-07,38,2025-09-07T17:30:00Z,2025-09-08T18:14:39Z,47.147204144757374,47.147204144757374,False,N,0.0,-191.11988210371376,0.0,0.0,47.5242,1.0,1871.2471178962862,-2110.092086217542,0.0,47.723,1871.2471178962862,-2109.092086217542,,47.723,2025-09-07,38
2025-09-07,39,2025-09-07T18:00:00Z,2025-09-08T18:44:35Z,78.65,78.65,False,N,0.0,-310.5962245164884,0.0,0.0,78.65,0.0,1681.3604421501782,-2083.4420633088234,0.0,91.767,1681.3604421501782,-2082.4420633088234,,91.767,2025-09-07,39
2025-09-07,40,2025-09-07T18:30:00Z,2025-09-08T19:14:34Z,54.0,54.0,False,N,0.0,-420.4558549170437,0.0,0.0,54.0,1.0,1689.514543352187,-2183.4970908333335,0.0,73.594,1689.514543352187,-2182.4970908333335,,73.594,2025-09-07,40
2025-09-07,41,2025-09-07T19:00:00Z,2025-09-08T19:44:52Z,106.75,106.75,False,P,0.0,137.71720763227512,0.0,0.0,,,2183.4456017592593,-2150.5067826190707,0.0,104.645,2182.4456017592593,-2150.5067826190707,,104.645,2025-09-07,41
2025-09-07,42,2025-09-07T19:30:00Z,2025-09-08T20:14:37Z,105.0,105.0,False,P,0.0,78.72684450727513,0.0,0.0,,,2122.9058208035713,-2092.5625557705025,0.0,48.605,2121.9058208035713,-2092.5625557705025,,48.605,2025-09-07,42
2025-09-07,43,2025-09-07T20:00:00Z,2025-09-08T20:44:38Z,83.73,83.73,False,N,0.0,-169.3541535339506,0.0,0.0,83.73,0.0,1812.6005686882716,-1981.7144575771606,0.0,0.0,1812.6005686882716,-1980.7144575771606,,,2025-09-07,43
2025-09-07,44,2025-09-07T20:30:00Z,2025-09-08T21:14:31Z,80.64,80.64,False,N,0.0,-142.3885185185185,0.0,0.0,80.64,0.0,1643.5281481481481,-1785.875,0.0,0.0,1643.5281481481481,-1784.875,,,2025-09-07,44
2025-09-07,45,2025-09-07T21:00:00Z,2025-09-08T21:44:32Z,10.771358793514278,10.771358793514278,False,N,0.0,-455.8948186405724,0.0,0.0,11.160166666666667,1.0,1483.0379629629629,-1938.6827816035354,0.0,0.0,1483.0379629629629,-1937.6827816035354,,,2025-09-07,45
2025-09-07,46,2025-09-07T21:30:00Z,2025-09-08T22:14:36Z,0.7418026942010998,0.7418026942010998,False,N,0.0,-671.7858963518748,0.0,0.0,2.3495833333333334,1.0,1376.0341066855615,-2047.8858963518749,0.0,0.0,1376.0341066855615,-2046.8858963518749,,,2025-09-07,46
2025-09-07,47,2025-09-07T22:00:00Z,2025-09-08T22:44:37Z,15.4,15.4,False,N,0.0,-413.84458274641577,0.0,0.0,15.4,1.0,1331.4571705555556,-1745.3600866353047,0.0,0.0,1331.4571705555556,-1744.3600866353047,,,2025-09-07,47
2025-09-07,48,2025-09-07T22:30:00Z,2025-09-08T23:14:33Z,20.75,20.75,False,N,0.0,-84.3111475,0.0,0.0,,,1141.6185575,-1225.9852605555554,0.0,0.0,1141.6185575,-1224.9852605555554,,,2025-09-07,48
2025-09-08,1,2025-09-07T23:00:00Z,2025-09-08T23:44:33Z,45.41009900990099,45.41009900990099,False,N,0.0,-341.74229996031744,0.0,0.0,,,1049.7183333333332,-991.5647721825396,-400.0,0.0,1049.7183333333332,-991.5647721825396,-399.0,,2025-09-08,1
2025-09-08,2,2025-09-07T23:30:00Z,2025-09-09T00:14:37Z,44.23,44.23,False,N,0.0,-441.34984987037035,0.0,0.0,,,1050.760214015873,-1091.6959037592592,-400.0,0.0,1050.760214015873,-1090.6959037592592,-400.0,,2025-09-08,2
2025-09-08,3,2025-09-08T00:00:00Z,2025-09-09T00:44:37Z,45.2,45.2,False,N,0.0,-31.32073581592871,0.0,0.0,,,1081.9034176827486,-563.2881998437065,-550.0,0.0,1081.9034176827486,-563.2881998437065,-549.0,,2025-09-08,3
2025-09-08,4,2025-09-08T00:30:00Z,2025-09-09T01:14:39Z,89.42376648287816,89.42376648287816,False,P,0.0,75.73055555555555,0.0,0.0,88.95591666666667,1.0,1041.5466666666666,-415.84444444444443,-550.0,0.0,1040.5466666666666,-415.84444444444443,-550.0,,2025-09-08,4
2025-09-08,5,2025-09-08T01:00:00Z,2025-09-09T01:44:35Z,96.9,96.9,False,P,0.0,150.15023339814815,0.0,0.0,,,1174.5683268981481,-480.7358308611111,-550.0,6.483,1173.5683268981481,-480.7358308611111,-550.0,6.483,2025-09-08,5
2025-09-08,6,2025-09-08T01:30:00Z,2025-09-09T02:14:48Z,101.0,101.0,False,P,0.0,253.6051388888889,0.0,0.0,,,1054.1759229688812,-250.8207840799923,-550.0,0.0,1053.1759229688812,-250.8207840799923,-550.0,,2025-09-08,6
2025-09-08,7,2025-09-08T02:00:00Z,2025-09-09T08:20:11Z,100.75,100.75,False,P,0.0,113.86583116666667,0.0,0.0,,,1013.3721086111111,-199.8882218888889,-700.0,0.0,1012.3721086111111,-199.8882218888889,-700.0,,2025-09-08,7
2025-09-08,8,2025-09-08T02:30:00Z,2025-09-09T03:14:28Z,33.04,33.04,False,N,0.0,-170.71832904411764,0.0,0.0,,,974.2428095833334,-444.93770404411765,-700.0,0.0,974.2428095833334,-444.93770404411765,-699.0,,2025-09-08,8
2025-09-08,9,2025-09-08T03:00:00Z,2025-09-09T03:44:36Z,64.92,64.92,False,P,0.0,72.15694805860805,0.0,0.0,64.92,0.0,882.8066666666666,-110.9497186080586,-700.0,0.0,881.8066666666666,-110.9497186080586,-700.0,,2025-09-08,9
2025-09-08,10,2025-09-08T03:30:00Z,2025-09-09T04:15:39Z,96.9,96.9,False,P,0.0,74.31282384615385,0.0,0.0,,,817.725,-43.39074758241758,-700.0,0.0,816.725,-43.39074758241758,-700.0,,2025-09-08,10
2025-09-08,11,2025-09-08T04:00:00Z,2025-09-09T04:44:25Z,105.9,105.9,False,P,0.0,421.48188228937727,0.0,0.0,105.9,1.0,657.2908225274725,-235.8839319047619,0.0,0.0,656.2908225274725,-235.8839319047619,,,2025-09-08,11
2025-09-08,12,2025-09-08T04:30:00Z,2025-09-09T05:14:25Z,105.9,105.9,False,P,0.0,241.16908352939322,0.0,0.0,105.9,1.0,589.0924570509293,-348.1952766910571,0.0,0.0,588.0924570509293,-348.1952766910571,,,2025-09-08,12
2025-09-08,13,2025-09-08T05:00:00Z,2025-09-09T05:44:26Z,105.9,105.9,False,P,0.0,63.9775909898532,0.0,0.0,,,508.24292950837173,-444.83859958061004,0.0,0.0,507.24292950837173,-444.83859958061004,,,2025-09-08,13
2025-09-08,14,2025-09-08T05:30:00Z,2025-09-09T06:14:24Z,109.5,109.5,False,P,0.0,240.45785872282553,0.0,0.0,109.5,1.0,532.6799408378353,-292.48979044834306,0.0,0.0,531.6799408378353,-292.48979044834306,,,2025-09-08,14
2025-09-08,15,2025-09-08T06:00:00Z,2025-09-09T06:44:36Z,118.0,118.0,False,P,0.0,501.4399175854701,0.0,0.0,118.0,1.0,669.5964399706197,-168.42595901709402,0.0,0.0,668.5964399706197,-168.42595901709402,,,2025-09-08,15
2025-09-08,16,2025-09-08T06:30:00Z,2025-09-09T07:14:40Z,118.0,118.0,False,P,0.0,468.54726923076925,0.0,0.0,118.0,1.0,652.4585034722222,-184.26939743589745,0.0,0.0,651.4585034722222,-184.26939743589745,,,2025-09-08,16
2025-09-08,17,2025-09-08T07:00:00Z,2025-09-09T07:45:28Z,105.9,105.9,False,P,0.0,127.83280194444444,0.0,0.0,,,567.0769456944445,-439.3337272222222,0.0,0.0,566.0769456944445,-439.3337272222222,,,2025-09-08,17
2025-09-08,18,2025-09-08T07:30:00Z,2025-09-09T08:14:36Z,67.39,67.39,False,N,0.0,-23.324326064814816,0.0,0.0,,,476.85275,-500.74374273148146,0.0,0.0,476.85275,-499.74374273148146,,,2025-09-08,18
2025-09-08,19,2025-09-08T08:00:00Z,2025-09-09T08:44:38Z,105.9,105.9,False,P,0.0,1.8430555555555554,0.0,0.0,,,367.5,-366.0486111111111,0.0,0.0,366.5,-366.0486111111111,,,2025-09-08,19
2025-09-08,20,2025-09-08T08:30:00Z,2025-09-09T09:14:33Z,62.5,62.5,False,N,0.0,-199.42272035353534,0.0,0.0,,,367.5403,-567.0977203535354,0.0,0.0,367.5403,-566.0977203535354,,,2025-09-08,20
2025-09-08,21,2025-09-08T09:00:00Z,2025-09-09T09:44:34Z,63.05,63.05,False,N,0.0,-198.00051282051282,0.0,0.0,,,368.2083333333333,-566.5332905982906,0.0,0.0,368.2083333333333,-565.5332905982906,,,2025-09-08,21
2025-09-08,22,2025-09-08T09:30:00Z,2025-09-09T10:14:29Z,62.5,62.5,False,N,0.0,-325.9650674358974,0.0,0.0,,,367.5,-693.6150674358975,0.0,0.0,367.5,-692.6150674358975,,,2025-09-08,22
2025-09-08,23,2025-09-08T10:00:00Z,2025-09-09T10:44:42Z,61.25,61.25,False,N,0.0,-342.0249933333333,0.0,0.0,,,367.5,-709.94166,0.0,0.0,367.5,-708.94166,,,2025-09-08,23
2025-09-08,24,2025-09-08T10:30:00Z,2025-09-09T11:14:30Z,61.25,61.25,False,N,0.0,-365.0130208333333,0.0,0.0,,,367.50416666666666,-732.7375,0.0,0.0,367.50416666666666,-731.7375,,,2025-09-08,24
2025-09-08,25,2025-09-08T11:00:00Z,2025-09-09T11:44:30Z,59.62,59.62,False,N,0.0,-492.5583383333333,0.0,0.0,,,367.56944444444446,-860.5861161111111,0.0,0.0,367.56944444444446,-859.5861161111111,,,2025-09-08,25
2025-09-08,26,2025-09-08T11:30:00Z,2025-09-09T12:14:33Z,49.56,49.56,False,N,0.0,-579.7966799137913,0.0,0.0,,,367.75070042305055,-947.7348743582357,0.0,0.0,367.75070042305055,-946.7348743582357,,,2025-09-08,26
2025-09-08,27,2025-09-08T12:00:00Z,2025-09-09T12:44:46Z,41.0,41.0,False,N,0.0,-459.6386665277778,0.0,0.0,,,367.5,-827.2783331944445,0.0,0.0,367.5,-826.2783331944445,,,2025-09-08,27
2025-09-08,28,2025-09-08T12:30:00Z,2025-09-09T13:14:42Z,41.5,41.5,False,N,0.0,-610.6458291666667,0.0,0.0,,,367.5105642094017,-978.4041625,0.0,0.0,367.5105642094017,-977.4041625,,,2025-09-08,28
2025-09-08,29,2025-09-08T13:00:00Z,2025-09-09T13:44:35Z,54.0,54.0,False,N,0.0,-345.2357688888889,0.0,0.0,,,367.4916666666667,-712.8857688888888,0.0,0.0,367.4916666666667,-711.8857688888888,,,2025-09-08,29
2025-09-08,30,2025-09-08T13:30:00Z,2025-09-09T14:14:48Z,43.2,43.2,False,N,0.0,-598.3078853769841,0.0,0.0,,,329.4006409722222,-927.7578853769842,0.0,0.0,329.4006409722222,-926.7578853769842,,,2025-09-08,30
2025-09-08,31,2025-09-08T14:00:00Z,2025-09-09T14:44:42Z,105.0,105.0,False,P,0.0,32.15203311965812,0.0,0.0,,,260.78333333333336,-275.8448557692308,0.0,46.933,259.78333333333336,-275.8448557692308,,46.933,2025-09-08,31
2025-09-08,32,2025-09-08T14:30:00Z,2025-09-09T15:14:36Z,105.9,105.9,False,P,0.0,106.54087041666666,0.0,0.0,,,138.79166805555556,-48.5625,0.0,16.312,137.79166805555556,-48.5625,,16.312,2025-09-08,32
2025-09-08,33,2025-09-08T15:00:00Z,2025-09-09T15:44:50Z,171.9,171.9,False,P,0.0,382.77933333333334,0.0,0.0,,,295.19166666666666,-7.016666666666667,0.0,94.871,294.19166666666666,-7.016666666666667,,94.871,2025-09-08,33
2025-09-08,34,2025-09-08T15:30:00Z,2025-09-09T16:14:41Z,125.0,125.0,False,P,0.0,36.753935185185185,0.0,0.0,,,72.01018518518518,-35.45625013888889,0.0,0.0,71.01018518518518,-35.45625013888889,,,2025-09-08,34
2025-09-08,35,2025-09-08T16:00:00Z,2025-09-09T16:44:32Z,63.15,63.15,False,N,0.0,-322.6380830563071,0.0,0.0,,,58.497233337542085,-831.2507922271825,0.0,450.0,58.497233337542085,-830.2507922271825,,450.0,2025-09-08,35
2025-09-08,36,2025-09-08T16:30:00Z,2025-09-09T17:14:30Z,63.5,63.5,False,N,0.0108,-70.4025376686508,0.0,0.0,,,66.125,-587.4067043353175,0.0,450.0,66.125,-586.4067043353175,,450.0,2025-09-08,36
2025-09-08,37,2025-09-08T17:00:00Z,2025-09-09T17:44:37Z,108.0,108.0,False,N,0.285,-92.2367818986569,0.0,0.0,,,108.5,-651.0601152319903,0.0,450.0,108.5,-650.0601152319903,,450.0,2025-09-08,37
2025-09-08,38,2025-09-08T17:30:00Z,2025-09-09T18:14:24Z,130.0,130.0,False,P,3.663,34.722471821895425,0.0,0.0,,,108.5,-523.9586392892157,0.0,450.0,107.5,-523.9586392892157,,450.0,2025-09-08,38
2025-09-08,39,2025-09-08T18:00:00Z,2025-09-09T18:44:30Z,96.47,96.47,False,N,3.879,-83.86250222222222,0.0,0.0,,,108.5,-542.3875022222222,0.0,350.0,108.5,-541.3875022222222,,350.0,2025-09-08,39
2025-09-08,40,2025-09-08T18:30:00Z,2025-09-09T19:14:40Z,130.0,130.0,False,P,6.849,21.756823425925926,0.0,0.0,,,161.73981666666666,-493.83889115740743,0.0,353.9,160.73981666666666,-493.83889115740743,,353.9,2025-09-08,40
2025-09-08,41,2025-09-08T19:00:00Z,2025-09-09T19:44:37Z,64.0,64.0,False,N,0.7284,-75.94506765873015,0.0,0.0,,,159.4053373015873,-235.07142759920634,0.0,0.0,159.4053373015873,-234.07142759920634,,,2025-09-08,41
2025-09-08,42,2025-09-08T19:30:00Z,2025-09-09T20:14:29Z,110.0,110.0,False,P,0.2946,4.896722776865562,0.0,0.0,,,334.73380450687813,-329.794561754349,0.0,0.0,333.73380450687813,-329.794561754349,,,2025-09-08,42
2025-09-08,43,2025-09-08T20:00:00Z,2025-09-09T20:44:32Z,64.75,64.75,False,N,0.0294,-141.25371115079366,0.0,0.0,,,156.64166666666668,-298.1787111507937,0.0,0.0,156.64166666666668,-297.1787111507937,,,2025-09-08,43
2025-09-08,44,2025-09-08T20:30:00Z,2025-09-09T21:14:27Z,64.75,64.75,False,N,0.0018,-108.41049107142857,0.0,0.0,,,125.46668154761905,-234.15215773809524,0.0,0.0,125.46668154761905,-233.15215773809524,,,2025-09-08,44
2025-09-08,45,2025-09-08T21:00:00Z,2025-09-09T21:44:48Z,64.8,64.8,False,N,0.0,-147.62474747474747,0.0,0.0,,,150.975,-298.2830808080808,0.0,0.0,150.975,-297.2830808080808,,,2025-09-08,45
2025-09-08,46,2025-09-08T21:30:00Z,2025-09-09T22:14:28Z,130.0,130.0,False,P,0.0,19.52261904761905,0.0,0.0,,,119.34833333333333,-99.40238095238095,0.0,0.0,118.34833333333333,-99.40238095238095,,,2025-09-08,46
2025-09-08,47,2025-09-08T22:00:00Z,2025-09-09T22:44:44Z,130.0,130.0,False,P,0.0,195.84231189009662,0.0,0.0,,,257.42346225241545,-61.64012861111111,0.0,0.0,256.42346225241545,-61.64012861111111,,,2025-09-08,47
2025-09-08,48,2025-09-08T22:30:00Z,2025-09-09T23:14:33Z,64.9,64.9,False,N,0.0,-152.95277777777778,0.0,0.0,,,109.18333333333334,-262.0111111111111,0.0,0.0,109.18333333333334,-261.0111111111111,,,2025-09-08,48
2025-09-09,1,2025-09-08T23:00:00Z,2025-09-09T23:44:36Z,65.0,65.0,False,N,0.0,-36.61333333333334,0.0,0.0,,,179.65166666666667,-216.17166666666665,0.0,0.0,179.65166666666667,-215.17166666666665,,,2025-09-09,1
2025-09-09,2,2025-09-08T23:30:00Z,2025-09-10T00:14:33Z,130.0,130.0,False,P,0.0,72.77507575757576,0.0,0.0,,,173.74166666666667,-106.98325757575758,0.0,6.15,172.74166666666667,-106.98325757575758,,6.15,2025-09-09,2
2025-09-09,3,2025-09-09T00:00:00Z,2025-09-10T00:44:33Z,65.0,65.0,False,N,0.0,-23.394443055555556,0.0,0.0,,,263.05,-286.65777638888886,0.0,0.0,263.05,-285.65777638888886,,,2025-09-09,3
2025-09-09,4,2025-09-09T00:30:00Z,2025-09-10T01:14:38Z,130.0,130.0,False,P,0.0,125.71500555555555,0.0,0.0,,,167.7913888888889,-42.29582777777778,0.0,0.0,166.7913888888889,-42.29582777777778,,,2025-09-09,4
2025-09-09,5,2025-09-09T01:00:00Z,2025-09-10T01:44:38Z,109.0,109.0,False,P,0.0,207.8249725,0.0,0.0,109.0,1.0,121.325,-1.0666695833333333,0.0,87.633,120.45741457502743,-1.0666695833333333,,87.50058542497257,2025-09-09,5
2025-09-09,6,2025-09-09T01:30:00Z,2025-09-10T02:15:18Z,78.71,78.71,False,P,0.0,35.80512202020202,0.0,0.0,78.71,0.0,110.19682597222223,-74.66273547979797,0.0,0.0,109.19682597222223,-74.66273547979797,,,2025-09-09,6
2025-09-09,7,2025-09-09T02:00:00Z,2025-09-10T02:44:44Z,64.9,64.9,False,N,0.0,-135.18626225829726,0.0,0.0,,,139.8346738888889,-275.59600503607504,0.0,0.0,139.8346738888889,-274.59600503607504,,,2025-09-09,7
2025-09-09,8,2025-09-09T02:30:00Z,2025-09-10T03:14:39Z,65.0,65.0,False,N,0.0,-89.917575,0.0,0.0,,,118.342425,-208.51075916666667,0.0,0.0,118.342425,-207.51075916666667,,,2025-09-09,8
2025-09-09,9,2025-09-09T03:00:00Z,2025-09-10T03:44:49Z,77.06,77.06,False,P,0.0,95.81050509920635,0.0,0.0,77.06,0.0,114.80411819444444,-19.638662261904763,0.0,0.0,113.80411819444444,-19.638662261904763,,,2025-09-09,9
2025-09-09,10,2025-09-09T03:30:00Z,2025-09-10T04:14:35Z,65.0,65.0,False,N,0.0,-54.632341686507935,0.0,0.0,,,183.44498,-238.23704390873016,0.0,0.0,183.44498,-237.23704390873016,,,2025-09-09,10
2025-09-09,11,2025-09-09T04:00:00Z,2025-09-10T04:44:42Z,100.0,100.0,False,P,0.0,62.92195767195767,0.0,0.0,,,269.7,-206.73637566137566,0.0,0.0,268.7,-206.73637566137566,,,2025-09-09,11
2025-09-09,12,2025-09-09T04:30:00Z,2025-09-10T05:14:38Z,65.0,65.0,False,N,0.0,-10.41458918516561,0.0,0.0,,,201.05070162832646,-211.93889474072117,0.0,0.0,201.05070162832646,-210.93889474072117,,,2025-09-09,12
2025-09-09,13,2025-09-09T05:00:00Z,2025-09-10T05:44:36Z,65.0,65.0,False,N,0.0,-14.662579365079365,0.0,0.0,,,118.51666708333333,-133.52369047619047,0.0,0.0,118.51666708333333,-132.52369047619047,,,2025-09-09,13
2025-09-09,14,2025-09-09T05:30:00Z,2025-09-10T06:14:37Z,122.6729711177009,122.6729711177009,False,P,0.0,16.751190476190477,0.0,0.0,,,229.5133346970429,-212.54880952380952,0.0,0.0,228.5133346970429,-212.54880952380952,,,2025-09-09,14
2025-09-09,15,2025-09-09T06:00:00Z,2025-09-10T06:44:37Z,130.0,130.0,False,P,0.0,94.51670166666666,0.0,0.0,,,235.37250236111112,-141.075,0.0,0.0,234.37250236111112,-141.075,,,2025-09-09,15
2025-09-09,16,2025-09-09T06:30:00Z,2025-09-10T07:14:36Z,77.58,77.58,False,N,0.0,-40.27850958333333,0.0,0.0,,,109.98601527777778,-149.86850958333332,0.0,0.0,109.98601527777778,-148.86850958333332,,,2025-09-09,16
2025-09-09,17,2025-09-09T07:00:00Z,2025-09-10T07:44:43Z,76.4229578786525,76.4229578786525,False,N,0.0,-40.59166597222222,0.0,0.0,,,112.91413055555556,-153.52246319444444,0.0,0.0,112.91413055555556,-152.52246319444444,,,2025-09-09,17
2025-09-09,18,2025-09-09T07:30:00Z,2025-09-10T08:14:42Z,64.95,64.95,False,N,0.0,-258.0416666666667,0.0,0.0,,,96.35,-354.59166666666664,0.0,0.0,96.35,-353.59166666666664,,,2025-09-09,18
2025-09-09,19,2025-09-09T08:00:00Z,2025-09-10T08:44:42Z,64.95,64.95,False,N,0.0,-458.63333458333335,0.0,0.0,,,21.491666666666667,-480.3583345833333,0.0,0.0,21.491666666666667,-479.3583345833333,,,2025-09-09,19
2025-09-09,20,2025-09-09T08:30:00Z,2025-09-10T09:14:41Z,60.38,60.38,False,N,0.0,-663.5414772727273,0.0,0.0,60.38,1.0,0.0,-663.5414772727273,0.0,0.0,0.0,-662.5414772727273,,,2025-09-09,20
2025-09-09,21,2025-09-09T09:00:00Z,2025-09-10T09:44:42Z,65.0,65.0,False,N,0.0,-238.86503231837608,0.0,0.0,,,21.99999791666667,-261.4463677350427,0.0,0.0,21.99999791666667,-260.4463677350427,,,2025-09-09,21
2025-09-09,22,2025-09-09T09:30:00Z,2025-09-10T10:14:40Z,60.09,60.09,False,N,0.0,-151.60464334876542,0.0,0.0,60.09,1.0,0.0,-151.65464334876543,0.0,0.0,0.0,-150.65464334876543,,,2025-09-09,22
2025-09-09,23,2025-09-09T10:00:00Z,2025-09-10T10:44:37Z,65.13,65.13,False,N,0.0,-3.4416622222222224,0.0,0.0,,,61.71944444444444,-64.99444,0.0,0.0,61.71944444444444,-63.99444,,,2025-09-09,23
2025-09-09,24,2025-09-09T10:30:00Z,2025-09-10T11:14:37Z,65.0,65.0,False,N,0.0,-135.125,0.0,0.0,65.0,1.0,51.85,-186.93333333333334,0.0,0.0,51.85,-185.93333333333334,,,2025-09-09,24
2025-09-09,25,2025-09-09T11:00:00Z,2025-09-10T11:44:41Z,56.62,56.62,False,N,0.0,-38.397222222222226,0.0,0.0,,,177.11111111111111,-215.4111111111111,0.0,0.0,177.11111111111111,-214.4111111111111,,,2025-09-09,25
2025-09-09,26,2025-09-09T11:30:00Z,2025-09-10T12:14:38Z,60.99155228496637,60.99155228496637,False,N,0.0,-112.36525916666666,0.0,0.0,60.994,1.0,127.57980098484722,-278.8964681944444,0.0,38.911,127.57980098484722,-277.8964681944444,,38.911,2025-09-09,26
2025-09-09,27,2025-09-09T12:00:00Z,2025-09-10T12:45:10Z,96.28667959303621,96.28667959303621,False,P,0.0,13.380471324786324,0.0,0.0,,,140.5638605982906,-179.52501128205128,0.0,52.593,139.5638605982906,-179.52501128205128,,52.593,2025-09-09,27
2025-09-09,28,2025-09-09T12:30:00Z,2025-09-10T13:14:44Z,68.23,68.23,False,N,0.0,-187.3988676851852,0.0,0.0,68.23,0.0,167.3776337037037,-423.031798547,0.0,68.311,167.3776337037037,-422.031798547,,68.311,2025-09-09,28
2025-09-09,29,2025-09-09T13:00:00Z,2025-09-10T13:44:41Z,58.77,58.77,False,N,0.0,-20.49944763888889,0.0,0.0,,,289.85712875,-430.6937931666667,0.0,120.562,289.85712875,-429.6937931666667,,120.562,2025-09-09,29
2025-09-09,30,2025-09-09T13:30:00Z,2025-09-10T14:14:43Z,68.21,68.21,False,N,0.0,-104.89072861111111,0.0,0.0,68.21,0.0,331.66246027777777,-578.3115324074074,0.0,142.25,331.66246027777777,-577.3115324074074,,142.25,2025-09-09,30
2025-09-09,31,2025-09-09T14:00:00Z,2025-09-10T14:44:53Z,72.81,72.81,False,N,0.0,-29.652004094999295,0.0,0.0,72.81,0.0,750.7953384744452,-916.6601858563891,0.0,136.711,750.7953384744452,-915.6601858563891,,136.711,2025-09-09,31
2025-09-09,32,2025-09-09T14:30:00Z,2025-09-10T15:14:46Z,95.9,95.9,False,P,0.0,155.75560740807077,0.0,0.0,,,1044.3826081025152,-1021.8523416666667,0.0,133.25,1043.3826081025152,-1021.8523416666667,,133.25,2025-09-09,32
2025-09-09,33,2025-09-09T15:00:00Z,2025-09-10T15:44:39Z,105.0,105.0,False,P,0.0,90.08912375,0.0,0.0,,,1040.4896133333334,-1103.95404875,0.0,153.822,1039.4896133333334,-1103.95404875,,153.822,2025-09-09,33
2025-09-09,34,2025-09-09T15:30:00Z,2025-09-10T16:14:56Z,117.0,117.0,False,P,0.0,494.5975764880952,0.0,0.0,,,1569.0305129960318,-1230.2316986111111,0.0,156.0,1568.2365726770208,-1230.2316986111111,,155.79394031901091,2025-09-09,34
2025-09-09,35,2025-09-09T16:00:00Z,2025-09-10T16:44:41Z,119.0,119.0,False,P,0.0,631.9052432539683,0.0,0.0,,,1761.4892432539682,-1266.0269444444446,0.0,136.516,1760.4892432539682,-1266.0269444444446,,136.516,2025-09-09,35
2025-09-09,36,2025-09-09T16:30:00Z,2025-09-10T17:14:39Z,119.0,119.0,False,P,0.0,235.49705375,0.0,0.0,,,1486.5116220833334,-1339.7966220833334,0.0,89.011,1485.5116220833334,-1339.7966220833334,,89.011,2025-09-09,36
2025-09-09,37,2025-09-09T17:00:00Z,2025-09-10T17:44:39Z,125.00038792769028,125.00038792769028,False,P,0.0,297.51776765402974,0.0,0.0,,,1614.0193473960933,-1494.8498302777778,0.0,178.503,1614.0193473960933,-1494.8498302777778,,177.503,2025-09-09,37
2025-09-09,38,2025-09-09T17:30:00Z,2025-09-10T18:14:35Z,138.0,138.0,False,P,0.0,583.8976014884838,0.0,0.0,,,1866.7597681551506,-1503.5129166670552,0.0,220.667,1865.7597681551506,-1503.5129166670552,,220.667,2025-09-09,38
2025-09-09,39,2025-09-09T18:00:00Z,2025-09-10T18:44:41Z,131.42,131.42,False,P,0.0,523.8711738033003,0.0,0.0,,,1887.3738699592495,-1575.581496127513,0.0,212.5,1886.3738699592495,-1575.581496127513,,212.5,2025-09-09,39
2025-09-09,40,2025-09-09T18:30:00Z,2025-09-10T19:14:34Z,125.0,125.0,False,P,0.0,361.7232648316913,0.0,0.0,,,1770.9886159428024,-1621.6167649537038,0.0,212.5,1770.443161397348,-1621.6167649537038,,212.04545454545453,2025-09-09,40
2025-09-09,41,2025-09-09T19:00:00Z,2025-09-10T19:45:10Z,121.5,121.5,False,P,0.0,209.15567460317462,0.0,0.0,,,1579.3323412698412,-1423.2583333333334,0.0,53.825,1578.3323412698412,-1423.2583333333334,,53.825,2025-09-09,41
2025-09-09,42,2025-09-09T19:30:00Z,2025-09-10T20:14:42Z,36.68102561769967,36.68102561769967,False,N,0.0,-446.241668505291,0.0,0.0,40.71966666666667,1.0,1063.033331494709,-1509.8668014827547,0.0,0.0,1063.033331494709,-1508.8668014827547,,,2025-09-09,42
2025-09-09,43,2025-09-09T20:00:00Z,2025-09-10T20:44:39Z,37.46830760947206,37.46830760947206,False,N,0.0,-792.9411849507497,0.0,0.0,37.64662906666667,1.0,900.8303436603613,-1694.0860347410808,0.0,0.0,900.8303436603613,-1693.0860347410808,,,2025-09-09,43
2025-09-09,44,2025-09-09T20:30:00Z,2025-09-10T21:14:38Z,-43.72,-43.72,False,N,0.0,-915.0683248737374,0.0,0.0,,,642.9568181818182,-1557.8577819444445,0.0,0.0,642.9568181818182,-1556.8577819444445,,,2025-09-09,44
2025-09-09,45,2025-09-09T21:00:00Z,2025-09-10T21:44:45Z,-52.18,-52.18,False,N,0.0,-1206.8555460984849,0.0,0.0,,,367.108347790404,-1573.9394770179738,0.0,0.0,367.108347790404,-1572.9394770179738,,,2025-09-09,45
2025-09-09,46,2025-09-09T21:30:00Z,2025-09-10T22:14:39Z,0.0,0.0,False,N,0.0,-889.2910432875958,0.0,0.0,0.0,1.0,704.895872234891,-1594.5407738851807,0.0,0.0,704.895872234891,-1593.5407738851807,,,2025-09-09,46
2025-09-09,47,2025-09-09T22:00:00Z,2025-09-10T22:44:44Z,-17.48,-17.48,False,N,0.0,-683.4299983738277,0.0,0.0,,,904.8549155392157,-1588.4105483458166,0.0,0.0,904.8549155392157,-1587.4105483458166,,,2025-09-09,47
2025-09-09,48,2025-09-09T22:30:00Z,2025-09-10T23:14:35Z,13.96,13.96,False,N,0.0,-43.11944444444445,0.0,0.0,,,1100.6861111111111,-1143.8972222222221,0.0,0.0,1100.6861111111111,-1142.8972222222221,,,2025-09-09,48
2025-09-10,1,2025-09-09T23:00:00Z,2025-09-10T23:44:37Z,62.2753686040139,62.2753686040139,False,N,0.0,-37.74722222222222,0.0,0.0,62.49733333333333,1.0,1101.8916666666667,-1140.0694444444443,0.0,0.0,1101.8916666666667,-1139.0694444444443,,,2025-09-10,1
2025-09-10,2,2025-09-09T23:30:00Z,2025-09-11T00:14:42Z,63.51,63.51,False,N,0.0,-58.15852921511628,0.0,0.0,63.51,0.0,1065.641664395995,-1123.700000047324,0.0,0.0,1065.641664395995,-1122.700000047324,,,2025-09-10,2
2025-09-10,3,2025-09-10T00:00:00Z,2025-09-11T00:44:41Z,40.0,40.0,False,N,0.0,-310.56666666666666,0.0,0.0,40.0,1.0,937.55,-1248.0,0.0,0.0,937.55,-1247.0,,,2025-09-10,3
2025-09-10,4,2025-09-10T00:30:00Z,2025-09-11T01:14:45Z,62.5,62.5,False,N,0.0,-190.80833333333334,0.0,0.0,62.5,1.0,940.0964291666667,-1131.0464291666667,0.0,0.0,940.0964291666667,-1130.0464291666667,,,2025-09-10,4
2025-09-10,5,2025-09-10T01:00:00Z,2025-09-11T01:44:37Z,46.08,46.08,False,N,0.0,-162.37233472222223,0.0,0.0,46.08,1.0,939.25,-1132.0583347222223,0.0,30.461,939.25,-1131.0583347222223,,30.461,2025-09-10,5
2025-09-10,6,2025-09-10T01:30:00Z,2025-09-11T02:15:22Z,82.17,82.17,False,P,0.0,6.2473302777777775,0.0,0.0,,,992.806025,-1108.739361388889,0.0,122.089,991.806025,-1108.739361388889,,122.089,2025-09-10,6
2025-09-10,7,2025-09-10T02:00:00Z,2025-09-11T02:44:55Z,62.17,62.17,False,N,0.0,-25.43131875,0.0,0.0,62.17,0.3,1050.8103533333333,-1155.58535875,0.0,79.1,1050.8103533333333,-1154.58535875,,79.1,2025-09-10,7
2025-09-10,8,2025-09-10T02:30:00Z,2025-09-11T03:14:54Z,52.07,52.07,False,N,0.0,-25.034964583333334,0.0,0.0,,,1072.3066940277777,-1097.5233519444444,0.0,0.0,1072.3066940277777,-1096.5233519444444,,,2025-09-10,8
2025-09-10,9,2025-09-10T03:00:00Z,2025-09-11T03:44:42Z,52.07,52.07,False,N,0.0,-29.5,0.0,0.0,,,950.775,-1031.4916666666666,0.0,50.85,950.775,-1030.4916666666666,,50.85,2025-09-10,9
2025-09-10,10,2025-09-10T03:30:00Z,2025-09-11T04:14:41Z,13.366534173963723,13.366534173963723,False,N,0.0,-184.31666666666666,0.0,0.0,18.333333333333332,1.0,915.1666666666666,-1099.875,0.0,0.0,915.1666666666666,-1098.875,,,2025-09-10,10
2025-09-10,11,2025-09-10T04:00:00Z,2025-09-11T04:44:40Z,7.409168236337361,7.409168236337361,False,N,0.0,-229.8816740277778,0.0,0.0,9.86205595138889,1.0,966.7502788888889,-1196.6502851388889,0.0,0.0,966.7502788888889,-1195.6502851388889,,,2025-09-10,11
2025-09-10,12,2025-09-10T04:30:00Z,2025-09-11T05:14:39Z,40.0,40.0,False,N,0.0,-228.39699069444444,0.0,0.0,40.0,1.0,1058.7113430555555,-1287.5030093055555,0.0,0.0,1058.7113430555555,-1286.5030093055555,,,2025-09-10,12
2025-09-10,13,2025-09-10T05:00:00Z,2025-09-11T05:44:43Z,50.0,50.0,False,N,0.0,-206.75168423364076,0.0,0.0,50.0,1.0,1199.6483157663592,-1407.0083333333334,0.0,0.0,1199.6483157663592,-1406.0083333333334,,,2025-09-10,13
2025-09-10,14,2025-09-10T05:30:00Z,2025-09-11T06:14:41Z,52.07,52.07,False,N,0.0,-118.82570707070707,0.0,0.0,,,1439.615404040404,-1558.841111111111,0.0,0.0,1439.615404040404,-1557.841111111111,,,2025-09-10,14
2025-09-10,15,2025-09-10T06:00:00Z,2025-09-11T06:44:41Z,102.43001412798911,102.43001412798911,False,P,0.0,155.02457716269842,0.0,0.0,,,1779.0822179960317,-1791.6808261904762,0.0,167.051,1779.0822179960317,-1791.6808261904762,,166.051,2025-09-10,15
2025-09-10,16,2025-09-10T06:30:00Z,2025-09-11T07:14:39Z,114.0,114.0,False,P,0.0,242.07256465099715,0.0,0.0,,,1873.264564650997,-1807.1089437037037,0.0,176.056,1872.264564650997,-1807.1089437037037,,176.056,2025-09-10,16
2025-09-10,17,2025-09-10T07:00:00Z,2025-09-11T07:44:36Z,101.0,101.0,False,P,0.0,67.76791192704518,0.0,0.0,,,1651.3971716492674,-1730.6749572698413,0.0,147.445,1650.3971716492674,-1730.6749572698413,,147.445,2025-09-10,17
2025-09-10,18,2025-09-10T07:30:00Z,2025-09-11T08:14:39Z,50.04832989913774,50.04832989913774,False,N,0.0,-304.94604602777775,0.0,0.0,50.065916525,1.0,1488.3212059166667,-1793.696652366097,0.0,0.65,1488.3212059166667,-1792.696652366097,,0.65,2025-09-10,18
2025-09-10,19,2025-09-10T08:00:00Z,2025-09-11T08:44:35Z,85.74,85.74,False,N,0.0,-529.2535571267952,0.0,0.0,85.74,0.0,1149.3185956509826,-1678.1136919879063,0.0,0.0,1149.3185956509826,-1677.1136919879063,,,2025-09-10,19
2025-09-10,20,2025-09-10T08:30:00Z,2025-09-11T09:14:39Z,73.53,73.53,False,N,0.0,-624.0127757407407,0.0,0.0,73.53,0.0,936.1203712962963,-1560.2333344907408,0.0,0.0,936.1203712962963,-1559.2333344907408,,,2025-09-10,20
2025-09-10,21,2025-09-10T09:00:00Z,2025-09-11T09:44:41Z,68.3,68.3,False,N,0.0,-706.3725,0.0,0.0,68.3,0.0,924.4652777777778,-1630.4294444444445,0.0,0.0,924.4652777777778,-1629.4294444444445,,,2025-09-10,21
2025-09-10,22,2025-09-10T09:30:00Z,2025-09-11T10:14:42Z,-9.25,-9.25,False,N,0.0,-636.4736141666667,0.0,0.0,-9.25,1.0,992.1305525,-1628.1,0.0,0.0,992.1305525,-1627.1,,,2025-09-10,22
2025-09-10,23,2025-09-10T10:00:00Z,2025-09-11T10:44:45Z,-9.25,-9.25,False,N,0.0,-625.7733263888889,0.0,0.0,-9.25,1.0,994.0183402777777,-1619.785,0.0,0.0,994.0183402777777,-1618.785,,,2025-09-10,23
2025-09-10,24,2025-09-10T10:30:00Z,2025-09-11T11:14:43Z,-41.5,-41.5,False,N,0.0,-824.575,0.0,0.0,-41.5,1.0,895.1569444444444,-1719.3236111111112,0.0,0.0,895.1569444444444,-1718.3236111111112,,,2025-09-10,24
2025-09-10,25,2025-09-10T11:00:00Z,2025-09-11T11:44:42Z,-8.942396633215857,-8.942396633215857,False,N,0.0,-505.2786644444444,0.0,0.0,-8.7552,1.0,1019.9416688888889,-1583.71,0.0,58.673,1019.9416688888889,-1582.71,,58.673,2025-09-10,25
2025-09-10,26,2025-09-10T11:30:00Z,2025-09-11T12:14:42Z,22.57,22.57,False,N,0.0,-688.2285869444445,0.0,0.0,22.57,0.0,875.4370241666667,-1607.7806348611111,0.0,44.278,875.4370241666667,-1606.7806348611111,,44.278,2025-09-10,26
2025-09-10,27,2025-09-10T12:00:00Z,2025-09-11T12:47:27Z,19.92,19.92,False,N,0.0,-504.7167579365079,0.0,0.0,19.92,0.0,1038.5336941468254,-1625.2479798611112,0.0,82.666,1038.5336941468254,-1624.2479798611112,,82.666,2025-09-10,27
2025-09-10,28,2025-09-10T12:30:00Z,2025-09-11T13:14:39Z,24.91,24.91,False,N,0.0,-242.17980069444445,0.0,0.0,24.91,0.0,1325.0618659722222,-1651.1931095833334,0.0,84.0,1325.0618659722222,-1650.1931095833334,,84.0,2025-09-10,28
2025-09-10,29,2025-09-10T13:00:00Z,2025-09-11T13:46:43Z,-17.48,-17.48,False,N,0.0,-412.9451388888889,0.0,0.0,,,1285.5542145833333,-1842.4808641666666,0.0,143.452,1285.5542145833333,-1841.4808641666666,,143.452,2025-09-10,29
2025-09-10,30,2025-09-10T13:30:00Z,2025-09-11T14:14:40Z,28.0,28.0,False,N,0.0,-446.4048123532495,0.0,0.0,28.0,0.0,1309.0386818134173,-1898.0614447143605,0.0,142.659,1309.0386818134173,-1897.0614447143605,,142.659,2025-09-10,30
2025-09-10,31,2025-09-10T14:00:00Z,2025-09-11T14:44:37Z,37.47,37.47,False,N,0.0,-811.5295508333334,0.0,0.0,37.47,0.0,972.5606055555555,-1798.8213102579366,0.0,14.889,972.5606055555555,-1797.8213102579366,,14.889,2025-09-10,31
2025-09-10,32,2025-09-10T14:30:00Z,2025-09-11T15:14:44Z,85.78,85.78,False,N,0.0,-265.7360103629608,0.0,0.0,85.78,0.25,1383.0934640814837,-1784.1279743623738,0.0,135.358,1383.0934640814837,-1783.1279743623738,,135.358,2025-09-10,32
2025-09-10,33,2025-09-10T15:00:00Z,2025-09-11T15:44:49Z,103.99991864296464,103.99991864296464,False,P,0.0,116.50259392507003,0.0,0.0,,,1858.4328654131652,-1869.8066180555556,0.0,128.475,1858.4328654131652,-1869.8066180555556,,127.475,2025-09-10,33
2025-09-10,34,2025-09-10T15:30:00Z,2025-09-11T16:14:54Z,104.5,104.5,False,P,0.0,158.77547371031747,0.0,0.0,,,1812.7723646825398,-1656.60905625,0.0,2.883,1811.7723646825398,-1656.60905625,,2.883,2025-09-10,34
2025-09-10,35,2025-09-10T16:00:00Z,2025-09-11T16:44:40Z,-11.4,-11.4,False,N,0.0,-228.4452255793651,0.0,0.0,,,1508.8801077539683,-1815.1369047777778,0.0,77.933,1508.8801077539683,-1814.1369047777778,,77.933,2025-09-10,35
2025-09-10,36,2025-09-10T16:30:00Z,2025-09-11T17:14:37Z,103.56,103.56,False,P,0.0,16.152650277777777,0.0,0.0,,,1817.567637361111,-1864.5333333333333,0.0,63.427,1817.567637361111,-1864.5333333333333,,62.427,2025-09-10,36
2025-09-10,37,2025-09-10T17:00:00Z,2025-09-11T17:49:30Z,111.12772718333333,111.12772718333333,False,P,0.0,20.752800555555556,0.0,0.0,,,1978.481245,-2003.7094444444444,0.0,46.056,1977.481245,-2003.7094444444444,,46.056,2025-09-10,37
2025-09-10,38,2025-09-10T17:30:00Z,2025-09-11T18:14:38Z,67.80766318279247,67.80766318279247,False,N,0.0,-76.40389487080357,0.0,0.0,73.26666666666667,1.0,1899.3053361014186,-2027.7341466468388,0.0,52.4,1899.3053361014186,-2026.7341466468388,,52.4,2025-09-10,38
2025-09-10,39,2025-09-10T18:00:00Z,2025-09-11T18:44:39Z,117.0,117.0,False,P,0.0,151.85030553571428,0.0,0.0,,,2035.9707880357143,-1989.8225722611298,0.0,105.667,2035.0865117682638,-1989.8225722611298,,105.5512762674504,2025-09-10,39
2025-09-10,40,2025-09-10T18:30:00Z,2025-09-11T19:14:41Z,117.99989525505394,117.99989525505394,False,P,0.0,320.2708853846154,0.0,0.0,,,2219.7103402457265,-2030.7181180235043,0.0,131.65,2219.7103402457265,-2030.7181180235043,,130.65,2025-09-10,40
2025-09-10,41,2025-09-10T19:00:00Z,2025-09-11T19:44:44Z,118.19884970998922,118.19884970998922,False,P,0.0,315.45238644156484,0.0,0.0,,,2221.417668492847,-1946.078039140995,0.0,39.933,2220.417668492847,-1946.078039140995,,39.933,2025-09-10,41
2025-09-10,42,2025-09-10T19:30:00Z,2025-09-11T20:14:46Z,97.5,97.5,False,P,0.0,49.59960208333333,0.0,0.0,,,2077.746526666667,-2032.4923611111112,0.0,4.55,2076.746526666667,-2032.4923611111112,,4.55,2025-09-10,42
2025-09-10,43,2025-09-10T20:00:00Z,2025-09-11T20:44:36Z,69.59,69.59,False,N,0.0,-52.08997850694445,0.0,0.0,69.59,0.0,1794.4939659375,-1925.7009740027006,0.0,79.323,1794.4939659375,-1924.7009740027006,,79.323,2025-09-10,43
2025-09-10,44,2025-09-10T20:30:00Z,2025-09-11T21:14:50Z,-8.87346334481031,-8.87346334481031,False,N,0.0,-471.23513405742676,0.0,0.0,-8.519,1.0,1436.6773606647955,-1909.524820110294,0.0,1.678,1436.6773606647955,-1908.524820110294,,1.678,2025-09-10,44
2025-09-10,45,2025-09-10T21:00:00Z,2025-09-11T21:44:40Z,31.28,31.28,False,N,0.0,-300.8447521415771,0.0,0.0,31.28,0.0,1408.285247858423,-1785.5107583333333,0.0,76.565,1408.285247858423,-1784.5107583333333,,76.565,2025-09-10,45
2025-09-10,46,2025-09-10T21:30:00Z,2025-09-11T22:16:31Z,-17.48,-17.48,False,N,0.0,-229.88089358091787,0.0,0.0,,,1196.8503897524154,-1704.4768347222223,0.0,277.434,1196.8503897524154,-1703.4768347222223,,277.434,2025-09-10,46
2025-09-10,47,2025-09-10T22:00:00Z,2025-09-11T22:44:40Z,-17.48,-17.48,False,N,0.0,-192.2199677049591,0.0,0.0,,,1276.8668567394855,-1463.260414763884,-250.0,244.567,1276.8668567394855,-1462.260414763884,-250.0,244.567,2025-09-10,47
2025-09-10,48,2025-09-10T22:30:00Z,2025-09-11T23:14:36Z,22.49,22.49,False,P,0.0,90.79317876475376,0.0,0.0,,,1540.1916315425315,-1424.8242215210712,-250.0,225.0,1539.1916315425315,-1424.8242215210712,-250.0,225.0,2025-09-10,48
2025-09-11,1,2025-09-10T23:00:00Z,2025-09-11T23:44:44Z,18.76,18.76,False,P,0.0,42.05478111111111,0.0,0.0,,,1343.4818948611112,-1309.46911375,-250.0,257.917,1342.4818948611112,-1309.46911375,-250.0,257.917,2025-09-11,1
2025-09-11,2,2025-09-10T23:30:00Z,2025-09-12T00:14:49Z,21.26,21.26,False,P,0.0,80.73881541666667,0.0,0.0,,,1203.1882598611112,-1097.4665902777779,-250.0,225.0,1202.1882598611112,-1097.4665902777779,-250.0,225.0,2025-09-11,2
2025-09-11,3,2025-09-11T00:00:00Z,2025-09-12T00:44:42Z,83.38269499235088,83.38269499235088,False,P,0.0,259.56550902777775,0.0,0.0,,,1274.7351694444444,-990.07544375,-250.0,225.0,1273.7351694444444,-990.07544375,-250.0,225.0,2025-09-11,3
2025-09-11,4,2025-09-11T00:30:00Z,2025-09-12T01:14:39Z,34.452495808678876,34.452495808678876,False,P,0.0,129.83120629535148,0.0,0.0,,,1157.5292746675084,-1002.8492899167697,-250.0,225.0,1156.5292746675084,-1002.8492899167697,-250.0,225.0,2025-09-11,4
2025-09-11,5,2025-09-11T01:00:00Z,2025-09-12T01:44:41Z,-11.4,-11.4,False,N,0.0,-128.82127777777777,0.0,0.0,,,968.9694444444444,-1360.778611111111,0.0,262.749,968.9694444444444,-1359.778611111111,,262.749,2025-09-11,5
2025-09-11,6,2025-09-11T01:30:00Z,2025-09-12T02:15:12Z,-11.4,-11.4,False,N,0.0,-38.32545833333333,0.0,0.0,,,943.3560416666667,-1209.271875,0.0,227.501,943.3560416666667,-1208.271875,,227.501,2025-09-11,6
2025-09-11,7,2025-09-11T02:00:00Z,2025-09-12T02:44:41Z,-11.4,-11.4,False,N,0.0,-51.64054361111111,0.0,0.0,,,875.5427897222222,-1152.1844580555555,0.0,225.0,875.5427897222222,-1151.1844580555555,,225.0,2025-09-11,7
2025-09-11,8,2025-09-11T02:30:00Z,2025-09-12T03:14:46Z,0.0,0.0,False,P,0.0,44.02719555555556,0.0,0.0,,,941.2083333333334,-1122.2633338888888,0.0,225.0,940.2083333333334,-1122.2633338888888,,225.0,2025-09-11,8
2025-09-11,9,2025-09-11T03:00:00Z,2025-09-12T03:44:42Z,-17.48,-17.48,False,N,0.0,-285.57221652777775,0.0,0.0,,,1245.76666875,-1142.875008611111,-700.0,311.315,1245.76666875,-1141.875008611111,-700.0,311.315,2025-09-11,9
2025-09-11,10,2025-09-11T03:30:00Z,2025-09-12T04:14:42Z,-17.48,-17.48,False,N,0.0,-569.5680808333333,0.0,0.0,,,1038.234031388889,-1191.2444455555556,-700.0,283.434,1038.234031388889,-1190.2444455555556,-700.0,283.434,2025-09-11,10
2025-09-11,11,2025-09-11T04:00:00Z,2025-09-12T04:44:38Z,-17.48,-17.48,False,N,0.0,-405.18320324074074,0.0,0.0,,,936.6213425925926,-1116.8583338888889,-450.0,225.0,936.6213425925926,-1115.8583338888889,-450.0,225.0,2025-09-11,11
2025-09-11,12,2025-09-11T04:30:00Z,2025-09-12T05:14:49Z,-17.48,-17.48,False,N,0.0,-546.0015272222222,0.0,0.0,,,1031.6038905555556,-1352.32139,-450.0,225.0,1031.6038905555556,-1351.32139,-450.0,225.0,2025-09-11,12
2025-09-11,13,2025-09-11T05:00:00Z,2025-09-12T05:44:44Z,-10.0,-10.0,False,N,0.0,-200.961575,0.0,0.0,,,1253.7889044444444,-1735.790535,0.0,281.522,1253.7889044444444,-1734.790535,,281.522,2025-09-11,13
2025-09-11,14,2025-09-11T05:30:00Z,2025-09-12T06:14:51Z,110.0,110.0,False,P,0.0,239.24511222222222,0.0,0.0,,,1381.1083344444444,-1450.2488888888888,0.0,308.694,1380.1083344444444,-1450.2488888888888,,308.694,2025-09-11,14
2025-09-11,15,2025-09-11T06:00:00Z,2025-09-12T06:44:44Z,19.21,19.21,False,N,0.0,-158.5079400534188,0.0,0.0,19.21,1.0,1388.0430599465813,-1667.1478704166666,0.0,120.884,1388.0430599465813,-1666.1478704166666,,120.884,2025-09-11,15
2025-09-11,16,2025-09-11T06:30:00Z,2025-09-12T07:14:39Z,0.1,0.1,False,N,0.0,-144.48117445363079,0.0,0.0,,,1464.8522191992888,-1767.6315794377954,0.0,158.25,1464.8522191992888,-1766.6315794377954,,158.25,2025-09-11,16
2025-09-11,17,2025-09-11T07:00:00Z,2025-09-12T07:44:39Z,0.1,0.1,False,N,0.0,-134.22604709748128,0.0,0.0,,,1564.6971566454793,-1723.3200855228392,0.0,24.115,1564.6971566454793,-1722.3200855228392,,24.115,2025-09-11,17
2025-09-11,18,2025-09-11T07:30:00Z,2025-09-12T08:14:40Z,-11.4,-11.4,False,N,0.0,-259.63608204455267,0.0,0.0,,,1435.5714662887806,-1752.5600563293651,0.0,57.393,1435.5714662887806,-1751.5600563293651,,57.393,2025-09-11,18
2025-09-11,19,2025-09-11T08:00:00Z,2025-09-12T08:44:44Z,13.8,13.8,False,N,0.0,-489.98488911616164,0.0,0.0,13.8,0.0,1234.6094460227273,-1726.0003523737373,0.0,1.589,1234.6094460227273,-1725.0003523737373,,1.589,2025-09-11,19
2025-09-11,20,2025-09-11T08:30:00Z,2025-09-12T09:14:40Z,4.4,4.4,False,N,0.0,-518.7639161846405,0.0,0.0,4.4,0.0,991.8612758986928,-1510.542221111111,0.0,0.0,991.8612758986928,-1509.542221111111,,,2025-09-11,20
2025-09-11,21,2025-09-11T09:00:00Z,2025-09-12T09:44:46Z,-20.0,-20.0,False,N,0.0,-556.8742660375817,0.0,0.0,-20.0,1.0,941.0470629901961,-1519.4216623611112,0.0,21.267,941.0470629901961,-1518.4216623611112,,21.267,2025-09-11,21
2025-09-11,22,2025-09-11T09:30:00Z,2025-09-12T10:14:46Z,-20.0,-20.0,False,N,0.0,-643.6169967075164,0.0,0.0,-20.0,1.0,882.3750032924837,-1535.9333335130718,0.0,9.833,882.3750032924837,-1534.9333335130718,,9.833,2025-09-11,22
2025-09-11,23,2025-09-11T10:00:00Z,2025-09-12T10:44:43Z,-12.913992147590521,-12.913992147590521,False,N,0.0,-651.4626311904761,0.0,0.0,-10.68825,1.0,918.5343940079365,-1569.9160576388888,0.0,0.0,918.5343940079365,-1568.9160576388888,,,2025-09-11,23
2025-09-11,24,2025-09-11T10:30:00Z,2025-09-12T11:14:42Z,-21.658235436938593,-21.658235436938593,False,N,0.0,-516.5621545833334,0.0,0.0,-21.3655,1.0,1032.2659009722222,-1548.835612449077,0.0,0.0,1032.2659009722222,-1547.835612449077,,,2025-09-11,24
2025-09-11,25,2025-09-11T11:00:00Z,2025-09-12T11:44:45Z,-12.01,-12.01,False,N,0.0,-528.3996052777778,0.0,0.0,-12.01,0.0,938.6204334722222,-1549.18293375,0.0,82.666,938.6204334722222,-1548.18293375,,82.666,2025-09-11,25
2025-09-11,26,2025-09-11T11:30:00Z,2025-09-12T12:14:42Z,-11.22,-11.22,False,N,0.0,-168.9819990277778,0.0,0.0,-11.22,0.0,1345.6152431944445,-1552.2360755555555,0.0,37.733,1345.6152431944445,-1551.2360755555555,,37.733,2025-09-11,26
2025-09-11,27,2025-09-11T12:00:00Z,2025-09-12T12:45:24Z,-21.56464307953466,-21.56464307953466,False,N,0.0,-447.67221805555556,0.0,0.0,-21.29725412222222,1.0,1199.2084958333332,-1646.829325,0.0,0.0,1199.2084958333332,-1645.829325,,,2025-09-11,27
2025-09-11,28,2025-09-11T12:30:00Z,2025-09-12T13:14:40Z,-36.789974329120575,-36.789974329120575,False,N,0.0,-829.4092090277778,0.0,0.0,-35.9895,1.0,875.0891666666666,-1704.3288918055555,0.0,0.0,875.0891666666666,-1703.3288918055555,,,2025-09-11,28
2025-09-11,29,2025-09-11T13:00:00Z,2025-09-12T13:44:44Z,-74.07,-74.07,False,N,0.0,-1110.5318169444445,0.0,0.0,,,802.1323725,-1912.6651533333334,0.0,0.0,802.1323725,-1911.6651533333334,,,2025-09-11,29
2025-09-11,30,2025-09-11T13:30:00Z,2025-09-12T14:14:32Z,-61.83,-61.83,False,N,0.0,-1034.9916666666666,0.0,0.0,,,888.6916666666667,-1923.9333333333334,0.0,0.0,888.6916666666667,-1922.9333333333334,,,2025-09-11,30
2025-09-11,31,2025-09-11T14:00:00Z,2025-09-12T14:44:31Z,-43.72,-43.72,False,N,0.0,-585.9127997578728,0.0,0.0,,,1205.669599232026,-1791.6087878787878,0.0,0.0,1205.669599232026,-1790.6087878787878,,,2025-09-11,31
2025-09-11,32,2025-09-11T14:30:00Z,2025-09-12T15:14:31Z,-43.72,-43.72,False,N,0.0,-649.4820337461242,0.0,0.0,,,1078.455986963051,-1728.0249217012386,0.0,0.0,1078.455986963051,-1727.0249217012386,,,2025-09-11,32
2025-09-11,33,2025-09-11T15:00:00Z,2025-09-12T15:44:29Z,-3.83,-3.83,False,N,0.0,-210.2905255235569,0.0,0.0,-3.83,0.0,1477.9061794764432,-1687.73,0.0,0.0,1477.9061794764432,-1686.73,,,2025-09-11,33
2025-09-11,34,2025-09-11T15:30:00Z,2025-09-12T16:14:41Z,92.0,92.0,False,P,0.0,129.51002751426276,0.0,0.0,,,1928.5242464031517,-1961.938371388889,0.0,162.975,1928.5242464031517,-1961.938371388889,,161.975,2025-09-11,34
2025-09-11,35,2025-09-11T16:00:00Z,2025-09-12T16:44:29Z,-4.63,-4.63,False,N,0.0,-62.512236772431194,0.0,0.0,,,2398.1074726960583,-2023.2854357531144,-600.0,163.243,2398.1074726960583,-2022.2854357531144,-600.0,163.243,2025-09-11,35
2025-09-11,36,2025-09-11T16:30:00Z,2025-09-12T17:14:31Z,0.0,0.0,False,N,0.0,-488.8048066065416,0.0,0.0,0.0,1.0,2262.3732793656804,-2183.06331525641,-600.0,32.333,2262.3732793656804,-2182.06331525641,-600.0,32.333,2025-09-11,36
2025-09-11,37,2025-09-11T17:00:00Z,2025-09-12T17:44:36Z,80.07,80.07,False,N,0.0,-307.2911001329226,0.0,0.0,80.07,0.0,2179.6178998670775,-2119.5001773504273,-550.0,182.841,2179.6178998670775,-2118.5001773504273,-550.0,182.841,2025-09-11,37
2025-09-11,38,2025-09-11T17:30:00Z,2025-09-12T18:14:27Z,113.9,113.9,False,P,0.0,77.03835675685426,0.0,0.0,,,2616.3733389790764,-2113.282871111111,-550.0,123.809,2615.3733389790764,-2113.282871111111,-550.0,123.809,2025-09-11,38
2025-09-11,39,2025-09-11T18:00:00Z,2025-09-12T18:44:41Z,113.9,113.9,False,P,0.0,134.46234708333333,0.0,0.0,,,2701.6340595833335,-2137.667394166667,-500.0,70.5,2700.6340595833335,-2137.667394166667,-500.0,70.5,2025-09-11,39
2025-09-11,40,2025-09-11T18:30:00Z,2025-09-12T19:14:40Z,29.0,29.0,False,N,0.0,-71.75477777777778,0.0,0.0,,,2532.1782222222223,-2136.2393333333334,-500.0,32.711,2532.1782222222223,-2135.2393333333334,-500.0,32.711,2025-09-11,40
2025-09-11,41,2025-09-11T19:00:00Z,2025-09-12T19:44:32Z,86.89,86.89,False,N,0.0,-2.44581487654321,0.0,0.0,86.89,0.0,2387.6525740123457,-2112.4965311934156,-350.339,72.723,2387.6525740123457,-2111.4965311934156,-350.339,72.723,2025-09-11,41
2025-09-11,42,2025-09-11T19:30:00Z,2025-09-12T20:14:34Z,-13.98,-13.98,False,N,0.0,-319.67150187777776,0.0,0.0,,,2161.226887011111,-2215.1179817888888,-350.346,84.533,2161.226887011111,-2214.1179817888888,-350.346,84.533,2025-09-11,42
2025-09-11,43,2025-09-11T20:00:00Z,2025-09-12T20:44:39Z,0.0,0.0,False,N,0.0,-257.916147029321,0.0,0.0,0.0,1.0,1949.0467418595679,-1933.7210701135361,-350.368,77.216,1949.0467418595679,-1932.7210701135361,-350.368,77.216,2025-09-11,43
2025-09-11,44,2025-09-11T20:30:00Z,2025-09-12T21:14:38Z,0.0,0.0,False,N,0.0,-425.75885885454005,0.0,0.0,0.0,1.0,1629.6174169787932,-1712.2019980555556,-350.319,7.066,1629.6174169787932,-1711.3233252217294,-350.19767283382606,7.066,2025-09-11,44
2025-09-11,45,2025-09-11T21:00:00Z,2025-09-12T21:44:35Z,14.04,14.04,False,N,0.0,-652.7074513745112,0.0,0.0,14.04,0.0,1321.7548819588221,-1789.564236111111,-350.0,165.171,1321.7548819588221,-1788.7557461049632,-349.80849000614785,165.171,2025-09-11,45
2025-09-11,46,2025-09-11T21:30:00Z,2025-09-12T22:14:33Z,-19.0,-19.0,False,N,0.0,-1004.2024082220497,0.0,0.0,-19.0,1.0,1133.9989056668392,-1814.8094465277777,-350.0,26.695,1133.9989056668392,-1813.9524704560204,-349.8569760717575,26.695,2025-09-11,46
2025-09-11,47,2025-09-11T22:00:00Z,2025-09-12T22:44:39Z,-26.686202753708592,-26.686202753708592,False,N,0.0,-680.259276867168,0.0,0.0,-26.011833333333332,1.0,990.1970774383876,-1896.0214732163743,0.0,225.0,990.1970774383876,-1895.0214732163743,,225.0,2025-09-11,47
2025-09-11,48,2025-09-11T22:30:00Z,2025-09-12T23:14:34Z,-43.72,-43.72,False,N,0.0,-679.7925380555556,0.0,0.0,,,977.65625,-1882.2312602777777,0.0,225.0,977.65625,-1881.2312602777777,,225.0,2025-09-11,48
2025-09-12,1,2025-09-11T23:00:00Z,2025-09-12T23:44:36Z,-43.72,-43.72,False,N,0.0,-778.17706875,0.0,0.0,,,1036.8583354166667,-2040.0883325,0.0,225.0,1036.8583354166667,-2039.0883325,,225.0,2025-09-12,1
2025-09-12,2,2025-09-11T23:30:00Z,2025-09-13T00:14:35Z,-43.72,-43.72,False,N,0.0,-656.1048816666666,0.0,0.0,,,1044.8833333333334,-1926.2691675,0.0,225.0,1044.8833333333334,-1925.2691675,,225.0,2025-09-12,2
2025-09-12,3,2025-09-12T00:00:00Z,2025-09-13T00:44:31Z,-17.48,-17.48,False,N,0.0,-270.0180555555556,0.0,0.0,,,1304.8833333333334,-1799.8847255555556,0.0,225.0,1304.8833333333334,-1798.8847255555556,,225.0,2025-09-12,3
2025-09-12,4,2025-09-12T00:30:00Z,2025-09-13T01:14:34Z,-12.5,-12.5,False,N,0.0,-397.53175282014627,0.0,0.0,-12.5,0.0,1154.7738026441248,-1777.0321326812573,0.0,225.0,1154.7738026441248,-1776.0321326812573,,225.0,2025-09-12,4
2025-09-12,5,2025-09-12T01:00:00Z,2025-09-13T01:44:37Z,-10.94,-10.94,False,N,0.0,-287.09342107344634,0.0,0.0,-10.94,0.0,1339.2415789265538,-1865.5599078095574,0.0,239.5,1339.2415789265538,-1864.5599078095574,,239.5,2025-09-12,5
2025-09-12,6,2025-09-12T01:30:00Z,2025-09-13T02:14:50Z,-17.48,-17.48,False,N,0.0,-244.33835181123015,0.0,0.0,,,1448.8941617460318,-1919.1525143905953,0.0,225.0,1448.8941617460318,-1918.1525143905953,,225.0,2025-09-12,6
2025-09-12,7,2025-09-12T02:00:00Z,2025-09-13T02:44:34Z,0.0,0.0,False,N,0.0,-194.6630549009781,0.0,0.0,0.0,1.0,1490.6122225990218,-1911.112222309114,0.0,225.0,1490.6122225990218,-1910.112222309114,,225.0,2025-09-12,7
2025-09-12,8,2025-09-12T02:30:00Z,2025-09-13T03:14:34Z,-7.14,-7.14,False,N,0.0,-301.8270122222222,0.0,0.0,-7.14,0.0,1411.7397869444444,-1938.3595045833333,0.0,225.0,1411.7397869444444,-1937.3595045833333,,225.0,2025-09-12,8
2025-09-12,9,2025-09-12T03:00:00Z,2025-09-13T03:44:41Z,-5.72,-5.72,False,N,0.0,-587.0503033456001,0.0,0.0,-5.72,0.0,1442.7488633456,-2255.1405252900445,0.0,225.0,1442.7488633456,-2254.1405252900445,,225.0,2025-09-12,9
2025-09-12,10,2025-09-12T03:30:00Z,2025-09-13T04:14:35Z,-5.71,-5.71,False,N,0.0,-504.7625071759259,0.0,0.0,-5.71,0.0,1563.436907962963,-2293.6702414814813,0.0,225.0,1563.436907962963,-2292.6702414814813,,225.0,2025-09-12,10
2025-09-12,11,2025-09-12T04:00:00Z,2025-09-13T04:44:40Z,-3.8,-3.8,False,N,0.0,-677.5023353255112,0.0,0.0,-3.8,0.0,1379.194443146711,-2281.5569444770026,0.0,225.0,1379.194443146711,-2280.5569444770026,,225.0,2025-09-12,11
2025-09-12,12,2025-09-12T04:30:00Z,2025-09-13T05:14:36Z,1.28,1.28,False,N,0.0,-738.5282356481481,0.0,0.0,1.28,0.0,1472.7884337962962,-2436.3338121527777,0.0,225.0,1472.7884337962962,-2435.3338121527777,,225.0,2025-09-12,12
2025-09-12,13,2025-09-12T05:00:00Z,2025-09-13T05:44:32Z,-12.71821971799731,-12.71821971799731,False,N,0.0,-545.128288266687,0.0,0.0,-12.12918125,1.0,1711.9519168722018,-2533.5368744444445,0.0,276.867,1711.9519168722018,-2532.5368744444445,,276.867,2025-09-12,13
2025-09-12,14,2025-09-12T05:30:00Z,2025-09-13T06:14:42Z,-9.329161269896751,-9.329161269896751,False,N,0.0,-504.640622533196,0.0,0.0,-8.81640625,1.0,1861.5179572088675,-2711.650849819775,0.0,345.656,1861.5179572088675,-2710.650849819775,,345.656,2025-09-12,14
2025-09-12,15,2025-09-12T06:00:00Z,2025-09-13T06:44:32Z,-11.4,-11.4,False,N,0.0,-350.61796188492065,0.0,0.0,,,2339.906464642857,-2690.757211483918,-50.0,50.128,2339.906464642857,-2689.757211483918,-50.0,50.128,2025-09-12,15
2025-09-12,16,2025-09-12T06:30:00Z,2025-09-13T07:14:35Z,74.0,74.0,False,P,0.0,5.349854360870611,0.0,0.0,,,2700.271087893149,-2654.732946300505,-50.0,10.333,2699.271087893149,-2654.732946300505,-50.0,10.333,2025-09-12,16
2025-09-12,17,2025-09-12T07:00:00Z,2025-09-13T07:44:31Z,-4.21,-4.21,False,N,0.0,-632.721537332631,0.0,0.0,,,2311.1612404451466,-2393.3885605509668,-550.0,0.0,2311.1612404451466,-2393.3885605509668,-549.0,,2025-09-12,17
2025-09-12,18,2025-09-12T07:30:00Z,2025-09-13T08:14:34Z,-17.48,-17.48,False,N,0.0,-943.6318426949787,0.0,0.0,,,1968.0848239716881,-2361.5166776041665,-550.0,0.0,1968.0848239716881,-2360.5166776041665,-550.0,,2025-09-12,18
2025-09-12,19,2025-09-12T08:00:00Z,2025-09-13T08:44:45Z,-17.48,-17.48,False,N,0.0,-918.0366625,0.0,0.0,,,1801.1133375,-2219.175,-500.0,0.0,1801.1133375,-2218.175,-500.0,,2025-09-12,19
2025-09-12,20,2025-09-12T08:30:00Z,2025-09-13T09:14:39Z,-20.55,-20.55,False,N,0.0,-886.0309266865079,0.0,0.0,,,1470.956573313492,-1856.8001010777778,-500.0,0.0,1470.956573313492,-1855.8001010777778,-500.0,,2025-09-12,20
2025-09-12,21,2025-09-12T09:00:00Z,2025-09-13T09:44:35Z,-43.72,-43.72,False,N,0.0,-893.0844256746032,0.0,0.0,,,1192.648586686508,-1785.4206191666667,-300.0,0.0,1192.648586686508,-1784.4206191666667,-300.0,,2025-09-12,21
2025-09-12,22,2025-09-12T09:30:00Z,2025-09-13T10:14:34Z,-3.7757989589779437,-3.7757989589779437,False,N,0.0,-827.8329841666666,0.0,0.0,-3.3155833333333335,1.0,1275.6336825,-1803.3666670833334,-300.0,0.0,1275.6336825,-1802.5566503348157,-299.8100167485177,,2025-09-12,22
2025-09-12,23,2025-09-12T10:00:00Z,2025-09-13T10:44:34Z,-4.1,-4.1,False,N,0.0,-199.63523583333333,0.0,0.0,,,2004.1636530555556,-1803.7458833333333,-400.0,0.0,2004.1636530555556,-1803.7458833333333,-399.0,,2025-09-12,23
2025-09-12,24,2025-09-12T10:30:00Z,2025-09-13T11:14:38Z,-7.6,-7.6,False,N,0.0,-515.4388933674985,0.0,0.0,-7.6,0.0,1707.6211066325016,-1822.7602241964287,-400.0,0.0,1707.6211066325016,-1822.5362618706263,-399.2239623258022,,2025-09-12,24
2025-09-12,25,2025-09-12T11:00:00Z,2025-09-13T11:44:44Z,-7.83,-7.83,False,N,0.0,-471.203360568761,0.0,0.0,-7.83,0.0,1491.0008061224394,-1777.2129427946234,-185.0,0.0,1491.0008061224394,-1776.6055545955594,-184.607388199064,,2025-09-12,25
2025-09-12,26,2025-09-12T11:30:00Z,2025-09-13T12:14:35Z,-7.18,-7.18,False,N,0.0,-426.1250434722222,0.0,0.0,-7.18,0.0,1442.1872421527778,-1683.1514319444445,-185.0,0.0,1442.1872421527778,-1682.585576810685,-184.56585513375944,,2025-09-12,26
2025-09-12,27,2025-09-12T12:00:00Z,2025-09-13T12:44:30Z,-7.65,-7.65,False,N,0.0,-698.4582491666666,0.0,0.0,-7.65,0.0,1095.6643508333334,-1594.3726930555556,-245.0,45.495,1095.6643508333334,-1593.723465632574,-244.64922742298154,45.495,2025-09-12,27
2025-09-12,28,2025-09-12T12:30:00Z,2025-09-13T13:14:42Z,-8.31,-8.31,False,N,0.0,-571.2304433333334,0.0,0.0,-8.31,0.0,1155.4484816666666,-1509.9068141666667,-245.0,28.439,1155.4484816666666,-1509.3357128762143,-244.57110129045236,28.439,2025-09-12,28
2025-09-12,29,2025-09-12T13:00:00Z,2025-09-13T13:44:34Z,-7.16,-7.16,False,N,0.0,-549.163018611111,0.0,0.0,-7.16,0.0,1102.7833233333333,-1351.8072222222222,-300.0,0.0,1102.7833233333333,-1351.262460451177,-299.5447617710452,,2025-09-12,29
2025-09-12,30,2025-09-12T13:30:00Z,2025-09-13T14:14:32Z,-6.64,-6.64,False,N,0.0,-688.4596065277777,0.0,0.0,-6.64,0.0,983.8084768055555,-1373.43348375,-300.0,1.494,983.8084768055555,-1372.8238256146203,-299.60965813537973,1.494,2025-09-12,30
2025-09-12,31,2025-09-12T14:00:00Z,2025-09-13T14:44:29Z,-1.61,-1.61,False,N,0.0,-792.2125880555556,0.0,0.0,-1.61,0.0,1128.9213563888889,-1377.8032986111111,-600.0,56.673,1128.9213563888889,-1377.218333573123,-599.5849650379882,56.673,2025-09-12,31
2025-09-12,32,2025-09-12T14:30:00Z,2025-09-13T15:14:33Z,0.45,0.45,False,N,0.0,-840.3297519444444,0.0,0.0,0.45,0.0,1324.4271925,-1592.0115784722223,-600.0,27.2,1324.4271925,-1591.3305008944974,-599.6810775777249,27.2,2025-09-12,32
2025-09-12,33,2025-09-12T15:00:00Z,2025-09-13T15:44:29Z,4.49,4.49,False,N,0.0,-1045.8537307692309,0.0,0.0,4.49,0.0,1253.5796025641025,-1699.2166666666667,-600.0,0.0,1253.5796025641025,-1698.7903606568948,-599.4263060097718,,2025-09-12,33
2025-09-12,34,2025-09-12T15:30:00Z,2025-09-13T16:14:33Z,34.2,34.2,False,N,0.0,-297.69850807539683,0.0,0.0,34.2,0.0,1810.4308101190477,-1630.89752125,-600.0,123.084,1810.4308101190477,-1630.7791128635156,-599.1184083864844,123.084,2025-09-12,34
2025-09-12,35,2025-09-12T16:00:00Z,2025-09-13T16:44:31Z,102.0,102.0,False,P,0.0,200.97149101523297,0.0,0.0,,,2168.055964487455,-1458.6202214444445,-575.0,66.617,2167.055964487455,-1458.6202214444445,-575.0,66.617,2025-09-12,35
2025-09-12,36,2025-09-12T16:30:00Z,2025-09-13T17:14:30Z,80.09,80.09,False,N,0.0,-247.54785867784992,0.0,0.0,80.09,0.0,1834.6774848069986,-1526.4333793055555,-575.0,19.184,1834.6774848069986,-1526.4333793055555,-574.0,19.184,2025-09-12,36
2025-09-12,37,2025-09-12T17:00:00Z,2025-09-13T17:44:32Z,115.0,115.0,False,P,0.0,253.22043377240144,0.0,0.0,,,1439.3147115501793,-1355.2621219444445,-450.0,619.251,1438.3147115501793,-1355.2621219444445,-450.0,619.251,2025-09-12,37
2025-09-12,38,2025-09-12T17:30:00Z,2025-09-13T18:14:34Z,117.0,117.0,False,P,0.0,175.78097907560033,0.0,0.0,,,1223.1569308811559,-1303.78236,-450.0,706.175,1222.1569308811559,-1303.78236,-450.0,706.175,2025-09-12,38
2025-09-12,39,2025-09-12T18:00:00Z,2025-09-13T18:44:37Z,119.6,119.6,False,P,0.0,656.3126161294261,0.0,0.0,,,1527.523616129426,-1100.816809047619,-450.0,679.889,1526.523616129426,-1100.816809047619,-450.0,679.889,2025-09-12,39
2025-09-12,40,2025-09-12T18:30:00Z,2025-09-13T19:14:46Z,120.0,120.0,False,P,0.0,1262.6097920833333,0.0,0.0,,,1908.4527920833334,-975.9364026388889,-450.0,780.217,1907.6154276129414,-975.9364026388889,-450.0,780.054364470392,2025-09-12,40
2025-09-12,41,2025-09-12T19:00:00Z,2025-09-13T19:44:40Z,119.6,119.6,False,P,0.0,906.7006388095239,0.0,0.0,,,1984.9597804761904,-850.02359,-400.0,172.185,1983.9597804761904,-850.02359,-400.0,172.185,2025-09-12,41
2025-09-12,42,2025-09-12T19:30:00Z,2025-09-13T20:14:42Z,117.49,117.49,False,P,0.0,544.5455520988955,0.0,0.0,,,1728.9548580711178,-784.2588275519562,-400.0,0.0,1727.9548580711178,-784.2588275519562,-400.0,,2025-09-12,42
2025-09-12,43,2025-09-12T20:00:00Z,2025-09-13T20:44:41Z,115.0,115.0,False,P,0.0,99.5174993190216,0.0,0.0,,,1175.275831263466,-676.0583818024692,-400.0,0.0,1174.275831263466,-676.0583818024692,-400.0,,2025-09-12,43
2025-09-12,44,2025-09-12T20:30:00Z,2025-09-13T21:14:40Z,54.87,54.87,False,N,0.0,-79.35639298765092,0.0,0.0,,,1097.5820135592685,-776.9083983753688,-400.0,0.0,1097.5820135592685,-776.9083983753688,-399.0,,2025-09-12,44
2025-09-12,45,2025-09-12T21:00:00Z,2025-09-13T21:44:35Z,42.49,42.49,False,N,0.0,-302.1340450308526,0.0,0.0,,,1067.2132708821234,-992.2966492463092,-400.0,22.866,1067.2132708821234,-992.2966492463092,-399.0,22.866,2025-09-12,45
2025-09-12,46,2025-09-12T21:30:00Z,2025-09-13T22:14:36Z,40.0,40.0,False,N,0.0,-433.7435092063492,0.0,0.0,,,1159.951636904762,-1193.9920211111112,-400.0,0.0,1159.951636904762,-1192.9920211111112,-400.0,,2025-09-12,46
2025-09-12,47,2025-09-12T22:00:00Z,2025-09-13T22:44:44Z,0.0,0.0,False,N,0.0,-732.9952385803922,0.0,0.0,,,1203.062076151256,-1586.3815198303923,-350.0,0.0,1203.062076151256,-1585.3815198303923,-350.0,,2025-09-12,47
2025-09-12,48,2025-09-12T22:30:00Z,2025-09-13T23:14:38Z,0.0,0.0,False,N,0.0,-486.08307930555554,0.0,0.0,,,1203.1261172222223,-1357.6733470833333,-350.0,18.333,1203.1261172222223,-1356.6733470833333,-350.0,18.333,2025-09-12,48
2025-09-13,1,2025-09-12T23:00:00Z,2025-09-13T23:44:34Z,10.0,10.0,False,N,0.0,-249.5216825595238,0.0,0.0,,,1203.000001329365,-953.1416696428571,-500.0,0.0,1203.000001329365,-952.1416696428571,-500.0,,2025-09-13,1
2025-09-13,2,2025-09-12T23:30:00Z,2025-09-14T00:14:40Z,12.23,12.23,False,N,0.0,-233.09798978535355,0.0,0.0,,,1203.9952114520202,-937.0063231186869,-500.0,0.0,1203.9952114520202,-937.0063231186869,-499.0,,2025-09-13,2
2025-09-13,3,2025-09-13T00:00:00Z,2025-09-14T00:44:42Z,18.49,18.49,False,P,0.0,22.566534305555557,0.0,0.0,18.49,0.0,1203.0451256944446,-680.78902125,-500.0,0.0,1202.0451256944446,-680.78902125,-500.0,,2025-09-13,3
2025-09-13,4,2025-09-13T00:30:00Z,2025-09-14T01:14:39Z,19.41,19.41,False,P,0.0,125.33691214605734,0.0,0.0,19.41,0.0,1203.938028673835,-578.8063943055555,-500.0,0.0,1202.938028673835,-578.8063943055555,-500.0,,2025-09-13,4
2025-09-13,5,2025-09-13T01:00:00Z,2025-09-14T01:44:36Z,18.04,18.04,False,P,0.0,247.35308202060932,0.0,0.0,18.04,0.0,1216.7869928539426,-469.5211115277778,-500.0,0.0,1215.7869928539426,-469.5211115277778,-500.0,,2025-09-13,5
2025-09-13,6,2025-09-13T01:30:00Z,2025-09-14T02:14:51Z,16.8,16.8,False,P,0.0,239.8340276010101,0.0,0.0,16.8,0.0,1145.4843056565658,-405.76763906565657,-500.0,0.0,1144.4843056565658,-405.76763906565657,-500.0,,2025-09-13,6
2025-09-13,7,2025-09-13T02:00:00Z,2025-09-14T02:44:31Z,19.72,19.72,False,P,0.0,131.1654412455197,0.0,0.0,19.72,0.0,1142.9954226344087,-761.8276636111111,-250.0,0.0,1141.9954226344087,-761.8276636111111,-250.0,,2025-09-13,7
2025-09-13,8,2025-09-13T02:30:00Z,2025-09-14T03:14:44Z,1.36,1.36,False,N,0.0,-266.40917472670253,0.0,0.0,,,1159.780657217742,-1176.2784623611112,-250.0,0.0,1159.780657217742,-1175.2784623611112,-250.0,,2025-09-13,8
2025-09-13,9,2025-09-13T03:00:00Z,2025-09-14T03:44:38Z,-5.78,-5.78,False,N,0.0,-319.96187291666666,0.0,0.0,,,1171.11770625,-1241.29520625,-250.0,0.0,1171.11770625,-1240.29520625,-250.0,,2025-09-13,9
2025-09-13,10,2025-09-13T03:30:00Z,2025-09-14T04:14:35Z,-6.41,-6.41,False,N,0.0,-337.19427220959597,0.0,0.0,,,1183.6228336237373,-1270.8079894444445,-250.0,0.0,1183.6228336237373,-1269.8079894444445,-250.0,,2025-09-13,10
2025-09-13,11,2025-09-13T04:00:00Z,2025-09-14T04:44:37Z,-15.0,-15.0,False,N,0.0,-565.9709859589898,0.0,0.0,,,1200.1298787015007,-1550.2027032738047,-250.0,34.083,1200.1298787015007,-1549.2027032738047,-250.0,34.083,2025-09-13,11
2025-09-13,12,2025-09-13T04:30:00Z,2025-09-14T05:14:44Z,-1.61,-1.61,False,N,0.0,-348.3474564748677,0.0,0.0,,,1208.372858986446,-1318.2309853637566,-250.0,11.334,1208.372858986446,-1317.2309853637566,-250.0,11.334,2025-09-13,12
2025-09-13,13,2025-09-13T05:00:00Z,2025-09-14T05:44:45Z,6.75,6.75,False,N,0.0,-99.03648263888888,0.0,0.0,,,1212.673715,-1062.3009384722222,-250.0,0.0,1212.673715,-1062.3009384722222,-249.0,,2025-09-13,13
2025-09-13,14,2025-09-13T05:30:00Z,2025-09-14T06:14:47Z,1.9254910532562035,1.9254910532562035,False,N,0.0,-357.9828267453021,0.0,0.0,,,1337.0102841669764,-1445.0725089675243,-250.0,0.0,1337.0102841669764,-1444.652176268382,-249.42033269914236,,2025-09-13,14
2025-09-13,15,2025-09-13T06:00:00Z,2025-09-14T06:44:41Z,-6.7,-6.7,False,N,0.0,-439.9037397222222,0.0,0.0,,,1347.920256388889,-1537.5572022222223,-250.0,0.0,1347.920256388889,-1536.5572022222223,-250.0,,2025-09-13,15
2025-09-13,16,2025-09-13T06:30:00Z,2025-09-14T07:14:41Z,16.03,16.03,False,N,0.0,-211.20591774546335,0.0,0.0,,,1378.3899376315208,-1340.2551754761905,-250.0,0.0,1378.3899376315208,-1340.2551754761905,-249.0,,2025-09-13,16
2025-09-13,17,2025-09-13T07:00:00Z,2025-09-14T07:44:38Z,12.66,12.66,False,N,0.0,-68.96410071581197,0.0,0.0,,,1248.381096645299,-1117.9199734722222,-200.0,0.0,1248.381096645299,-1117.9199734722222,-199.0,,2025-09-13,17
2025-09-13,18,2025-09-13T07:30:00Z,2025-09-14T08:14:38Z,10.91,10.91,False,P,0.0,104.12722838629728,0.0,0.0,10.91,0.0,1085.293061694112,-781.5841518914805,-200.0,0.0,1084.293061694112,-781.5841518914805,-200.0,,2025-09-13,18
2025-09-13,19,2025-09-13T08:00:00Z,2025-09-14T08:44:41Z,-5.92,-5.92,False,N,0.0,-313.75686805555557,0.0,0.0,,,1002.5502420833334,-1091.171630138889,-225.0,0.0,1002.5502420833334,-1091.171630138889,-224.0,,2025-09-13,19
2025-09-13,20,2025-09-13T08:30:00Z,2025-09-14T09:14:35Z,-17.48,-17.48,False,N,0.0,-447.05447805555553,0.0,0.0,,,934.5602197222222,-1156.51606375,-225.0,0.0,934.5602197222222,-1155.51606375,-225.0,,2025-09-13,20
2025-09-13,21,2025-09-13T09:00:00Z,2025-09-14T09:44:43Z,-4.23,-4.23,False,N,0.0,-169.75290520467837,0.0,0.0,,,963.9988372707003,-858.7971590935673,-275.0,0.0,963.9988372707003,-858.7971590935673,-274.0,,2025-09-13,21
2025-09-13,22,2025-09-13T09:30:00Z,2025-09-14T10:14:42Z,-4.22,-4.22,False,N,0.0,-141.22161726190475,0.0,0.0,,,933.8969340079365,-800.2505061507936,-275.0,0.0,933.8969340079365,-800.2505061507936,-274.0,,2025-09-13,22
2025-09-13,23,2025-09-13T10:00:00Z,2025-09-14T10:44:36Z,-17.48,-17.48,False,N,0.0,-378.35520097222224,0.0,0.0,,,933.8663079166666,-1012.0329801388889,-300.0,0.0,933.8663079166666,-1011.0329801388889,-300.0,,2025-09-13,23
2025-09-13,24,2025-09-13T10:30:00Z,2025-09-14T11:14:36Z,-7.61,-7.61,False,N,0.0,-280.83562222222224,0.0,0.0,,,933.5628655555555,-914.5939555555556,-300.0,0.0,933.5628655555555,-914.5939555555556,-299.0,,2025-09-13,24
2025-09-13,25,2025-09-13T11:00:00Z,2025-09-14T11:44:41Z,-9.24,-9.24,False,N,0.0,-130.3255443162393,0.0,0.0,,,904.9577884615385,-685.2701383333333,-350.0,0.0,904.9577884615385,-685.2701383333333,-349.0,,2025-09-13,25
2025-09-13,26,2025-09-13T11:30:00Z,2025-09-14T12:14:40Z,-15.0,-15.0,False,N,0.0,-414.81562294892865,0.0,0.0,,,862.9609240384615,-927.7074789318347,-350.0,0.0,862.9609240384615,-926.7074789318347,-350.0,,2025-09-13,26
2025-09-13,27,2025-09-13T12:00:00Z,2025-09-14T12:44:37Z,-15.0,-15.0,False,N,0.0,-619.1072536111111,0.0,0.0,,,886.8349705555555,-1131.1221941666668,-375.0,0.0,886.8349705555555,-1130.1221941666668,-375.0,,2025-09-13,27
2025-09-13,28,2025-09-13T12:30:00Z,2025-09-14T13:14:48Z,-14.65038289989684,-14.65038289989684,False,N,0.0,-529.321396329365,0.0,0.0,,,909.7123883928572,-1063.6836979166667,-375.0,0.0,909.7123883928572,-1062.6836979166667,-375.0,,2025-09-13,28
2025-09-13,29,2025-09-13T13:00:00Z,2025-09-14T13:44:41Z,-17.48,-17.48,False,N,0.0,-1066.0867475014697,0.0,0.0,,,919.5808320818636,-1310.6609127777779,-675.0,0.0,919.5808320818636,-1309.6609127777779,-675.0,,2025-09-13,29
2025-09-13,30,2025-09-13T13:30:00Z,2025-09-14T14:14:37Z,-14.36,-14.36,False,N,0.0,-814.2036854506837,0.0,0.0,,,963.9173067715386,-1103.4959922222222,-675.0,0.0,963.9173067715386,-1103.4959922222222,-674.0,,2025-09-13,30
2025-09-13,31,2025-09-13T14:00:00Z,2025-09-14T14:44:30Z,-1.67,-1.67,False,N,0.0,-546.3995425486044,0.0,0.0,,,1070.1065480069512,-816.6093733838384,-800.0,0.0,1070.1065480069512,-816.6093733838384,-799.0,,2025-09-13,31
2025-09-13,32,2025-09-13T14:30:00Z,2025-09-14T15:14:35Z,-1.13,-1.13,False,N,0.0,-479.3493473856121,0.0,0.0,,,1003.1270765569384,-682.6451893592172,-800.0,0.0,1003.1270765569384,-681.6451893592172,-800.0,,2025-09-13,32
2025-09-13,33,2025-09-13T15:00:00Z,2025-09-14T15:44:47Z,38.03,38.03,False,N,0.0,-281.3946437609544,0.0,0.0,,,1013.23968193349,-994.8484173934417,-300.0,0.0,1013.23968193349,-994.8484173934417,-299.0,,2025-09-13,33
2025-09-13,34,2025-09-13T15:30:00Z,2025-09-14T16:14:35Z,114.0,114.0,False,P,0.0,143.35856723560022,0.0,0.0,,,1028.1360821539008,-603.7601281821895,-300.0,18.366,1027.1360821539008,-603.7601281821895,-300.0,18.366,2025-09-13,34
2025-09-13,35,2025-09-13T16:00:00Z,2025-09-14T16:44:36Z,114.0,114.0,False,P,0.0,105.12837750943396,0.0,0.0,,,896.3147248983229,-516.1469534444444,-275.0,0.0,895.3147248983229,-516.1469534444444,-275.0,,2025-09-13,35
2025-09-13,36,2025-09-13T16:30:00Z,2025-09-14T17:14:38Z,100.0,100.0,False,P,0.0,25.520045274725273,0.0,0.0,,,822.1002420833333,-535.7632245863858,-275.0,14.067,821.1002420833333,-535.7632245863858,-275.0,14.067,2025-09-13,36
2025-09-13,37,2025-09-13T17:00:00Z,2025-09-14T17:44:39Z,118.5,118.5,False,P,0.0,116.7533469496435,0.0,0.0,,,746.7299755392157,-480.24289610591205,-150.0,0.0,745.7299755392157,-480.24289610591205,-150.0,,2025-09-13,37
2025-09-13,38,2025-09-13T17:30:00Z,2025-09-14T18:14:44Z,120.0,120.0,False,P,0.0,260.0837406565657,0.0,0.0,,,728.556699202509,-372.3339815656566,-150.0,53.867,727.6614440547919,-372.3339815656566,-150.0,53.7622551477171,2025-09-13,38
2025-09-13,39,2025-09-13T18:00:00Z,2025-09-14T18:44:41Z,120.0,120.0,False,P,0.0,362.29636642473116,0.0,0.0,,,661.6713655913978,-224.37499916666667,-75.0,0.0,660.6713655913978,-224.37499916666667,-75.0,,2025-09-13,39
2025-09-13,40,2025-09-13T18:30:00Z,2025-09-14T19:14:44Z,128.0,128.0,False,P,0.0,424.53541722222224,0.0,0.0,,,587.2958333333333,-88.11666611111112,-75.0,0.0,586.2958333333333,-88.11666611111112,-75.0,,2025-09-13,40
2025-09-13,41,2025-09-13T19:00:00Z,2025-09-14T19:44:40Z,128.0,128.0,False,P,0.0,256.93655751792113,0.0,0.0,,,437.4153494623656,-130.68929015873016,-50.0,0.0,436.4153494623656,-130.68929015873016,-50.0,,2025-09-13,41
2025-09-13,42,2025-09-13T19:30:00Z,2025-09-14T20:14:49Z,119.0,119.0,False,P,0.0,34.100096301547914,0.0,0.0,,,408.1011952026468,-324.0177655677656,-50.0,0.0,407.1011952026468,-324.0177655677656,-50.0,,2025-09-13,42
2025-09-13,43,2025-09-13T20:00:00Z,2025-09-14T20:44:47Z,119.0,119.0,False,P,0.0,109.44220634199564,0.0,0.0,,,556.4059370148316,-410.3783720617248,-50.0,13.267,555.4059370148316,-410.3783720617248,-50.0,13.267,2025-09-13,43
2025-09-13,44,2025-09-13T20:30:00Z,2025-09-14T21:14:38Z,128.0,128.0,False,P,0.0,214.6077628526158,0.0,0.0,128.0,1.0,516.2714052287582,-442.20530904280906,-50.0,190.0,515.2714052287582,-442.20530904280906,-50.0,190.0,2025-09-13,44
2025-09-13,45,2025-09-13T21:00:00Z,2025-09-14T21:44:43Z,62.0,62.0,False,N,0.0,-61.35416388888889,0.0,0.0,,,434.47222222222223,-636.4097194444445,-50.0,190.0,434.47222222222223,-635.4097194444445,-50.0,190.0,2025-09-13,45
2025-09-13,46,2025-09-13T21:30:00Z,2025-09-14T22:14:43Z,58.62,58.62,False,N,0.0,-113.21472578684397,0.0,0.0,,,484.4416666668597,-737.7983371294366,-50.0,190.0,484.4416666668597,-736.7983371294366,-50.0,190.0,2025-09-13,46
2025-09-13,47,2025-09-13T22:00:00Z,2025-09-14T22:44:46Z,64.8,64.8,False,N,0.0,-35.219444861111114,0.0,0.0,,,540.5,-640.7944448611111,-125.0,190.0,540.5,-639.7944448611111,-125.0,190.0,2025-09-13,47
2025-09-13,48,2025-09-13T22:30:00Z,2025-09-14T23:14:43Z,55.13,55.13,False,N,0.0,-217.51666666666668,0.0,0.0,,,540.5,-823.1083333333333,-125.0,190.0,540.5,-822.1083333333333,-125.0,190.0,2025-09-13,48
2025-09-14,1,2025-09-13T23:00:00Z,2025-09-14T23:44:39Z,55.13,55.13,False,N,0.0,-159.49166694444443,0.0,0.0,,,540.5,-790.0250002777777,-100.0,190.0,540.5,-789.0250002777777,-100.0,190.0,2025-09-14,1
2025-09-14,2,2025-09-13T23:30:00Z,2025-09-15T00:14:42Z,55.21,55.21,False,N,0.0,-66.20833333333333,0.0,0.0,,,540.5,-696.9416666666667,-100.0,190.0,540.5,-695.9416666666667,-100.0,190.0,2025-09-14,2
2025-09-14,3,2025-09-14T00:00:00Z,2025-09-15T00:44:38Z,55.15,55.15,False,N,0.0,-194.54785826164874,0.0,0.0,,,540.5,-725.1395249283154,-200.0,190.0,540.5,-724.1395249283154,-200.0,190.0,2025-09-14,3
2025-09-14,4,2025-09-14T00:30:00Z,2025-09-15T01:14:43Z,92.89,92.89,False,P,0.0,86.15059523809524,0.0,0.0,92.89,0.8,550.5,-454.5910714285714,-200.0,190.0,549.5,-454.5910714285714,-200.0,190.0,2025-09-14,4
2025-09-14,5,2025-09-14T01:00:00Z,2025-09-15T01:44:43Z,64.230099009901,64.230099009901,False,N,0.0,-27.979365079365078,0.0,0.0,,,540.5,-583.479365079365,-175.0,190.0,540.5,-583.479365079365,-174.0,190.0,2025-09-14,5
2025-09-14,6,2025-09-14T01:30:00Z,2025-09-15T02:16:05Z,55.11,55.11,False,N,0.0,-242.84444722222221,0.0,0.0,,,545.75,-803.6861138888889,-175.0,190.0,545.75,-802.6861138888889,-175.0,190.0,2025-09-14,6
2025-09-14,7,2025-09-14T02:00:00Z,2025-09-15T02:44:40Z,55.15725754505917,55.15725754505917,False,N,0.0,-64.74714822281959,0.0,0.0,,,540.5,-645.505481556153,-150.0,190.0,540.5,-644.505481556153,-150.0,190.0,2025-09-14,7
2025-09-14,8,2025-09-14T02:30:00Z,2025-09-15T03:14:40Z,68.11,68.11,False,P,0.0,150.28666666666666,0.0,0.0,68.11,0.0,540.5,-430.2133333333333,-150.0,190.0,539.5,-430.2133333333333,-150.0,190.0,2025-09-14,8
2025-09-14,9,2025-09-14T03:00:00Z,2025-09-15T03:44:36Z,92.8,92.8,False,P,0.0,270.3797676282051,0.0,0.0,92.8,1.0,561.7333333333333,-356.35356570512823,-125.0,190.0,560.7333333333333,-356.35356570512823,-125.0,190.0,2025-09-14,9
2025-09-14,10,2025-09-14T03:30:00Z,2025-09-15T04:14:41Z,75.24,75.24,False,P,0.0,491.0234375,0.0,0.0,75.24,0.0,540.5,-114.4765625,-125.0,190.0,539.8574644794833,-114.4765625,-125.0,189.6425355205168,2025-09-14,10
2025-09-14,11,2025-09-14T04:00:00Z,2025-09-15T04:44:27Z,84.57,84.57,False,P,0.0,432.8547619047619,0.0,0.0,84.57,0.0,540.5,-172.82857281746033,-125.0,190.0,539.7711181029599,-172.82857281746033,-125.0,189.72888189704014,2025-09-14,11
2025-09-14,12,2025-09-14T04:30:00Z,2025-09-15T05:14:24Z,87.3,87.3,False,P,0.0,257.7568047222222,0.0,0.0,87.3,0.0,540.5024193548387,-347.7931952777778,-125.0,190.0,539.5024193548387,-347.7931952777778,-125.0,190.0,2025-09-14,12
2025-09-14,13,2025-09-14T05:00:00Z,2025-09-15T05:44:23Z,83.96,83.96,False,P,0.0,100.59063073864776,0.0,0.0,83.96,0.0,542.8274194958773,-582.4701219495242,-50.0,190.0,541.8274194958773,-582.4701219495242,-50.0,190.0,2025-09-14,13
2025-09-14,14,2025-09-14T05:30:00Z,2025-09-15T06:14:42Z,112.85,112.85,False,P,0.0,15.776128012246117,0.0,0.0,112.85,1.0,548.7269345400239,-673.6279351388889,-50.0,190.0,547.7269345400239,-673.6279351388889,-50.0,190.0,2025-09-14,14
2025-09-14,15,2025-09-14T06:00:00Z,2025-09-15T06:44:35Z,64.51,64.51,False,N,0.0,-132.88452234383,0.0,0.0,,,610.7872367831541,-885.6302799603175,-50.0,191.733,610.7872367831541,-884.6302799603175,-50.0,191.733,2025-09-14,15
2025-09-14,16,2025-09-14T06:30:00Z,2025-09-15T07:14:30Z,65.96,65.96,False,N,0.0,-77.88691459937522,0.0,0.0,,,751.9958289125295,-970.2327390674603,-50.0,190.0,751.9958289125295,-969.2327390674603,-50.0,190.0,2025-09-14,16
2025-09-14,17,2025-09-14T07:00:00Z,2025-09-15T07:44:25Z,64.00761565804548,64.00761565804548,False,N,0.0,-63.78477140194321,0.0,0.0,,,866.6398167848699,-880.5551437423687,-50.0,0.0,866.6398167848699,-879.5551437423687,-50.0,,2025-09-14,17
2025-09-14,18,2025-09-14T07:30:00Z,2025-09-15T08:14:34Z,64.51,64.51,False,N,0.0,-99.77063615151515,0.0,0.0,,,902.9966345833334,-953.0789694848485,-50.0,0.0,902.9966345833334,-952.0789694848485,-50.0,,2025-09-14,18
2025-09-14,19,2025-09-14T08:00:00Z,2025-09-15T08:44:27Z,56.0,56.0,False,N,0.0,-55.540764374514374,0.0,0.0,,,645.0,-650.8224310411811,-50.0,0.0,645.0,-649.8224310411811,-50.0,,2025-09-14,19
2025-09-14,20,2025-09-14T08:30:00Z,2025-09-15T09:14:23Z,63.0,63.0,False,N,0.0,-18.00517676767677,0.0,0.0,,,646.25,-614.2551767676767,-50.0,0.0,646.25,-613.2551767676767,-50.0,,2025-09-14,20
2025-09-14,21,2025-09-14T09:00:00Z,2025-09-15T09:44:27Z,108.85,108.85,False,P,0.0,109.419634006734,0.0,0.0,,,651.2503361111111,-391.830365993266,-150.0,0.0,650.2503361111111,-391.830365993266,-150.0,,2025-09-14,21
2025-09-14,22,2025-09-14T09:30:00Z,2025-09-15T10:14:25Z,108.85,108.85,False,P,0.0,67.7834421134421,0.0,0.0,,,663.2583333333333,-445.30822455322453,-150.0,0.0,662.2583333333333,-445.30822455322453,-150.0,,2025-09-14,22
2025-09-14,23,2025-09-14T10:00:00Z,2025-09-15T10:44:23Z,108.85,108.85,False,P,0.0,13.155846893939394,0.0,0.0,,,645.0002630050506,-406.9266531060606,-225.0,0.0,644.0002630050506,-406.9266531060606,-225.0,,2025-09-14,23
2025-09-14,24,2025-09-14T10:30:00Z,2025-09-15T11:14:30Z,108.85,108.85,False,P,0.0,81.44760916305917,0.0,0.0,,,664.5454992424243,-358.27284538239536,-225.0,0.0,663.5454992424243,-358.27284538239536,-225.0,,2025-09-14,24
2025-09-14,25,2025-09-14T11:00:00Z,2025-09-15T11:44:33Z,112.85,112.85,False,P,0.0,167.25863859180035,0.0,0.0,,,657.6045454545455,-340.4884068627451,-150.0,0.0,656.6045454545455,-340.4884068627451,-150.0,,2025-09-14,25
2025-09-14,26,2025-09-14T11:30:00Z,2025-09-15T12:14:33Z,114.5,114.5,False,P,0.0,320.0401993055556,0.0,0.0,114.5,1.0,645.0000782407408,-175.23480069444443,-150.0,0.0,644.0000782407408,-175.23480069444443,-150.0,,2025-09-14,26
2025-09-14,27,2025-09-14T12:00:00Z,2025-09-15T12:44:42Z,108.85,108.85,False,P,0.0,402.78680430555556,0.0,0.0,,,855.4583333333334,-227.76250125,-225.0,0.0,854.4583333333334,-227.76250125,-225.0,,2025-09-14,27
2025-09-14,28,2025-09-14T12:30:00Z,2025-09-15T13:14:39Z,105.0,105.0,False,P,0.0,312.4138346688034,0.0,0.0,,,970.5112093981481,-433.3882486645299,-225.0,0.0,969.5112093981481,-433.3882486645299,-225.0,,2025-09-14,28
2025-09-14,29,2025-09-14T13:00:00Z,2025-09-15T13:44:39Z,99.6,99.6,False,P,0.0,304.62471001221,0.0,0.0,,,933.0,-404.06695665445665,-225.0,0.0,932.0,-404.06695665445665,-225.0,,2025-09-14,29
2025-09-14,30,2025-09-14T13:30:00Z,2025-09-15T14:14:50Z,99.5,99.5,False,P,0.0,182.1180921518351,0.0,0.0,,,933.1607141666667,-526.2092886814983,-225.0,0.0,932.1607141666667,-526.2092886814983,-225.0,,2025-09-14,30
2025-09-14,31,2025-09-14T14:00:00Z,2025-09-15T14:44:33Z,105.0,105.0,False,P,0.0,570.3283174704626,0.0,0.0,,,973.9461805689907,-178.7828051818615,-225.0,0.0,972.9461805689907,-178.7828051818615,-225.0,,2025-09-14,31
2025-09-14,32,2025-09-14T14:30:00Z,2025-09-15T15:14:27Z,118.5,118.5,False,P,0.0,547.0416666269841,0.0,0.0,,,1079.708335515873,-307.2250022222222,-225.0,0.0,1078.708335515873,-307.2250022222222,-225.0,,2025-09-14,32
2025-09-14,33,2025-09-14T15:00:00Z,2025-09-15T15:44:25Z,116.75,116.75,False,P,0.0,657.4515711111111,0.0,0.0,,,1574.1457922222223,-828.5116252777777,-150.0,61.505,1573.1457922222223,-828.5116252777777,-150.0,61.505,2025-09-14,33
2025-09-14,34,2025-09-14T15:30:00Z,2025-09-15T16:14:44Z,116.75,116.75,False,P,0.0,554.6428273887686,0.0,0.0,,,1659.2039362776575,-1089.3780682545696,-150.0,135.0,1658.2039362776575,-1089.3780682545696,-150.0,135.0,2025-09-14,34
2025-09-14,35,2025-09-14T16:00:00Z,2025-09-15T16:44:34Z,116.0,116.0,False,P,0.0,240.5624353968254,0.0,0.0,,,1707.5525078968253,-1290.564015,-275.0,98.629,1706.5525078968253,-1290.564015,-275.0,98.629,2025-09-14,35
2025-09-14,36,2025-09-14T16:30:00Z,2025-09-15T17:14:40Z,88.62,88.62,False,N,0.0,-281.08023799272485,0.0,0.0,88.62,0.0,1579.7840212665344,-1585.975157540156,-275.0,0.0,1579.7840212665344,-1585.921803010529,-274.05335452962714,,2025-09-14,36
2025-09-14,37,2025-09-14T17:00:00Z,2025-09-15T17:44:31Z,84.35,84.35,False,N,0.0,-684.4012665954416,0.0,0.0,84.35,0.0,1362.5426214601139,-1846.9776818627452,-200.0,0.0,1362.5426214601139,-1846.269908089904,-199.70777377284105,,2025-09-14,37
2025-09-14,38,2025-09-14T17:30:00Z,2025-09-15T18:14:36Z,86.32,86.32,False,N,0.0,-105.72809496642246,0.0,0.0,,,2014.0558292002443,-1923.0251312698413,-200.0,3.105,2014.0558292002443,-1923.0251312698413,-199.0,3.105,2025-09-14,38
2025-09-14,39,2025-09-14T18:00:00Z,2025-09-15T18:44:36Z,66.28,66.28,False,N,0.0,-3.382921712962963,0.0,0.0,,,2293.5878191203706,-2013.696934995579,-300.0,16.895,2293.5878191203706,-2013.696934995579,-299.0,16.895,2025-09-14,39
2025-09-14,40,2025-09-14T18:30:00Z,2025-09-15T19:14:41Z,96.99991477030598,96.99991477030598,False,P,0.0,82.09067293650794,0.0,0.0,,,2493.739655079365,-2207.0916094444447,-300.0,95.762,2493.739655079365,-2207.0916094444447,-300.0,94.762,2025-09-14,40
2025-09-14,41,2025-09-14T19:00:00Z,2025-09-15T19:44:34Z,104.0,104.0,False,P,0.0,263.7645999206349,0.0,0.0,,,2748.046347698413,-2264.3752280555555,-350.0,130.137,2747.046347698413,-2264.3752280555555,-350.0,130.137,2025-09-14,41
2025-09-14,42,2025-09-14T19:30:00Z,2025-09-15T20:14:44Z,48.98,48.98,False,N,0.0,-141.31297443108974,0.0,0.0,,,2506.6042468189103,-2297.4737423240995,-350.0,0.0,2506.6042468189103,-2297.4737423240995,-349.0,,2025-09-14,42
2025-09-14,43,2025-09-14T20:00:00Z,2025-09-15T20:44:36Z,-8.12,-8.12,False,N,0.0,-298.87078404234654,0.0,0.0,,,2051.028106652098,-2360.309570138889,-100.0,110.246,2051.028106652098,-2359.309570138889,-100.0,110.246,2025-09-14,43
2025-09-14,44,2025-09-14T20:30:00Z,2025-09-15T21:14:43Z,56.1,56.1,False,N,0.0,-135.66689812899105,0.0,0.0,56.1,0.0,1853.8551574265646,-2257.775546640175,-100.0,368.586,1853.8551574265646,-2257.149317504182,-99.62622913599284,368.586,2025-09-14,44
2025-09-14,45,2025-09-14T21:00:00Z,2025-09-15T21:44:43Z,32.61,32.61,False,P,0.0,14.725433472222223,0.0,0.0,,,1731.9609890277777,-2117.3548804166667,0.0,400.2,1730.9609890277777,-2117.3548804166667,,400.2,2025-09-14,45
2025-09-14,46,2025-09-14T21:30:00Z,2025-09-15T22:14:33Z,0.9,0.9,False,N,0.0,-172.9665928000992,0.0,0.0,0.9,1.0,1537.202907199901,-2062.429781581769,0.0,352.233,1537.202907199901,-2061.429781581769,,352.233,2025-09-14,46
2025-09-14,47,2025-09-14T22:00:00Z,2025-09-15T22:44:32Z,-9.83,-9.83,False,N,0.0,-390.0721435515873,0.0,0.0,-9.83,1.0,1163.0145238095238,-1893.5283340277779,0.0,340.0,1163.0145238095238,-1892.5283340277779,,340.0,2025-09-14,47
2025-09-14,48,2025-09-14T22:30:00Z,2025-09-15T23:14:40Z,-11.04,-11.04,False,N,0.0,-233.54977527777777,0.0,0.0,-11.04,1.0,1160.6589741666667,-1734.1639577777778,0.0,340.0,1160.6589741666667,-1733.1639577777778,,340.0,2025-09-14,48
2025-09-15,1,2025-09-14T23:00:00Z,2025-09-15T23:44:36Z,-7.109229122070777,-7.109229122070777,False,N,0.0,-114.53317930555555,0.0,0.0,-6.8925,1.0,1116.679164861111,-1570.9997255555556,0.0,340.0,1116.679164861111,-1569.9997255555556,,340.0,2025-09-15,1
2025-09-15,2,2025-09-14T23:30:00Z,2025-09-16T00:14:37Z,-7.58085418920305,-7.58085418920305,False,N,0.0,-58.28694847222222,0.0,0.0,-7.434833333333334,1.0,1083.3930555555555,-1481.9341706944444,0.0,340.0,1083.3930555555555,-1480.9341706944444,,340.0,2025-09-15,2
2025-09-15,3,2025-09-15T00:00:00Z,2025-09-16T00:44:35Z,-9.25,-9.25,False,N,0.0,-70.55555555555556,0.0,0.0,,,1083.1666666666667,-1494.013888888889,0.0,340.0,1083.1666666666667,-1493.013888888889,,340.0,2025-09-15,3
2025-09-15,4,2025-09-15T00:30:00Z,2025-09-16T01:14:37Z,0.0,0.0,False,N,0.0,-73.36570486111111,0.0,0.0,,,1083.011538888889,-1496.490704861111,0.0,340.0,1083.011538888889,-1495.490704861111,,340.0,2025-09-15,4
2025-09-15,5,2025-09-15T01:00:00Z,2025-09-16T01:44:36Z,-10.0,-10.0,False,N,0.0,-97.92057013888889,0.0,0.0,,,1083.6,-1521.68168125,0.0,340.0,1083.6,-1520.68168125,,340.0,2025-09-15,5
2025-09-15,6,2025-09-15T01:30:00Z,2025-09-16T08:01:13Z,7.88,7.88,False,P,0.0,3.845037895299145,0.0,0.0,7.88,0.0,1085.2144065491452,-1421.4688509935897,0.0,340.0,1084.2144065491452,-1421.4688509935897,,340.0,2025-09-15,6
2025-09-15,7,2025-09-15T02:00:00Z,2025-09-16T02:44:34Z,-11.35,-11.35,False,N,0.0,-189.77215635763616,0.0,0.0,,,1084.7949507848148,-1614.6616171909695,0.0,340.0,1084.7949507848148,-1613.6616171909695,,340.0,2025-09-15,7
2025-09-15,8,2025-09-15T02:30:00Z,2025-09-16T03:14:44Z,-17.48,-17.48,False,N,0.0,-206.90486444444446,0.0,0.0,,,1087.1777422222222,-1634.4506652777777,0.0,340.0,1087.1777422222222,-1633.4506652777777,,340.0,2025-09-15,8
2025-09-15,9,2025-09-15T03:00:00Z,2025-09-16T03:44:36Z,-13.14,-13.14,False,N,0.0,-230.8892538888889,0.0,0.0,,,1083.0244622222222,-1654.1319622222222,0.0,340.0,1083.0244622222222,-1653.1319622222222,,340.0,2025-09-15,9
2025-09-15,10,2025-09-15T03:30:00Z,2025-09-16T04:14:41Z,-17.48,-17.48,False,N,0.0,-231.41393959401532,0.0,0.0,,,1083.0272734299153,-1654.8139395940152,0.0,340.0,1083.0272734299153,-1653.8139395940152,,340.0,2025-09-15,10
2025-09-15,11,2025-09-15T04:00:00Z,2025-09-16T04:44:32Z,-43.72,-43.72,False,N,0.0,-598.0025334722222,0.0,0.0,,,1083.3218318055556,-2021.0857227777778,0.0,340.0,1083.3218318055556,-2020.0857227777778,,340.0,2025-09-15,11
2025-09-15,12,2025-09-15T04:30:00Z,2025-09-16T05:14:45Z,-43.72,-43.72,False,N,0.0,-547.6758316666667,0.0,0.0,,,1084.064696388889,-1971.834436388889,0.0,340.0,1084.064696388889,-1970.834436388889,,340.0,2025-09-15,12
2025-09-15,13,2025-09-15T05:00:00Z,2025-09-16T05:44:31Z,-11.35,-11.35,False,N,0.0,-294.909139375,0.0,0.0,,,1083.3472904861112,-1718.467047361111,-0.158,340.0,1083.3472904861112,-1717.467047361111,-0.158,340.0,2025-09-15,13
2025-09-15,14,2025-09-15T05:30:00Z,2025-09-16T06:14:32Z,108.9,108.9,False,P,0.0,150.24644972222222,0.0,0.0,,,1099.416672361111,-1334.615277361111,-0.171,385.705,1098.416672361111,-1334.615277361111,-0.171,385.705,2025-09-15,14
2025-09-15,15,2025-09-15T06:00:00Z,2025-09-16T06:44:33Z,100.75,100.75,False,P,0.0,523.724641095679,0.0,0.0,,,1783.7874569290123,-890.7821924382716,-500.0,130.65,1782.7874569290123,-890.7821924382716,-500.0,130.65,2025-09-15,15
2025-09-15,16,2025-09-15T06:30:00Z,2025-09-16T07:14:38Z,103.0,103.0,False,P,0.0,319.99298557043653,0.0,0.0,,,1577.06625672123,-854.6673412093686,-500.0,97.95,1576.06625672123,-854.6673412093686,-500.0,97.95,2025-09-15,16
2025-09-15,17,2025-09-15T07:00:00Z,2025-09-16T07:44:33Z,103.0,103.0,False,P,0.0,75.89185595238095,0.0,0.0,,,1390.2103003968255,-831.7731944444445,-500.0,17.261,1389.2103003968255,-831.7731944444445,-500.0,17.261,2025-09-15,17
2025-09-15,18,2025-09-15T07:30:00Z,2025-09-16T08:14:42Z,0.0,0.0,False,N,0.0,-77.10654041666666,0.0,0.0,,,1163.732700138889,-751.42019875,-500.0,11.017,1163.732700138889,-750.42019875,-500.0,11.017,2025-09-15,18
2025-09-15,19,2025-09-15T08:00:00Z,2025-09-16T08:44:50Z,28.59,28.59,False,N,0.0,-244.8763888888889,0.0,0.0,28.59,0.0,1028.173611111111,-832.3152777777777,-500.0,59.5,1028.173611111111,-831.3459054754256,-499.9693723023521,59.5,2025-09-15,19
2025-09-15,20,2025-09-15T08:30:00Z,2025-09-16T09:14:36Z,12.76,12.76,False,N,0.0,-0.5486072089947089,0.0,0.0,12.76,0.0,1128.1994947354497,-682.5993452314815,-500.0,54.267,1128.1994947354497,-682.0507380224868,-500.0,54.267,2025-09-15,20
2025-09-15,21,2025-09-15T09:00:00Z,2025-09-16T09:44:39Z,102.0,102.0,False,P,0.0,257.52451035395,0.0,0.0,,,1330.860621465061,-576.4829861111111,-500.0,3.25,1329.860621465061,-576.4829861111111,-500.0,3.25,2025-09-15,21
2025-09-15,22,2025-09-15T09:30:00Z,2025-09-16T10:14:40Z,4.27,4.27,False,N,0.0,-40.90698743386243,0.0,0.0,,,1242.2816236772487,-783.1904861111111,-500.0,0.0,1242.2816236772487,-783.1904861111111,-499.0,,2025-09-15,22
2025-09-15,23,2025-09-15T10:00:00Z,2025-09-16T10:44:51Z,8.11,8.11,False,N,0.0,-281.2209523809524,0.0,0.0,8.11,0.0,1073.877380952381,-904.29,-450.0,0.0,1073.877380952381,-904.29,-449.0,,2025-09-15,23
2025-09-15,24,2025-09-15T10:30:00Z,2025-09-16T11:14:40Z,6.76,6.76,False,N,0.0,-289.1333333333333,0.0,0.0,6.76,0.0,1001.1083333333333,-842.6666666666666,-450.0,3.15,1001.1083333333333,-842.6666666666666,-449.0,3.15,2025-09-15,24
2025-09-15,25,2025-09-15T11:00:00Z,2025-09-16T11:44:38Z,8.39,8.39,False,N,0.0,-117.45874652777778,0.0,0.0,8.39,0.0,1149.574920138889,-1016.1165836111111,-300.0,49.083,1149.574920138889,-1015.1165836111111,-300.0,49.083,2025-09-15,25
2025-09-15,26,2025-09-15T11:30:00Z,2025-09-16T12:14:45Z,-11.35,-11.35,False,N,0.0,-119.92774361111111,0.0,0.0,,,1238.2544452777777,-1072.4044272222222,-300.0,14.25,1238.2544452777777,-1071.4044272222222,-300.0,14.25,2025-09-15,26
2025-09-15,27,2025-09-15T12:00:00Z,2025-09-16T12:45:17Z,-8.38,-8.38,False,N,0.0,-57.531776194225166,0.0,0.0,,,1443.1249878353565,-1171.2732617716479,-350.0,20.5,1443.1249878353565,-1170.2732617716479,-350.0,20.5,2025-09-15,27
2025-09-15,28,2025-09-15T12:30:00Z,2025-09-16T13:14:44Z,-5.33,-5.33,False,N,0.0,-19.40673220873696,0.0,0.0,,,1635.0320662087715,-1307.057344262831,-350.0,2.283,1635.0320662087715,-1306.057344262831,-350.0,2.283,2025-09-15,28
2025-09-15,29,2025-09-15T13:00:00Z,2025-09-16T13:44:40Z,-11.35,-11.35,False,N,0.0,-79.77309258528265,0.0,0.0,,,1611.1786777542236,-1413.1389925617284,-350.0,72.2,1611.1786777542236,-1412.1389925617284,-350.0,72.2,2025-09-15,29
2025-09-15,30,2025-09-15T13:30:00Z,2025-09-16T14:14:38Z,5.0,5.0,False,N,0.0,-162.68820580409357,0.0,0.0,5.0,0.11666666666666667,1702.539238640351,-1520.827609212963,-350.0,5.367,1702.539238640351,-1519.827609212963,-350.0,5.367,2025-09-15,30
2025-09-15,31,2025-09-15T14:00:00Z,2025-09-16T14:44:40Z,3.93,3.93,False,N,0.0,-42.170139748263885,0.0,0.0,3.93,0.0,1626.8712044184028,-1393.1170274739584,-325.0,49.117,1626.8712044184028,-1392.1170274739584,-325.0,49.117,2025-09-15,31
2025-09-15,32,2025-09-15T14:30:00Z,2025-09-16T15:14:31Z,8.77,8.77,False,N,0.0,-363.02472083333333,0.0,0.0,8.77,0.0,1640.9266680555556,-1772.0180555555555,-325.0,93.23,1640.9266680555556,-1771.0180555555555,-325.0,93.23,2025-09-15,32
2025-09-15,33,2025-09-15T15:00:00Z,2025-09-16T15:44:36Z,18.42,18.42,False,N,0.0,-69.98724666666666,0.0,0.0,18.42,0.0,2351.3220311111113,-2027.6423042483684,-450.0,56.236,2351.3220311111113,-2027.599439295925,-449.04286495244327,56.236,2025-09-15,33
2025-09-15,34,2025-09-15T15:30:00Z,2025-09-16T16:14:40Z,3.91,3.91,False,N,0.0,-137.63672267857638,0.0,0.0,,,2210.350645376979,-1898.0156209325348,-450.0,0.0,2210.350645376979,-1898.0156209325348,-449.0,,2025-09-15,34
2025-09-15,35,2025-09-15T16:00:00Z,2025-09-16T16:44:34Z,0.0,0.0,False,P,0.0,63.595335455133444,0.0,0.0,,,2369.731741546403,-1754.8316782465279,-575.0,23.489,2368.731741546403,-1754.8316782465279,-575.0,23.489,2025-09-15,35
2025-09-15,36,2025-09-15T16:30:00Z,2025-09-16T17:14:31Z,115.9,115.9,False,P,0.0,281.5514518858556,0.0,0.0,,,2371.9056939607713,-1566.2177541665715,-575.0,50.844,2370.9056939607713,-1566.2177541665715,-575.0,50.844,2025-09-15,36
2025-09-15,37,2025-09-15T17:00:00Z,2025-09-16T17:44:30Z,115.9,115.9,False,P,0.0,276.0060305188637,0.0,0.0,,,2234.258252741086,-1482.8970027726716,-475.0,0.0,2233.258252741086,-1482.8970027726716,-475.0,,2025-09-15,37
2025-09-15,38,2025-09-15T17:30:00Z,2025-09-16T18:14:30Z,115.9,115.9,False,P,0.0,469.6931840023387,0.0,0.0,,,2140.7706103912274,-1283.8172175,-475.0,87.923,2139.7706103912274,-1283.8172175,-475.0,87.923,2025-09-15,38
2025-09-15,39,2025-09-15T18:00:00Z,2025-09-16T18:44:38Z,119.0,119.0,False,P,0.0,603.9669018525707,0.0,0.0,,,2167.162235185904,-1270.1214309953705,-450.0,157.0,2166.162235185904,-1270.1214309953705,-450.0,157.0,2025-09-15,39
2025-09-15,40,2025-09-15T18:30:00Z,2025-09-16T19:14:38Z,127.0,127.0,False,P,0.0,514.4808923826282,0.0,0.0,,,1990.5518646048504,-1163.8962739718452,-450.0,138.1,1989.5518646048504,-1163.8962739718452,-450.0,138.1,2025-09-15,40
2025-09-15,41,2025-09-15T19:00:00Z,2025-09-16T19:44:37Z,127.0,127.0,False,P,0.0,821.5907501495726,0.0,0.0,,,2008.540662371795,-854.6200480555556,-450.0,117.477,2007.540662371795,-854.6200480555556,-450.0,117.477,2025-09-15,41
2025-09-15,42,2025-09-15T19:30:00Z,2025-09-16T20:14:34Z,122.0,122.0,False,P,0.0,418.13999025892406,0.0,0.0,,,1628.5692017284582,-760.2055555555555,-450.0,0.0,1627.5692017284582,-760.2055555555555,-450.0,,2025-09-15,42
2025-09-15,43,2025-09-15T20:00:00Z,2025-09-16T20:44:33Z,122.0,122.0,False,P,0.0,543.9988986754882,0.0,0.0,,,1262.3105735365993,-743.4033415277778,-200.0,225.0,1261.3105735365993,-743.4033415277778,-200.0,225.0,2025-09-15,43
2025-09-15,44,2025-09-15T20:30:00Z,2025-09-16T21:14:34Z,115.9,115.9,False,P,0.0,294.86891111800384,0.0,0.0,,,1338.205022229115,-1068.2694444444444,-200.0,225.0,1337.205022229115,-1068.2694444444444,-200.0,225.0,2025-09-15,44
2025-09-15,45,2025-09-15T21:00:00Z,2025-09-16T21:44:40Z,65.87,65.87,False,P,0.0,329.52505769570706,0.0,0.0,65.87,0.0,1271.2210946401515,-1166.7623240277778,0.0,225.0,1270.2210946401515,-1166.7623240277778,,225.0,2025-09-15,45
2025-09-15,46,2025-09-15T21:30:00Z,2025-09-16T22:14:40Z,-6.45,-6.45,False,N,0.0,-203.34704984848486,0.0,0.0,,,1249.9309150126262,-1678.4468983333334,0.0,225.0,1249.9309150126262,-1677.4468983333334,,225.0,2025-09-15,46
2025-09-15,47,2025-09-15T22:00:00Z,2025-09-16T22:44:44Z,-4.6013709596488255,-4.6013709596488255,False,N,0.0,-406.5010425,0.0,0.0,,,1085.0597254166667,-1566.8093758333334,-300.0,375.0,1085.0597254166667,-1565.8093758333334,-300.0,375.0,2025-09-15,47
2025-09-15,48,2025-09-15T22:30:00Z,2025-09-16T23:14:40Z,-5.33,-5.33,False,N,0.0,-355.8845156439394,0.0,0.0,,,1085.2982143939394,-1516.2928480248918,-300.0,375.0,1085.2982143939394,-1515.2928480248918,-300.0,375.0,2025-09-15,48
2025-09-16,1,2025-09-15T23:00:00Z,2025-09-16T23:44:34Z,-11.35,-11.35,False,N,0.0,-666.7030009630647,0.0,0.0,,,1088.8399038980465,-1430.9256200106838,-700.0,375.0,1088.8399038980465,-1429.9256200106838,-700.0,375.0,2025-09-16,1
2025-09-16,2,2025-09-15T23:30:00Z,2025-09-17T00:14:42Z,-7.6,-7.6,False,N,0.0,-352.5498788888889,0.0,0.0,,,1094.5906566666667,-1122.6045455555557,-700.0,375.0,1094.5906566666667,-1122.6045455555557,-699.0,375.0,2025-09-16,2
2025-09-16,3,2025-09-16T00:00:00Z,2025-09-17T00:44:35Z,-9.67,-9.67,False,N,0.0,-427.46254833333336,0.0,0.0,,,1100.822,-1203.4720205555554,-700.0,375.0,1100.822,-1203.4720205555554,-699.0,375.0,2025-09-16,3
2025-09-16,4,2025-09-16T00:30:00Z,2025-09-17T01:14:38Z,-7.78,-7.78,False,N,0.0,-333.13812184397165,0.0,0.0,,,1114.6868794326242,-1123.2166679432623,-700.0,375.0,1114.6868794326242,-1123.2166679432623,-699.0,375.0,2025-09-16,4
2025-09-16,5,2025-09-16T01:00:00Z,2025-09-17T01:44:34Z,-17.35,-17.35,False,N,0.0,-315.67020887706855,0.0,0.0,,,1162.9381205673758,-1053.6583294444445,-800.0,375.0,1162.9381205673758,-1052.6583294444445,-800.0,375.0,2025-09-16,5
2025-09-16,6,2025-09-16T01:30:00Z,2025-09-17T02:16:16Z,-17.35,-17.35,False,N,0.0,-177.125,0.0,0.0,,,1261.125,-1013.1333333333333,-800.0,375.0,1261.125,-1012.1333333333333,-800.0,375.0,2025-09-16,6
2025-09-16,7,2025-09-16T02:00:00Z,2025-09-17T02:44:37Z,-17.35,-17.35,False,N,0.0,-408.6697473611111,0.0,0.0,,,1239.6833334722223,-1073.1061111111112,-950.0,375.0,1239.6833334722223,-1072.1061111111112,-950.0,375.0,2025-09-16,7
2025-09-16,8,2025-09-16T02:30:00Z,2025-09-17T03:14:39Z,-17.35,-17.35,False,N,0.0,-320.21510666666666,0.0,0.0,,,1383.7747002777778,-1128.951927361111,-950.0,375.0,1383.7747002777778,-1127.951927361111,-950.0,375.0,2025-09-16,8
2025-09-16,9,2025-09-16T03:00:00Z,2025-09-17T03:44:33Z,-14.19,-14.19,False,N,0.0,-53.697777916666666,0.0,0.0,,,1487.6861072222223,-1066.3033295833334,-850.0,375.0,1487.6861072222223,-1066.3033295833334,-849.0,375.0,2025-09-16,9
2025-09-16,10,2025-09-16T03:30:00Z,2025-09-17T04:14:32Z,-14.19,-14.19,False,N,0.0,-89.88351814814814,0.0,0.0,,,1481.2647227314815,-1095.8687440277777,-850.0,375.0,1481.2647227314815,-1095.8687440277777,-849.0,375.0,2025-09-16,10
2025-09-16,11,2025-09-16T04:00:00Z,2025-09-17T04:44:30Z,0.88,0.88,False,N,0.0,-28.102087222222224,0.0,0.0,,,1208.875,-1212.0104205555556,-400.0,375.0,1208.875,-1212.0104205555556,-399.0,375.0,2025-09-16,11
2025-09-16,12,2025-09-16T04:30:00Z,2025-09-17T05:14:34Z,-11.35,-11.35,False,N,0.0,-257.1094448611111,0.0,0.0,,,1191.7791666666667,-1423.83333375,-400.0,375.0,1191.7791666666667,-1422.83333375,-400.0,375.0,2025-09-16,12
2025-09-16,13,2025-09-16T05:00:00Z,2025-09-17T05:44:30Z,24.73,24.73,False,N,0.0,-47.14047619047619,0.0,0.0,,,1015.7202478532397,-1437.475,0.0,375.0,1015.7202478532397,-1436.475,,375.0,2025-09-16,13
2025-09-16,14,2025-09-16T05:30:00Z,2025-09-17T06:14:31Z,24.73,24.73,False,N,0.0,-19.4499385486599,0.0,0.0,,,1159.5579168680067,-1554.415414265873,0.0,375.0,1159.5579168680067,-1553.415414265873,,375.0,2025-09-16,14
2025-09-16,15,2025-09-16T06:00:00Z,2025-09-17T06:44:41Z,31.44,31.44,False,N,0.0,-341.06848591833636,0.0,0.0,31.44,0.0,1628.129984260235,-1701.3552469444444,-450.0,182.602,1628.129984260235,-1700.3552469444444,-450.0,182.602,2025-09-16,15
2025-09-16,16,2025-09-16T06:30:00Z,2025-09-17T07:14:38Z,105.0,105.0,False,P,0.0,101.12031102623516,0.0,0.0,,,2187.1045992320005,-1889.580027219645,-450.0,253.989,2186.1045992320005,-1889.580027219645,-450.0,253.989,2025-09-16,16
2025-09-16,17,2025-09-16T07:00:00Z,2025-09-17T07:44:36Z,63.34,63.34,False,P,0.0,30.87163683388426,0.0,0.0,,,2330.8309701672174,-1832.194873336155,-475.0,7.259,2329.8309701672174,-1832.194873336155,-475.0,7.259,2025-09-16,17
2025-09-16,18,2025-09-16T07:30:00Z,2025-09-17T08:14:38Z,48.05,48.05,False,P,0.0,6.980904772079772,0.0,0.0,,,2313.0043551887466,-1870.0881879166666,-475.0,38.95,2312.0043551887466,-1870.0881879166666,-475.0,38.95,2025-09-16,18
2025-09-16,19,2025-09-16T08:00:00Z,2025-09-17T08:44:31Z,-17.35,-17.35,False,N,0.0,-318.18820555555556,0.0,0.0,,,1821.349276111111,-1744.1496332539682,-475.0,80.117,1821.349276111111,-1743.1496332539682,-475.0,80.117,2025-09-16,19
2025-09-16,20,2025-09-16T08:30:00Z,2025-09-17T09:14:33Z,-13.767373191489083,-13.767373191489083,False,N,0.0,-414.35662083333335,0.0,0.0,-13.406,1.0,1805.4810786111111,-1744.6721731578948,-475.0,0.0,1805.4810786111111,-1744.0073447772486,-474.6648283806461,,2025-09-16,20
2025-09-16,21,2025-09-16T09:00:00Z,2025-09-17T09:44:36Z,-9.290044444444444,-9.290044444444444,False,N,0.0,-186.99419157407408,0.0,0.0,,,2045.6891417592592,-1798.4484014814814,-450.0,15.9,2045.6891417592592,-1798.4484014814814,-449.0,15.9,2025-09-16,21
2025-09-16,22,2025-09-16T09:30:00Z,2025-09-17T10:14:46Z,7.67,7.67,False,N,0.0,-315.3176303929271,0.0,0.0,7.67,0.0,1951.6567129404064,-1816.8936731735607,-450.0,0.0,1951.6567129404064,-1816.8096309334646,-449.08404224009604,,2025-09-16,22
2025-09-16,23,2025-09-16T10:00:00Z,2025-09-17T10:44:42Z,-11.64,-11.64,False,N,0.0,-305.00263664141414,0.0,0.0,,,2011.2140300252524,-1816.0636233531745,-500.0,0.0,2011.2140300252524,-1816.0636233531745,-499.0,,2025-09-16,23
2025-09-16,24,2025-09-16T10:30:00Z,2025-09-17T11:14:39Z,3.16,3.16,False,N,0.0,-21.029334239631336,0.0,0.0,3.16,0.0,2277.284094232591,-1798.3710426157454,-500.0,0.0,2277.284094232591,-1797.3710426157454,-500.0,,2025-09-16,24
2025-09-16,25,2025-09-16T11:00:00Z,2025-09-17T11:44:37Z,-2.53,-2.53,False,N,0.0,-94.46961400793651,0.0,0.0,,,2271.846390436508,-1863.2540461111112,-525.0,22.267,2271.846390436508,-1863.2540461111112,-524.0,22.267,2025-09-16,25
2025-09-16,26,2025-09-16T11:30:00Z,2025-09-17T12:14:42Z,9.72,9.72,False,N,0.0,-85.67852019423559,0.0,0.0,9.72,0.0,2315.8884798057643,-1895.8517170760233,-525.0,19.333,2315.8884798057643,-1895.8517170760233,-524.0,19.333,2025-09-16,26
2025-09-16,27,2025-09-16T12:00:00Z,2025-09-17T12:45:06Z,62.0,62.0,False,P,0.0,185.5765137037037,0.0,0.0,,,2347.552102989418,-1862.6276649338624,-375.0,74.717,2346.552102989418,-1862.6276649338624,-375.0,74.717,2025-09-16,27
2025-09-16,28,2025-09-16T12:30:00Z,2025-09-17T13:14:42Z,42.92,42.92,False,P,0.0,26.498474629053202,0.0,0.0,,,2162.250405690561,-1804.1940663916193,-375.0,43.717,2161.250405690561,-1804.1940663916193,-375.0,43.717,2025-09-16,28
2025-09-16,29,2025-09-16T13:00:00Z,2025-09-17T13:44:44Z,7.75,7.75,False,N,0.0,-186.56152157970197,0.0,0.0,7.75,1.0,1729.4449466147425,-1671.116887309187,-250.0,5.05,1729.4449466147425,-1670.2319058964245,-249.88498141276258,5.05,2025-09-16,29
2025-09-16,30,2025-09-16T13:30:00Z,2025-09-17T14:14:40Z,13.37,13.37,False,N,0.0,-404.74444057415104,0.0,0.0,13.37,0.0,1567.4619938702933,-1722.2176440001044,-250.0,0.0,1567.4619938702933,-1721.7882990046464,-249.4293449954581,,2025-09-16,30
2025-09-16,31,2025-09-16T14:00:00Z,2025-09-17T14:44:40Z,26.57,26.57,False,N,0.0,-429.39953524074076,0.0,0.0,26.57,0.0,1474.635742537037,-1579.0803171997354,-325.0,0.0,1474.635742537037,-1578.0803171997354,-325.0,,2025-09-16,31
2025-09-16,32,2025-09-16T14:30:00Z,2025-09-17T15:14:33Z,84.15,84.15,False,N,0.0,-630.7351109715106,0.0,0.0,84.15,0.31547569444444445,1261.2230127784894,-1566.99362875,-325.0,0.0,1261.2230127784894,-1565.99362875,-325.0,,2025-09-16,32
2025-09-16,33,2025-09-16T15:00:00Z,2025-09-17T15:44:30Z,43.72,43.72,False,N,0.0,-610.5268791602663,0.0,0.0,43.72,0.0,1337.6908986175115,-1548.2344444444445,-400.0,0.0,1337.6908986175115,-1547.8896162536696,-399.3448281907749,,2025-09-16,33
2025-09-16,34,2025-09-16T15:30:00Z,2025-09-17T16:14:46Z,60.84,60.84,False,N,0.0,-422.7878342064841,0.0,0.0,60.84,0.0,1433.0210546824048,-1455.7134724154087,-400.0,0.0,1433.0210546824048,-1455.6595734326027,-399.053898982806,,2025-09-16,34
2025-09-16,35,2025-09-16T16:00:00Z,2025-09-17T16:44:30Z,53.9,53.9,False,N,0.0,-894.0641358553792,0.0,0.0,53.9,1.0,1139.0984197001765,-1660.793888888889,-375.0,2.323,1139.0984197001765,-1660.2505159340787,-374.54337295481,2.323,2025-09-16,35
2025-09-16,36,2025-09-16T16:30:00Z,2025-09-17T17:14:33Z,32.0,32.0,False,N,0.0,-588.9350931846415,0.0,0.0,32.0,1.0,1201.7485179264697,-1542.8482118055556,-375.0,127.0,1201.7485179264697,-1541.8482118055556,-375.0,127.0,2025-09-16,36
2025-09-16,37,2025-09-16T17:00:00Z,2025-09-17T17:44:25Z,52.05,52.05,False,N,0.0,-277.0809375992063,0.0,0.0,52.05,1.0,1208.0360385912697,-1365.6948365277779,-250.0,130.841,1208.0360385912697,-1365.5944253403677,-249.10041118741006,130.841,2025-09-16,37
2025-09-16,38,2025-09-16T17:30:00Z,2025-09-17T18:14:32Z,120.0,120.0,False,P,0.0006,308.14254489557226,0.0,0.0,,,1711.1731178122388,-1319.4375412730492,-250.0,166.5,1710.1731178122388,-1319.4375412730492,-250.0,166.5,2025-09-16,38
2025-09-16,39,2025-09-16T18:00:00Z,2025-09-17T18:44:33Z,122.0,122.0,False,P,0.0012,133.597743234543,0.0,0.0,,,1500.641322115005,-1268.0567437776888,-225.0,126.226,1499.641322115005,-1268.0567437776888,-225.0,126.226,2025-09-16,39
2025-09-16,40,2025-09-16T18:30:00Z,2025-09-17T19:14:31Z,114.0,114.0,False,P,0.0024,47.13634686868687,0.0,0.0,,,1213.852249090909,-1127.8402355555556,-225.0,186.091,1213.852249090909,-1127.8402355555556,-225.0,185.091,2025-09-16,40
2025-09-16,41,2025-09-16T19:00:00Z,2025-09-17T19:44:34Z,91.37,91.37,False,N,0.003,-160.9680303030303,0.0,0.0,,,877.3369696969697,-981.9083333333333,-200.0,143.62,877.3369696969697,-981.9083333333333,-199.0,143.62,2025-09-16,41
2025-09-16,42,2025-09-16T19:30:00Z,2025-09-17T20:14:32Z,59.00201251815274,59.00201251815274,False,N,0.0006,-163.51000916666666,0.0,0.0,59.0446425,1.0,931.5472222222222,-895.2988980555556,-200.0,0.0,931.5472222222222,-894.2988980555556,-200.0,,2025-09-16,42
2025-09-16,43,2025-09-16T20:00:00Z,2025-09-17T20:44:31Z,60.0,60.0,False,N,0.0006,-372.1067037972085,0.0,0.0,,,636.2756785440613,-783.3823823412698,-225.0,0.0,636.2756785440613,-782.3823823412698,-225.0,,2025-09-16,43
2025-09-16,44,2025-09-16T20:30:00Z,2025-09-17T21:14:32Z,60.5,60.5,False,N,0.0,-364.59382738966013,0.0,0.0,,,688.3543103448276,-827.9731377344878,-225.0,0.0,688.3543103448276,-826.9731377344878,-225.0,,2025-09-16,44
2025-09-16,45,2025-09-16T21:00:00Z,2025-09-17T21:44:36Z,111.0,111.0,False,P,0.0,14.383362709595959,0.0,0.0,,,974.7823799444444,-735.5825085143395,-225.0,0.0,973.7823799444444,-735.5825085143395,-225.0,,2025-09-16,45
2025-09-16,46,2025-09-16T21:30:00Z,2025-09-17T22:14:30Z,74.45,74.45,False,N,0.0,-40.294526936026934,0.0,0.0,,,977.8324830176767,-793.3159043981482,-225.0,0.0,977.8324830176767,-793.3159043981482,-224.0,,2025-09-16,46
2025-09-16,47,2025-09-16T22:00:00Z,2025-09-17T22:44:31Z,104.0,104.0,False,P,0.0,138.58322156565657,0.0,0.0,,,1168.2865551767677,-779.8341016666667,-250.0,0.0,1167.2865551767677,-779.8341016666667,-250.0,,2025-09-16,47
2025-09-16,48,2025-09-16T22:30:00Z,2025-09-17T23:14:33Z,85.68,85.68,False,P,0.0,100.53353994708995,0.0,0.0,85.68,0.0,1154.0359805555556,-803.7416683862434,-250.0,0.0,1153.0359805555556,-803.7416683862434,-250.0,,2025-09-16,48
2025-09-17,1,2025-09-16T23:00:00Z,2025-09-17T23:44:26Z,76.01,76.01,False,P,0.0,117.34204268097643,0.0,0.0,76.01,0.0,1154.0009288383837,-561.9416695412458,-475.0,0.0,1153.0009288383837,-561.9416695412458,-475.0,,2025-09-17,1
2025-09-17,2,2025-09-16T23:30:00Z,2025-09-18T00:14:40Z,74.24,74.24,False,P,0.0,54.02894694444444,0.0,0.0,74.24,0.0,1084.237724861111,-555.3127197222223,-475.0,0.0,1083.237724861111,-555.3127197222223,-475.0,,2025-09-17,2
2025-09-17,3,2025-09-17T00:00:00Z,2025-09-18T00:44:38Z,69.31,69.31,False,P,0.0,151.5833326388889,0.0,0.0,69.31,0.0,986.5,-235.0416673611111,-600.0,0.0,985.5,-235.0416673611111,-600.0,,2025-09-17,3
2025-09-17,4,2025-09-17T00:30:00Z,2025-09-18T01:14:36Z,68.11,68.11,False,P,0.0,120.66666666666667,0.0,0.0,68.11,0.0,986.50000125,-265.9166666666667,-600.0,0.0,985.50000125,-265.9166666666667,-600.0,,2025-09-17,4
2025-09-17,5,2025-09-17T01:00:00Z,2025-09-18T01:44:32Z,69.23,69.23,False,P,0.0,255.91333333333333,0.0,0.0,69.23,0.0,987.2666686111111,-206.66166666666666,-525.0,0.0,986.2666686111111,-206.66166666666666,-525.0,,2025-09-17,5
2025-09-17,6,2025-09-17T01:30:00Z,2025-09-18T02:15:39Z,68.92,68.92,False,P,0.0,205.35761875,0.0,0.0,68.92,0.0,1036.4166666666667,-306.11333680555555,-525.0,0.0,1035.4166666666667,-306.11333680555555,-525.0,,2025-09-17,6
2025-09-17,7,2025-09-17T02:00:00Z,2025-09-18T02:44:32Z,102.95,102.95,False,P,0.0,181.8798451388889,0.0,0.0,,,1078.371524861111,-396.71318958333336,-500.0,0.0,1077.371524861111,-396.71318958333336,-500.0,,2025-09-17,7
2025-09-17,8,2025-09-17T02:30:00Z,2025-09-18T03:14:46Z,50.5,50.5,False,N,0.0,-66.9677538888889,0.0,0.0,,,1081.3591427777778,-648.3959483333333,-500.0,0.0,1081.3591427777778,-647.3959483333333,-500.0,,2025-09-17,8
2025-09-17,9,2025-09-17T03:00:00Z,2025-09-18T03:44:31Z,50.12,50.12,False,N,0.0,-7.027772638888889,0.0,0.0,,,1128.888888888889,-636.0749948611111,-500.0,0.0,1128.888888888889,-635.0749948611111,-500.0,,2025-09-17,9
2025-09-17,10,2025-09-17T03:30:00Z,2025-09-18T04:14:37Z,48.54,48.54,False,N,0.0,-32.62020486111111,0.0,0.0,,,1121.6841327777777,-654.3924690277778,-500.0,0.0,1121.6841327777777,-653.3924690277778,-500.0,,2025-09-17,10
2025-09-17,11,2025-09-17T04:00:00Z,2025-09-18T04:44:45Z,47.9,47.9,False,N,0.0,-161.11200930555555,0.0,0.0,,,999.9919658333333,-911.1900193055556,-250.0,0.0,999.9919658333333,-911.1900193055556,-249.0,,2025-09-17,11
2025-09-17,12,2025-09-17T04:30:00Z,2025-09-18T05:14:29Z,42.23,42.23,False,N,0.0,-310.74259195949645,0.0,0.0,,,789.8500113333333,-850.8787405706075,-250.0,0.0,789.8500113333333,-850.8787405706075,-249.0,,2025-09-17,12
2025-09-17,13,2025-09-17T05:00:00Z,2025-09-18T05:44:34Z,102.32000042401862,102.32000042401862,False,P,0.0,12.00430580775105,0.0,0.0,,,685.2183352528607,-673.4590313262696,0.0,0.0,684.2183352528607,-673.4590313262696,,,2025-09-17,13
2025-09-17,14,2025-09-17T05:30:00Z,2025-09-18T06:14:43Z,114.98694587286826,114.98694587286826,False,P,0.0,194.39011809398332,0.0,0.0,114.49825,1.0,535.0030797101449,-340.5814407828283,0.0,0.0,534.0030797101449,-340.5814407828283,,,2025-09-17,14
2025-09-17,15,2025-09-17T06:00:00Z,2025-09-18T06:44:43Z,113.75,113.75,False,P,0.0,416.54155555555553,0.0,0.0,,,618.7705555555556,-270.4916666666667,0.0,68.131,617.7705555555556,-270.4916666666667,,68.131,2025-09-17,15
2025-09-17,16,2025-09-17T06:30:00Z,2025-09-18T07:14:38Z,121.0,121.0,False,P,0.0,938.2527744444444,0.0,0.0,,,1110.7710319444445,-469.4115908333333,0.0,297.0,1110.7710319444445,-469.4115908333333,,296.0,2025-09-17,16
2025-09-17,17,2025-09-17T07:00:00Z,2025-09-18T07:44:38Z,123.5,123.5,False,P,0.0,745.8074894444444,0.0,0.0,,,1092.966933888889,-414.2006838888889,-125.0,191.975,1092.966933888889,-414.2006838888889,-125.0,190.975,2025-09-17,17
2025-09-17,18,2025-09-17T07:30:00Z,2025-09-18T08:14:33Z,115.0,115.0,False,P,0.0,630.9710255140693,0.0,0.0,,,1071.8079902362915,-363.61253055555557,-125.0,47.827,1071.539519639883,-363.61253055555557,-125.0,47.09547059640835,2025-09-17,18
2025-09-17,19,2025-09-17T08:00:00Z,2025-09-18T08:44:32Z,110.0,110.0,False,P,0.0,251.03422672077923,0.0,0.0,,,1053.4210154707791,-552.4821818055556,-250.0,0.0,1052.4210154707791,-552.4821818055556,-250.0,,2025-09-17,19
2025-09-17,20,2025-09-17T08:30:00Z,2025-09-18T09:14:31Z,98.1602787456446,98.1602787456446,False,P,0.0,0.07146907828282828,0.0,0.0,,,1047.9449138888888,-856.9649452525252,-250.0,59.233,1047.9449138888888,-856.9649452525252,-250.0,59.16153092171717,2025-09-17,20
2025-09-17,21,2025-09-17T09:00:00Z,2025-09-18T09:44:42Z,34.53,34.53,False,N,0.0,-177.384625859961,0.0,0.0,,,1079.850408988524,-986.0359616932943,-350.0,78.917,1079.850408988524,-985.0359616932943,-350.0,78.917,2025-09-17,21
2025-09-17,22,2025-09-17T09:30:00Z,2025-09-18T10:14:31Z,31.36,31.36,False,N,0.0,-292.78108671984114,0.0,0.0,,,1326.5912889489634,-1329.399256767572,-350.0,60.25,1326.5912889489634,-1329.399256767572,-349.0,60.25,2025-09-17,22
2025-09-17,23,2025-09-17T10:00:00Z,2025-09-18T10:44:33Z,22.91,22.91,False,N,0.0,-66.27147285353536,0.0,0.0,,,1788.1119618686869,-1565.7565680035395,-400.0,111.424,1788.1119618686869,-1564.7565680035395,-400.0,111.424,2025-09-17,23
2025-09-17,24,2025-09-17T10:30:00Z,2025-09-18T11:14:33Z,34.33,34.33,False,N,0.0,-108.43438017857143,0.0,0.0,34.33,0.0,1718.0368884325396,-1467.9329616666666,-400.0,40.992,1718.0368884325396,-1467.4804606555863,-399.4525010110803,40.992,2025-09-17,24
2025-09-17,25,2025-09-17T11:00:00Z,2025-09-18T11:44:38Z,18.44,18.44,False,N,0.0,-69.93004508333334,0.0,0.0,,,1737.499689951389,-1505.4177554874361,-350.0,47.983,1737.499689951389,-1505.4177554874361,-349.0,47.983,2025-09-17,25
2025-09-17,26,2025-09-17T11:30:00Z,2025-09-18T12:14:32Z,31.94,31.94,False,N,0.0,-249.4052074537037,0.0,0.0,31.94,0.0,1760.5763481018519,-1672.6441262962962,-350.0,13.039,1760.5763481018519,-1672.5522869650829,-349.09183933121346,13.039,2025-09-17,26
2025-09-17,27,2025-09-17T12:00:00Z,2025-09-18T12:46:27Z,30.91,30.91,False,N,0.0,-49.32342053921569,0.0,0.0,30.91,0.0,1929.4356905718955,-1580.15023125,-450.0,51.327,1929.4356905718955,-1580.15023125,-449.0,51.327,2025-09-17,27
2025-09-17,28,2025-09-17T12:30:00Z,2025-09-18T13:14:31Z,4.0,4.0,False,N,0.0,-351.86795983776847,0.0,0.0,,,1710.8995987336602,-1612.572946825397,-450.0,0.0,1710.8995987336602,-1612.572946825397,-449.0,,2025-09-17,28
2025-09-17,29,2025-09-17T13:00:00Z,2025-09-18T13:44:41Z,-1.0,-1.0,False,N,0.0,-484.1220288103411,0.0,0.0,,,1581.0595808821192,-1615.6031447528014,-450.0,0.0,1581.0595808821192,-1614.6031447528014,-450.0,,2025-09-17,29
2025-09-17,30,2025-09-17T13:30:00Z,2025-09-18T14:14:32Z,21.49,21.49,False,N,0.0,-499.17047990994155,0.0,0.0,21.49,0.0,1455.1239645345029,-1504.3128074730994,-450.0,0.0,1455.1239645345029,-1504.0740704389475,-449.238737034152,,2025-09-17,30
2025-09-17,31,2025-09-17T14:00:00Z,2025-09-18T14:44:27Z,29.55,29.55,False,N,0.0,-455.99119061949744,0.0,0.0,29.55,0.0,1215.8143649360582,-1671.7483085620916,0.0,0.0,1215.8143649360582,-1670.7483085620916,,,2025-09-17,31
2025-09-17,32,2025-09-17T14:30:00Z,2025-09-18T15:14:39Z,35.08,35.08,False,N,0.0,-569.3643144243622,0.0,0.0,35.08,0.0,1269.3423522423045,-1838.6319107539682,0.0,0.0,1269.3423522423045,-1837.6319107539682,,,2025-09-17,32
2025-09-17,33,2025-09-17T15:00:00Z,2025-09-18T15:44:43Z,33.27,33.27,False,N,0.0,-864.6457754761905,0.0,0.0,33.27,0.0,1284.8361927777778,-1850.0073832539683,-300.0,0.717,1284.8361927777778,-1849.354346147339,-299.65303710662926,0.717,2025-09-17,33
2025-09-17,34,2025-09-17T15:30:00Z,2025-09-18T16:14:32Z,42.92,42.92,False,N,0.0,-621.172651590346,0.0,0.0,42.92,0.0,1430.6751579491488,-1756.9876087919922,-300.0,5.206,1430.6751579491488,-1756.4705663066734,-299.5170424853188,5.206,2025-09-17,34
2025-09-17,35,2025-09-17T16:00:00Z,2025-09-18T16:44:31Z,62.08,62.08,False,N,0.0,-180.78316666666666,0.0,0.0,62.08,0.0,1848.4958333333334,-1768.1166666666666,-300.0,39.196,1848.4958333333334,-1768.1166666666666,-299.0,39.196,2025-09-17,35
2025-09-17,36,2025-09-17T16:30:00Z,2025-09-18T17:14:37Z,90.38690518006038,90.38690518006038,False,N,0.0,-35.47902215740741,0.0,0.0,90.62833333333333,1.0,1983.011311175926,-1734.1168667314814,-311.44,27.233,1983.011311175926,-1733.2835333981482,-311.2733333333333,27.233,2025-09-17,36
2025-09-17,37,2025-09-17T17:00:00Z,2025-09-18T17:44:29Z,48.54,48.54,False,N,0.0,-37.288465303135744,0.0,0.0,,,1915.2346871968643,-2022.7011394455021,-11.44,81.172,1915.2346871968643,-2021.7011394455021,-11.44,81.172,2025-09-17,37
2025-09-17,38,2025-09-17T17:30:00Z,2025-09-18T18:14:38Z,88.78,88.78,False,N,0.0,-115.52898072751323,0.0,0.0,88.78,0.0,2012.5295658170996,-2201.7768650916214,-11.44,85.174,2012.5295658170996,-2200.7768650916214,-11.44,85.174,2025-09-17,38
2025-09-17,39,2025-09-17T18:00:00Z,2025-09-18T18:44:39Z,113.8,113.8,False,P,0.0,143.03926233516484,0.0,0.0,,,2132.5429530041033,-2184.6620767628206,-11.44,207.0,2131.5429530041033,-2184.6620767628206,-11.44,207.0,2025-09-17,39
2025-09-17,40,2025-09-17T18:30:00Z,2025-09-18T19:14:37Z,113.8,113.8,False,P,0.0,161.14376509920635,0.0,0.0,,,2192.4285585714288,-2197.4415514102566,-11.44,177.667,2191.4285585714288,-2197.4415514102566,-11.44,177.667,2025-09-17,40
2025-09-17,41,2025-09-17T19:00:00Z,2025-09-18T19:44:36Z,110.0,110.0,False,P,0.0,167.83334566468255,0.0,0.0,,,2198.68030469246,-2185.79332686807,-11.44,166.5,2198.648046627944,-2185.79332686807,-11.44,165.53225806451613,2025-09-17,41
2025-09-17,42,2025-09-17T19:30:00Z,2025-09-18T20:14:33Z,106.0,106.0,False,P,0.0,200.42707966588858,0.0,0.0,,,2203.157683951603,-2153.632938093599,-11.44,162.409,2202.157683951603,-2153.632938093599,-11.44,162.409,2025-09-17,42
2025-09-17,43,2025-09-17T20:00:00Z,2025-09-18T20:44:34Z,111.0,111.0,False,P,0.0,320.5125977124183,0.0,0.0,,,2467.607042156863,-2272.156318803419,-11.44,136.5,2467.607042156863,-2272.156318803419,-11.44,135.5,2025-09-17,43
2025-09-17,44,2025-09-17T20:30:00Z,2025-09-18T21:14:40Z,106.0,106.0,False,P,0.0,9.255379651960784,0.0,0.0,,,2285.4697129852943,-2320.4857095784314,-11.44,56.244,2284.4697129852943,-2320.4857095784314,-11.44,56.244,2025-09-17,44
2025-09-17,45,2025-09-17T21:00:00Z,2025-09-18T21:44:43Z,50.63,50.63,False,N,0.0,-56.75555555555555,0.0,0.0,50.63,0.0,2521.8830555555555,-2567.0594444444446,-11.44,0.0,2521.8830555555555,-2566.0594444444446,-11.44,,2025-09-17,45
2025-09-17,46,2025-09-17T21:30:00Z,2025-09-18T22:14:38Z,15.0,15.0,False,N,0.0,-58.448542783873215,0.0,0.0,15.0,1.0,2587.47479054946,-2634.2712051262624,-11.44,0.0,2587.47479054946,-2633.2712051262624,-11.44,,2025-09-17,46
2025-09-17,47,2025-09-17T22:00:00Z,2025-09-18T22:44:35Z,1.62,1.62,False,N,0.0,-200.26011480363985,0.0,0.0,1.62,1.0,2343.979885057471,-2532.6583331944444,-11.44,0.0,2343.979885057471,-2531.6583331944444,-11.44,,2025-09-17,47
2025-09-17,48,2025-09-17T22:30:00Z,2025-09-18T23:14:35Z,90.0,90.0,False,P,0.0,56.35338948686371,0.0,0.0,,,2437.608389486864,-2369.2950219444447,-11.44,0.0,2436.608389486864,-2369.2950219444447,-11.44,,2025-09-17,48
2025-09-18,1,2025-09-17T23:00:00Z,2025-09-18T23:44:30Z,90.0,90.0,False,P,0.0,85.92136031746031,0.0,0.0,,,2397.0943964285716,-2299.458648935185,-11.44,0.0,2396.0943964285716,-2299.458648935185,-11.44,,2025-09-18,1
2025-09-18,2,2025-09-17T23:30:00Z,2025-09-19T00:14:30Z,22.78,22.78,False,N,0.0,-169.51412174437831,0.0,0.0,22.78,0.0,2117.5326960333996,-2275.3591339699074,-11.44,0.0,2117.5326960333996,-2274.3591339699074,-11.44,,2025-09-18,2
2025-09-18,3,2025-09-18T00:00:00Z,2025-09-19T00:44:42Z,21.3,21.3,False,N,0.0,-53.630476944444446,0.0,0.0,21.3,0.0,2344.5761897222224,-2387.0231330555557,-11.44,0.0,2344.5761897222224,-2386.0231330555557,-11.44,,2025-09-18,3
2025-09-18,4,2025-09-18T00:30:00Z,2025-09-19T01:14:47Z,75.57,75.57,False,P,0.0,173.9283951388889,0.0,0.0,,,2512.3731570833334,-2327.010654722222,-11.44,0.0,2511.3731570833334,-2327.010654722222,-11.44,,2025-09-18,4
2025-09-18,5,2025-09-18T01:00:00Z,2025-09-19T01:44:35Z,99.7,99.7,False,P,0.0,76.365,0.0,0.0,,,2374.18,-2286.133334166667,-11.44,0.0,2373.18,-2286.133334166667,-11.44,,2025-09-18,5
2025-09-18,6,2025-09-18T01:30:00Z,2025-09-19T02:15:10Z,74.96271722169098,74.96271722169098,False,P,0.0,159.32559680555556,0.0,0.0,,,2509.38017625,-2338.455173472222,-11.44,0.0,2508.38017625,-2338.455173472222,-11.44,,2025-09-18,6
2025-09-18,7,2025-09-18T02:00:00Z,2025-09-19T02:44:38Z,20.0,20.0,False,N,0.0,-88.25947486111112,0.0,0.0,20.0,1.0,2367.85262,-2444.6190080555557,-11.44,0.0,2367.85262,-2443.6190080555557,-11.44,,2025-09-18,7
2025-09-18,8,2025-09-18T02:30:00Z,2025-09-19T03:14:34Z,13.017416411869466,13.017416411869466,False,N,0.0,-22.058556453703705,0.0,0.0,14.226,1.0,2322.4154435462965,-2466.335588588384,-11.44,133.191,2322.4154435462965,-2465.335588588384,-11.44,133.191,2025-09-18,8
2025-09-18,9,2025-09-18T03:00:00Z,2025-09-19T03:44:36Z,26.88,26.88,False,N,0.0,-43.219152866161615,0.0,0.0,26.88,0.0,2473.4891368560607,-2523.950373257576,-11.44,18.943,2473.4891368560607,-2522.950373257576,-11.44,18.943,2025-09-18,9
2025-09-18,10,2025-09-18T03:30:00Z,2025-09-19T04:14:32Z,30.97,30.97,False,N,0.0,-229.0979881111111,0.0,0.0,30.97,0.0,2380.933400777778,-2598.493400777778,-11.44,0.0,2380.933400777778,-2597.493400777778,-11.44,,2025-09-18,10
2025-09-18,11,2025-09-18T04:00:00Z,2025-09-19T04:44:35Z,42.86,42.86,False,N,0.0,-186.8586911111111,0.0,0.0,42.86,0.0,2496.482071111111,-2878.3987336111113,-11.44,206.654,2496.482071111111,-2877.3987336111113,-11.44,206.654,2025-09-18,11
2025-09-18,12,2025-09-18T04:30:00Z,2025-09-19T05:14:36Z,95.0,95.0,False,P,0.0,48.19572930555555,0.0,0.0,,,2688.783062638889,-2880.658065416667,-11.44,251.561,2687.783062638889,-2880.658065416667,-11.44,251.561,2025-09-18,12
2025-09-18,13,2025-09-18T05:00:00Z,2025-09-19T05:44:32Z,106.99976894639556,106.99976894639556,False,P,0.0,183.05703589514653,0.0,0.0,,,2895.5741073237177,-2829.2480950606423,-11.44,128.449,2895.5741073237177,-2829.2480950606423,-11.44,127.449,2025-09-18,13
2025-09-18,14,2025-09-18T05:30:00Z,2025-09-19T06:14:34Z,103.0,103.0,False,P,0.0,267.75013295635813,0.0,0.0,,,3068.457530266398,-2798.4752048214286,-11.44,9.52,3067.457530266398,-2798.4752048214286,-11.44,9.52,2025-09-18,14
2025-09-18,15,2025-09-18T06:00:00Z,2025-09-19T06:44:28Z,106.0,106.0,False,P,0.0,222.34920463064714,0.0,0.0,,,3018.2462726862027,-2785.0148897619047,-53.475,42.677,3017.2610045659903,-2785.0148897619047,-53.475,42.66226812021214,2025-09-18,15
2025-09-18,16,2025-09-18T06:30:00Z,2025-09-19T07:14:32Z,112.5,112.5,False,P,0.0,693.8575799440374,0.0,0.0,,,3357.934718832926,-2783.833758539886,-53.485,173.258,3356.934718832926,-2783.833758539886,-53.485,173.258,2025-09-18,16
2025-09-18,17,2025-09-18T07:00:00Z,2025-09-19T07:44:43Z,106.0,106.0,False,P,0.0,72.54812588401303,0.0,0.0,,,2723.5117673263208,-2703.6880805931632,-175.975,228.938,2723.5117673263208,-2703.6880805931632,-175.975,227.938,2025-09-18,17
2025-09-18,18,2025-09-18T07:30:00Z,2025-09-19T08:14:43Z,105.0,105.0,False,P,0.0,49.078954186507936,0.0,0.0,,,2691.948028353175,-2639.719902519841,-176.465,173.395,2690.948028353175,-2639.719902519841,-176.465,173.395,2025-09-18,18
2025-09-18,19,2025-09-18T08:00:00Z,2025-09-19T08:44:28Z,78.23,78.23,False,N,0.0,-147.39479738657408,0.0,0.0,78.23,0.0,2896.4184803912035,-2756.8444521967594,-401.45,114.492,2896.4184803912035,-2756.7917620737853,-400.50269012297383,114.492,2025-09-18,19
2025-09-18,20,2025-09-18T08:30:00Z,2025-09-19T09:14:28Z,35.66,35.66,False,N,0.0,-77.99777305555556,0.0,0.0,,,2840.883893611111,-2707.375004722222,-401.96,190.5,2840.883893611111,-2707.375004722222,-400.96,190.5,2025-09-18,20
2025-09-18,21,2025-09-18T09:00:00Z,2025-09-19T09:44:32Z,64.54,64.54,False,N,0.0,-70.98303434770014,0.0,0.0,64.54,0.0,2855.6984100967443,-2679.8796613621794,-427.46,180.723,2855.6984100967443,-2679.4499812240974,-426.889680138082,180.723,2025-09-18,21
2025-09-18,22,2025-09-18T09:30:00Z,2025-09-19T10:14:43Z,61.24,61.24,False,N,0.0,-292.6404046875,0.0,0.0,61.24,0.0,2758.929761979167,-2755.4330953125,-428.44,132.344,2758.929761979167,-2754.987155524591,-427.8859397879092,132.344,2025-09-18,22
2025-09-18,23,2025-09-18T10:00:00Z,2025-09-19T10:44:37Z,52.51,52.51,False,N,0.0,-115.39311597222222,0.0,0.0,52.51,0.0,2887.9645229166667,-2724.996745138889,-429.44,151.35,2887.9645229166667,-2724.732431278023,-428.7043138608662,151.35,2025-09-18,23
2025-09-18,24,2025-09-18T10:30:00Z,2025-09-19T11:14:35Z,86.0,86.0,False,P,0.0,20.673111428571428,0.0,0.0,,,2952.4794447619047,-2690.258805079365,-429.94,188.517,2951.4794447619047,-2690.258805079365,-429.94,188.517,2025-09-18,24
2025-09-18,25,2025-09-18T11:00:00Z,2025-09-19T11:44:31Z,92.58873366488984,92.58873366488984,False,P,0.0,119.27995765211641,0.0,0.0,,,3141.181661818783,-2690.6977798015873,-469.0,137.879,3140.433155026455,-2690.6977798015873,-469.0,137.62750679232803,2025-09-18,25
2025-09-18,26,2025-09-18T11:30:00Z,2025-09-19T12:14:32Z,102.8,102.8,False,P,0.0,113.3657080909586,0.0,0.0,,,3094.185152535403,-2644.7765012463688,-467.515,131.5,3093.185152535403,-2644.7765012463688,-467.515,131.5,2025-09-18,26
2025-09-18,27,2025-09-18T12:00:00Z,2025-09-19T12:47:53Z,95.0,95.0,False,P,0.0,90.53596647504177,0.0,0.0,,,3117.152966475042,-2623.7721258087927,-492.52,89.833,3116.152966475042,-2623.7721258087927,-492.52,89.833,2025-09-18,27
2025-09-18,28,2025-09-18T12:30:00Z,2025-09-19T13:14:31Z,102.5,102.5,False,P,0.0,212.96600067956348,0.0,0.0,,,3288.088722901786,-2591.0319367708335,-492.52,8.377,3287.088722901786,-2591.0319367708335,-492.52,8.377,2025-09-18,28
2025-09-18,29,2025-09-18T13:00:00Z,2025-09-19T13:44:38Z,102.0,102.0,False,P,0.0,454.18377577694235,0.0,0.0,,,3405.2599404991647,-2490.4439425,-460.535,0.0,3404.2599404991647,-2490.4439425,-460.535,,2025-09-18,29
2025-09-18,30,2025-09-18T13:30:00Z,2025-09-19T14:14:38Z,102.0,102.0,False,P,0.0,515.3594288684585,0.0,0.0,,,3358.289984424014,-2383.1339064254385,-460.0,0.0,3357.289984424014,-2383.1339064254385,-460.0,,2025-09-18,30
2025-09-18,31,2025-09-18T14:00:00Z,2025-09-19T14:44:41Z,79.28,79.28,False,N,0.0,-23.554234063390314,0.0,0.0,79.28,0.0,2597.845525195869,-2438.9087979497353,-284.5,102.217,2597.845525195869,-2438.9087979497353,-283.5,102.217,2025-09-18,31
2025-09-18,32,2025-09-18T14:30:00Z,2025-09-19T15:14:31Z,80.66,80.66,False,N,0.0,-128.27566666666667,0.0,0.0,80.66,0.0,2609.7833333333333,-2515.975,-283.0,60.966,2609.7833333333333,-2515.972152400083,-282.0028475999172,60.966,2025-09-18,32
2025-09-18,33,2025-09-18T15:00:00Z,2025-09-19T15:44:32Z,-17.35,-17.35,False,N,0.0,-393.8181183974359,0.0,0.0,,,2187.0402149358974,-2549.358480347222,-31.5,0.0,2187.0402149358974,-2548.358480347222,-31.5,,2025-09-18,33
2025-09-18,34,2025-09-18T15:30:00Z,2025-09-19T16:14:30Z,-17.35,-17.35,False,N,0.0,-288.59168977639,0.0,0.0,,,2247.6849768902766,-2505.568899513089,-30.5,0.0,2247.6849768902766,-2504.568899513089,-30.5,,2025-09-18,34
2025-09-18,35,2025-09-18T16:00:00Z,2025-09-19T16:44:32Z,-7.93,-7.93,False,N,0.0,-158.05771874789443,0.0,0.0,,,2278.4404507479903,-2404.5541494958848,-32.01,0.0,2278.4404507479903,-2403.5541494958848,-32.01,,2025-09-18,35
2025-09-18,36,2025-09-18T16:30:00Z,2025-09-19T17:14:35Z,25.8,25.8,False,N,0.0,-38.4738000120773,0.0,0.0,,,2211.6034468397747,-2220.202753242466,-30.015,0.0,2211.6034468397747,-2219.202753242466,-30.015,,2025-09-18,36
2025-09-18,37,2025-09-18T17:00:00Z,2025-09-19T17:44:28Z,106.35,106.35,False,N,0.0,-31.61855539160401,0.0,0.0,106.35,0.0,2016.5851231798244,-2047.5253606182123,-29.015,28.584,2016.5851231798244,-2046.5253606182123,-29.015,28.584,2025-09-18,37
2025-09-18,38,2025-09-18T17:30:00Z,2025-09-19T18:14:33Z,110.72,110.72,False,N,0.0,-83.31275664193697,0.0,0.0,110.72,0.0,1792.8359920269727,-1849.5622553620312,-26.515,0.0,1792.8359920269727,-1848.5622553620312,-26.515,,2025-09-18,38
2025-09-18,39,2025-09-18T18:00:00Z,2025-09-19T18:44:32Z,106.53,106.53,False,N,0.0,-12.83548309178744,0.0,0.0,106.53,0.0,1528.8738769082127,-1516.8860266666666,-24.52,0.0,1528.8738769082127,-1515.8860266666666,-24.52,,2025-09-18,39
2025-09-18,40,2025-09-18T18:30:00Z,2025-09-19T19:14:37Z,121.95,121.95,False,P,0.0,363.4890608623321,0.0,0.0,,,1636.3777116956655,-1249.4092686111112,-23.535,0.0,1635.3777116956655,-1249.4092686111112,-23.535,,2025-09-18,40
2025-09-18,41,2025-09-18T19:00:00Z,2025-09-19T19:44:29Z,119.9,119.9,False,P,0.0006,117.29433455433455,0.0,0.0,,,1190.363778998779,-1050.7472222222223,-22.03,0.0,1189.363778998779,-1050.7472222222223,-22.03,,2025-09-18,41
2025-09-18,42,2025-09-18T19:30:00Z,2025-09-19T20:14:39Z,119.0,119.0,False,P,0.0,3.061731601731602,0.0,0.0,,,1001.5183333333333,-976.3799372871573,-22.03,0.0,1000.5183333333333,-976.3799372871573,-22.03,,2025-09-18,42
2025-09-18,43,2025-09-18T20:00:00Z,2025-09-19T20:45:33Z,105.0,105.0,False,P,0.0,180.447398015873,0.0,0.0,,,936.0169416666666,-733.5698186507936,-22.015,0.0,935.0169416666666,-733.5698186507936,-22.015,,2025-09-18,43
2025-09-18,44,2025-09-18T20:30:00Z,2025-09-19T21:14:34Z,104.0,104.0,False,P,0.0,164.27499166666666,0.0,0.0,,,846.4916666666667,-661.216675,-21.01,0.0,845.4916666666667,-661.216675,-21.01,,2025-09-18,44
2025-09-18,45,2025-09-18T21:00:00Z,2025-09-19T21:44:38Z,102.0,102.0,False,P,0.0,191.97049837030417,0.0,0.0,,,909.9713664814153,-887.5180672659516,-20.535,190.0,908.9713664814153,-887.5180672659516,-20.535,190.0,2025-09-18,45
2025-09-18,46,2025-09-18T21:30:00Z,2025-09-19T22:14:32Z,51.0,51.0,False,N,0.0,-65.20668875,0.0,0.0,,,992.0,-1226.1983554166666,-21.55,190.0,992.0,-1225.1983554166666,-21.55,190.0,2025-09-18,46
2025-09-18,47,2025-09-18T22:00:00Z,2025-09-19T22:44:36Z,11.069363963790309,11.069363963790309,False,N,0.0,-120.08613694444445,0.0,0.0,,,993.1733022222222,-574.1260841666667,-850.0,310.0,993.1733022222222,-574.0688491666667,-849.057235,310.0,2025-09-18,47
2025-09-18,48,2025-09-18T22:30:00Z,2025-09-19T23:14:39Z,11.56,11.56,False,N,0.0,-88.5154094570707,0.0,0.0,,,992.0,-540.5820761237374,-850.0,310.0,992.0,-539.5820761237374,-850.0,310.0,2025-09-18,48
2025-09-19,1,2025-09-18T23:00:00Z,2025-09-19T23:44:40Z,8.0,8.0,False,N,0.0,-296.4033397492785,0.0,0.0,,,1026.7921929166666,-783.0951159992785,-850.0,310.0,1026.7921929166666,-782.0951159992785,-850.0,310.0,2025-09-19,1
2025-09-19,2,2025-09-18T23:30:00Z,2025-09-20T00:14:38Z,41.05,41.05,False,N,0.0,-52.99331915189125,0.0,0.0,,,970.2201579018913,-564.8701561114792,-850.0,391.774,970.2201579018913,-563.8701561114792,-850.0,391.774,2025-09-19,2
2025-09-19,3,2025-09-19T00:00:00Z,2025-09-20T00:44:27Z,5.1,5.1,False,N,0.0,-31.09547375,0.0,0.0,,,882.0,-506.8158265277778,-850.0,443.0,882.0,-506.8158265277778,-849.0,443.0,2025-09-19,3
2025-09-19,4,2025-09-19T00:30:00Z,2025-09-20T01:14:33Z,2.53,2.53,False,N,0.0,-115.76933333333334,0.0,0.0,,,882.7472222222223,-547.5866666666667,-850.0,399.159,882.7472222222223,-547.5866666666667,-849.0,399.159,2025-09-19,4
2025-09-19,5,2025-09-19T01:00:00Z,2025-09-20T01:44:33Z,-2.53,-2.53,False,N,0.0,-204.13590461869506,0.0,0.0,,,1062.888430242416,-637.4434217060563,-1000.0,370.174,1062.888430242416,-637.4434217060563,-999.0,370.174,2025-09-19,5
2025-09-19,6,2025-09-19T01:30:00Z,2025-09-20T02:14:52Z,-4.250039525691699,-4.250039525691699,False,N,0.0,-310.96,0.0,0.0,,,920.3583333333333,-674.5016666666667,-1000.0,443.0,920.3583333333333,-674.5016666666667,-999.0,443.0,2025-09-19,6
2025-09-19,7,2025-09-19T02:00:00Z,2025-09-20T02:44:41Z,-5.73,-5.73,False,N,0.0,-420.4584296296296,0.0,0.0,,,911.2116148148148,-643.6940222222222,-1000.0,311.893,911.2116148148148,-643.6940222222222,-999.0,311.893,2025-09-19,7
2025-09-19,8,2025-09-19T02:30:00Z,2025-09-20T03:14:31Z,-5.9,-5.9,False,N,0.0,-436.365710787037,0.0,0.0,,,794.4399053240741,-540.9225019444444,-1000.0,310.0,794.4399053240741,-540.9225019444444,-999.0,310.0,2025-09-19,8
2025-09-19,9,2025-09-19T03:00:00Z,2025-09-20T03:44:37Z,-8.32,-8.32,False,N,0.0,-671.7826166666666,0.0,0.0,,,663.5809541666666,-645.6076166666667,-1000.0,310.0,663.5809541666666,-645.6076166666667,-999.0,310.0,2025-09-19,9
2025-09-19,10,2025-09-19T03:30:00Z,2025-09-20T04:14:29Z,-10.94,-10.94,False,N,0.0,-901.4291666666667,0.0,0.0,,,657.0854166666667,-868.6645833333333,-1000.0,310.0,657.0854166666667,-868.6645833333333,-999.0,310.0,2025-09-19,10
2025-09-19,11,2025-09-19T04:00:00Z,2025-09-20T04:44:30Z,-13.7,-13.7,False,N,0.0,-844.7732811111111,0.0,0.0,,,689.0920905555555,-1343.8920927777779,-500.0,310.0,689.0920905555555,-1342.8920927777779,-500.0,310.0,2025-09-19,11
2025-09-19,12,2025-09-19T04:30:00Z,2025-09-20T05:14:32Z,-17.35,-17.35,False,N,0.0,-1232.2791563888889,0.0,0.0,,,658.2878113888889,-1700.7455779656852,-500.0,310.0,658.2878113888889,-1699.7455779656852,-500.0,310.0,2025-09-19,12
2025-09-19,13,2025-09-19T05:00:00Z,2025-09-20T05:44:42Z,1.0,1.0,False,N,0.0,-436.7114777554214,0.0,0.0,,,734.9566666666667,-1499.9414777554214,0.0,328.05,734.9566666666667,-1498.9414777554214,,328.05,2025-09-19,13
2025-09-19,14,2025-09-19T05:30:00Z,2025-09-20T06:14:43Z,52.0,52.0,False,N,0.0,-7.305502396741864,0.0,0.0,,,860.1416675287356,-1296.719912118964,0.0,429.0,860.1416675287356,-1295.719912118964,,429.0,2025-09-19,14
2025-09-19,15,2025-09-19T06:00:00Z,2025-09-20T06:44:47Z,102.0,102.0,False,P,0.0,207.65946130835943,0.0,0.0,,,1195.2464308564815,-1079.9882306129368,0.0,92.327,1194.2464308564815,-1079.9882306129368,,92.327,2025-09-19,15
2025-09-19,16,2025-09-19T06:30:00Z,2025-09-20T07:14:34Z,102.0,102.0,False,P,0.0,338.7438501149425,0.0,0.0,,,1372.4918103530379,-1115.8748164285714,0.0,82.357,1371.4918103530379,-1115.8748164285714,,82.357,2025-09-19,16
2025-09-19,17,2025-09-19T07:00:00Z,2025-09-20T07:44:38Z,102.0,102.0,False,P,0.0,60.78093055555556,0.0,0.0,,,1737.65625,-1137.0756944444445,-597.5,57.616,1736.65625,-1137.0756944444445,-597.5,57.616,2025-09-19,17
2025-09-19,18,2025-09-19T07:30:00Z,2025-09-20T08:14:36Z,102.0,102.0,False,P,0.0,225.43649948412036,0.0,0.0,,,1882.9219291666666,-1086.7374847222222,-597.5,26.711,1881.9219291666666,-1086.7374847222222,-597.5,26.711,2025-09-19,18
2025-09-19,19,2025-09-19T08:00:00Z,2025-09-20T08:44:38Z,103.0,103.0,False,P,0.0,358.40266125,0.0,0.0,,,1995.83817375,-1119.3548458333332,-600.0,82.006,1994.83817375,-1119.3548458333332,-600.0,82.006,2025-09-19,19
2025-09-19,20,2025-09-19T08:30:00Z,2025-09-20T09:14:34Z,103.0,103.0,False,P,0.0,374.2730056980057,0.0,0.0,,,1962.11837639245,-988.1314818055556,-600.0,0.0,1961.11837639245,-988.1314818055556,-600.0,,2025-09-19,20
2025-09-19,21,2025-09-19T09:00:00Z,2025-09-20T09:44:40Z,103.0,103.0,False,P,0.0,248.50908048399717,0.0,0.0,,,1687.2910249284416,-828.4820203952992,-610.0,0.0,1686.2910249284416,-828.4820203952992,-610.0,,2025-09-19,21
2025-09-19,22,2025-09-19T09:30:00Z,2025-09-20T10:14:30Z,96.68,96.68,False,P,0.0,24.09843303613394,0.0,0.0,,,1535.6729927583563,-915.0380295833334,-610.0,13.416,1534.6729927583563,-915.0380295833334,-610.0,13.416,2025-09-19,22
2025-09-19,23,2025-09-19T10:00:00Z,2025-09-20T10:44:33Z,101.27,101.27,False,P,0.0,69.05924305555556,0.0,0.0,,,1615.4759097222222,-936.2473375992064,-610.0,0.0,1614.4759097222222,-936.2473375992064,-610.0,,2025-09-19,23
2025-09-19,24,2025-09-19T10:30:00Z,2025-09-20T11:14:36Z,58.61,58.61,False,N,0.0,-165.71708527777778,0.0,0.0,58.61,0.0,1448.524581388889,-1004.1204166666666,-610.0,0.0,1448.524581388889,-1003.7279807677107,-609.3924358989559,,2025-09-19,24
2025-09-19,25,2025-09-19T11:00:00Z,2025-09-20T11:44:35Z,60.24,60.24,False,N,0.0,-58.429012916666665,0.0,0.0,60.24,0.0,1556.0654004166668,-1045.2654038888888,-610.0,40.716,1556.0654004166668,-1044.2654038888888,-610.0,40.716,2025-09-19,25
2025-09-19,26,2025-09-19T11:30:00Z,2025-09-20T12:14:37Z,42.42,42.42,False,N,0.0,-36.19695472222222,0.0,0.0,,,1611.5842744444444,-1038.068528425926,-610.0,0.0,1611.5842744444444,-1037.068528425926,-610.0,,2025-09-19,26
2025-09-19,27,2025-09-19T12:00:00Z,2025-09-20T12:44:36Z,105.95,105.95,False,P,0.0,656.6313401976996,0.0,0.0,,,1694.782903038362,-918.7573400056953,-120.0,0.0,1693.782903038362,-918.7573400056953,-120.0,,2025-09-19,27
2025-09-19,28,2025-09-19T12:30:00Z,2025-09-20T13:14:29Z,102.9,102.9,False,P,0.0,718.5440531894841,0.0,0.0,,,1802.4273865228174,-964.0809563888889,-120.0,0.0,1801.4273865228174,-964.0809563888889,-120.0,,2025-09-19,28
2025-09-19,29,2025-09-19T13:00:00Z,2025-09-20T13:44:34Z,102.9,102.9,False,P,0.0,814.4560578571428,0.0,0.0,,,2037.0567523015873,-1102.6662798611112,-120.0,0.0,2036.0567523015873,-1102.6662798611112,-120.0,,2025-09-19,29
2025-09-19,30,2025-09-19T13:30:00Z,2025-09-20T14:14:36Z,102.9,102.9,False,P,0.0,517.6361646920028,0.0,0.0,,,1769.4013358031139,-1245.682823425926,-120.0,113.886,1768.4013358031139,-1245.682823425926,-120.0,113.886,2025-09-19,30
2025-09-19,31,2025-09-19T14:00:00Z,2025-09-20T14:44:35Z,106.0,106.0,False,P,0.0,907.6220264035333,0.0,0.0,,,2056.5065736257557,-1355.7991380339681,-110.0,317.147,2055.620545765899,-1355.7991380339681,-110.0,317.0330278598565,2025-09-19,31
2025-09-19,32,2025-09-19T14:30:00Z,2025-09-20T15:14:33Z,105.9,105.9,False,P,0.0,787.1343274386459,0.0,0.0,,,2015.869690771979,-1446.1625020457227,-110.0,327.423,2014.869690771979,-1446.1625020457227,-110.0,327.423,2025-09-19,32
2025-09-19,33,2025-09-19T15:00:00Z,2025-09-20T15:44:27Z,103.0,103.0,False,P,0.0,514.0621581143529,0.0,0.0,,,1789.1069200587974,-1508.6085986988305,-97.5,331.21,1788.1069200587974,-1508.6085986988305,-97.5,331.21,2025-09-19,33
2025-09-19,34,2025-09-19T15:30:00Z,2025-09-20T16:14:32Z,118.09597263211913,118.09597263211913,False,P,0.0,592.9517480236892,0.0,0.0,,,1903.9363919868626,-1554.958191287037,-97.5,341.5,1902.9363919868626,-1554.958191287037,-97.5,341.5,2025-09-19,34
2025-09-19,35,2025-09-19T16:00:00Z,2025-09-20T16:44:36Z,131.0,131.0,False,P,0.0,627.069236521164,0.0,0.0,,,1798.8050698544973,-1657.2782570238096,-517.5,1003.14,1798.8050698544973,-1657.2782570238096,-517.5,1002.14,2025-09-19,35
2025-09-19,36,2025-09-19T16:30:00Z,2025-09-20T17:14:31Z,135.0,135.0,False,P,0.0336,786.7919819940477,0.0,0.0,,,1926.9531486607143,-1638.9878510416668,-517.5,1016.573,1926.151809375,-1638.9878510416668,-517.5,1016.3743392857143,2025-09-19,36
2025-09-19,37,2025-09-19T17:00:00Z,2025-09-20T17:44:34Z,145.0,145.0,False,P,0.0288,886.297740707672,0.0,0.0,,,2326.0817886243385,-1574.519107440476,-520.0,654.81,2325.2576285099713,-1574.519107440476,-520.0,654.6341601143674,2025-09-19,37
2025-09-19,38,2025-09-19T17:30:00Z,2025-09-20T18:14:37Z,152.25,152.25,False,P,0.129,1038.6997714478114,0.0,0.0,,,2538.9938228367005,-1609.1421829040405,-520.0,628.863,2538.9938228367005,-1609.1421829040405,-520.0,627.863,2025-09-19,38
2025-09-19,39,2025-09-19T18:00:00Z,2025-09-20T18:44:44Z,134.23,134.23,False,P,0.081,312.775671474359,0.0,0.0,,,1777.7154492521368,-1612.9169992261905,-520.0,668.298,1777.7154492521368,-1612.9169992261905,-520.0,667.298,2025-09-19,39
2025-09-19,40,2025-09-19T18:30:00Z,2025-09-20T19:14:40Z,128.87,128.87,False,P,0.198,261.02275,0.0,0.0,,,1872.4481944444444,-1918.7004166666666,-520.0,827.839,1872.4481944444444,-1918.7004166666666,-520.0,826.839,2025-09-19,40
2025-09-19,41,2025-09-19T19:00:00Z,2025-09-20T19:44:42Z,78.15,78.15,False,N,0.3396,-93.8970875,0.0,0.0,,,2059.672878670635,-1955.143814852971,-225.0,26.607,2059.672878670635,-1955.143814852971,-224.0,26.607,2025-09-19,41
2025-09-19,42,2025-09-19T19:30:00Z,2025-09-20T20:14:39Z,111.25,111.25,False,N,0.1344,-353.0550783796296,0.0,0.0,111.25,0.3933333333333333,1720.9893023148147,-1876.955552314815,-225.0,27.749,1720.9893023148147,-1876.5928466458656,-224.3627056689493,27.749,2025-09-19,42
2025-09-19,43,2025-09-19T20:00:00Z,2025-09-20T20:44:32Z,87.22,87.22,False,N,0.108,-371.35985185185183,0.0,0.0,87.22,0.0,1502.655425925926,-1673.895611111111,-200.0,0.0,1502.655425925926,-1673.4341722910629,-199.46143882004836,,2025-09-19,43
2025-09-19,44,2025-09-19T20:30:00Z,2025-09-20T21:14:33Z,61.003794361655245,61.003794361655245,False,N,0.0144,-361.99725757694074,0.0,0.0,61.12825915816993,1.0,1556.7815207301567,-1718.5706492628972,-200.0,0.0,1556.7815207301567,-1717.5706492628972,-200.0,,2025-09-19,44
2025-09-19,45,2025-09-19T21:00:00Z,2025-09-20T21:44:43Z,102.0,102.0,False,P,0.0006,38.531799067068675,0.0,0.0,,,1971.6862561041057,-1707.9214681704273,-225.0,0.0,1970.6862561041057,-1707.9214681704273,-225.0,,2025-09-19,45
2025-09-19,46,2025-09-19T21:30:00Z,2025-09-20T22:14:34Z,61.25,61.25,False,N,0.0,-65.99040751818784,0.0,0.0,,,1871.97225121638,-1751.3813421141974,-225.0,38.417,1871.97225121638,-1750.3813421141974,-225.0,38.417,2025-09-19,46
2025-09-19,47,2025-09-19T22:00:00Z,2025-09-20T22:44:44Z,99.0,99.0,False,P,0.0,176.88723963675213,0.0,0.0,,,2043.40701741453,-1656.4784263121296,-250.0,39.933,2042.40701741453,-1656.4784263121296,-250.0,39.933,2025-09-19,47
2025-09-19,48,2025-09-19T22:30:00Z,2025-09-20T23:14:35Z,99.4,99.4,False,P,0.0,306.85851893628745,0.0,0.0,,,2223.775185602954,-1667.381886017476,-250.0,0.65,2222.775185602954,-1667.381886017476,-250.0,0.65,2025-09-19,48
2025-09-20,1,2025-09-19T23:00:00Z,2025-09-20T23:44:38Z,98.66,98.66,False,P,0.0,385.25320395061726,0.0,0.0,,,2164.1032060339508,-1616.2025578858024,-250.0,87.35,2163.1032060339508,-1616.2025578858024,-250.0,87.35,2025-09-20,1
2025-09-20,2,2025-09-19T23:30:00Z,2025-09-21T00:14:39Z,98.0,98.0,False,P,0.0,344.94751269882926,0.0,0.0,,,2040.1708460321627,-1578.8770942708334,-250.0,133.5,2039.1708460321627,-1578.8770942708334,-250.0,133.5,2025-09-20,2
2025-09-20,3,2025-09-20T00:00:00Z,2025-09-21T00:44:36Z,98.0,98.0,False,P,0.0,281.22266666666667,0.0,0.0,,,2020.0299586111112,-1575.4341252777779,-250.0,86.651,2019.0299586111112,-1575.4341252777779,-250.0,86.651,2025-09-20,3
2025-09-20,4,2025-09-20T00:30:00Z,2025-09-21T01:14:33Z,97.0,97.0,False,P,0.0,213.5934347222222,0.0,0.0,,,1970.2453291666666,-1506.5619958333334,-250.0,0.0,1969.2453291666666,-1506.5619958333334,-250.0,,2025-09-20,4
2025-09-20,5,2025-09-20T01:00:00Z,2025-09-21T01:44:34Z,97.0,97.0,False,P,0.0,182.89300865800865,0.0,0.0,,,1878.188841991342,-1445.0833333333333,-250.0,0.0,1877.188841991342,-1445.0833333333333,-250.0,,2025-09-20,5
2025-09-20,6,2025-09-20T01:30:00Z,2025-09-21T02:14:48Z,97.0,97.0,False,P,0.0,246.0461739279702,0.0,0.0,,,1804.0863212295574,-1307.930196792328,-250.0,0.0,1803.0863212295574,-1307.930196792328,-250.0,,2025-09-20,6
2025-09-20,7,2025-09-20T02:00:00Z,2025-09-21T02:44:36Z,97.0,97.0,False,P,0.0,329.2187712770563,0.0,0.0,,,1863.4015638961039,-1309.070614563492,-225.0,0.0,1862.4015638961039,-1309.070614563492,-225.0,,2025-09-20,7
2025-09-20,8,2025-09-20T02:30:00Z,2025-09-21T03:14:36Z,97.0,97.0,False,P,0.0,141.947890649867,0.0,0.0,,,1492.4002989832004,-1125.3126142651868,-225.0,0.0,1491.4002989832004,-1125.3126142651868,-225.0,,2025-09-20,8
2025-09-20,9,2025-09-20T03:00:00Z,2025-09-21T03:44:28Z,71.34739374768158,71.34739374768158,False,N,0.0,-55.35380555555555,0.0,0.0,71.3574875,1.0,1262.3001758333332,-1092.8335125,-225.0,0.0,1262.3001758333332,-1092.648768931851,-224.18474356814895,,2025-09-20,9
2025-09-20,10,2025-09-20T03:30:00Z,2025-09-21T04:14:27Z,58.29126903210728,58.29126903210728,False,N,0.0,-84.12361111111112,0.0,0.0,59.93388888888889,0.45,1204.5347222222222,-1064.0513888888888,-225.0,0.0,1204.5347222222222,-1063.7067062042954,-224.34468268459347,,2025-09-20,10
2025-09-20,11,2025-09-20T04:00:00Z,2025-09-21T04:44:36Z,68.9087001281893,68.9087001281893,False,N,0.0,-55.63333333333333,0.0,0.0,70.6825,1.0,1194.2499991666666,-1025.0416666666667,-225.0,0.0,1194.2499991666666,-1024.589936391223,-224.4517302754435,,2025-09-20,11
2025-09-20,12,2025-09-20T04:30:00Z,2025-09-21T05:14:40Z,97.0,97.0,False,P,0.0,65.34410831413655,0.0,0.0,,,1233.8053102486604,-943.6706639044816,-225.0,0.0,1232.8053102486604,-943.6706639044816,-225.0,,2025-09-20,12
2025-09-20,13,2025-09-20T05:00:00Z,2025-09-21T05:44:27Z,52.05,52.05,False,N,0.0,-120.23769396825396,0.0,0.0,52.05,1.0,1077.5211311111111,-972.8421625793651,-225.0,0.0,1077.5211311111111,-972.1630543199597,-224.67910825940547,,2025-09-20,13
2025-09-20,14,2025-09-20T05:30:00Z,2025-09-21T06:14:32Z,87.68072989154282,87.68072989154282,False,N,0.0,-10.252426909722223,0.0,0.0,,,1117.5392397569444,-902.84166875,-225.0,0.0,1117.5392397569444,-901.84166875,-225.0,,2025-09-20,14
2025-09-20,15,2025-09-20T06:00:00Z,2025-09-21T06:44:37Z,98.99,98.99,False,P,0.0,180.00721555555555,0.0,0.0,,,1295.0322222222221,-890.0250066666666,-225.012,0.0,1294.0322222222221,-890.0250066666666,-225.012,,2025-09-20,15
2025-09-20,16,2025-09-20T06:30:00Z,2025-09-21T07:14:32Z,89.97,89.97,False,N,0.0,-103.9653290815897,0.0,0.0,89.97,0.0,1292.0748931406324,-1170.7155555555555,-225.365,0.0,1292.0748931406324,-1169.7155555555555,-225.365,,2025-09-20,16
2025-09-20,17,2025-09-20T07:00:00Z,2025-09-21T07:44:31Z,105.0,105.0,False,P,0.0,236.55061261598317,0.0,0.0,,,2099.8035716239197,-1220.538315952381,-642.865,0.0,2098.8035716239197,-1220.538315952381,-642.865,,2025-09-20,17
2025-09-20,18,2025-09-20T07:30:00Z,2025-09-21T08:14:27Z,111.45,111.45,False,P,0.0,443.1127723000311,0.0,0.0,,,2289.8557356333645,-1203.7609429248366,-642.512,0.0,2288.8557356333645,-1203.7609429248366,-642.512,,2025-09-20,18
2025-09-20,19,2025-09-20T08:00:00Z,2025-09-21T08:44:31Z,111.45,111.45,False,P,0.0,465.00226475213674,0.0,0.0,,,2389.088521696581,-1281.4412403154781,-642.512,0.0,2388.088521696581,-1281.4412403154781,-642.512,,2025-09-20,19
2025-09-20,20,2025-09-20T08:30:00Z,2025-09-21T09:14:36Z,110.0,110.0,False,P,0.0,319.13598560897435,0.0,0.0,,,2272.3441567895297,-1310.4247722222221,-642.512,0.0,2271.3441567895297,-1310.4247722222221,-642.512,,2025-09-20,20
2025-09-20,21,2025-09-20T09:00:00Z,2025-09-21T09:44:43Z,111.45,111.45,False,P,0.0012,432.88304208333335,0.0,0.0,,,2465.0796594444446,-1389.454653611111,-642.512,0.0,2464.0796594444446,-1389.454653611111,-642.512,,2025-09-20,21
2025-09-20,22,2025-09-20T09:30:00Z,2025-09-21T10:14:40Z,115.0,115.0,False,P,0.0,158.50377,0.0,0.0,,,2338.9259922222222,-1538.017658611111,-642.512,0.0,2337.9259922222222,-1538.017658611111,-642.512,,2025-09-20,22
2025-09-20,23,2025-09-20T10:00:00Z,2025-09-21T10:44:50Z,60.01,60.01,False,N,0.0,-304.29333333333335,0.0,0.0,60.01,1.0,1993.2566666666667,-1655.3166666666666,-642.512,0.0,1993.2566666666667,-1654.3166666666666,-642.512,,2025-09-20,23
2025-09-20,24,2025-09-20T10:30:00Z,2025-09-21T11:14:36Z,92.52,92.52,False,N,0.0,-600.0648340705128,0.0,0.0,92.52,0.0,1613.5859992628205,-1571.2514266132478,-642.512,0.0,1613.5859992628205,-1570.343356680809,-642.4200699324389,,2025-09-20,24
2025-09-20,25,2025-09-20T11:00:00Z,2025-09-21T11:44:41Z,72.59,72.59,False,N,0.0,-891.9522222222222,0.0,0.0,72.59,1.0,1375.4505555555556,-1625.0527777777777,-642.512,0.0,1375.4505555555556,-1624.1699630652952,-642.3948147124827,,2025-09-20,25
2025-09-20,26,2025-09-20T11:30:00Z,2025-09-21T12:14:37Z,63.24014075393951,63.24014075393951,False,N,0.0,-557.1055555555556,0.0,0.0,65.94622222222222,1.0,1727.025,-1641.7139190972223,-642.512,0.0,1727.025,-1640.7139190972223,-642.512,,2025-09-20,26
2025-09-20,27,2025-09-20T12:00:00Z,2025-09-21T12:44:41Z,53.30345486111111,53.30345486111111,False,N,0.0,-79.24666666666667,0.0,0.0,53.35458333333333,1.0,2283.1151666666665,-1719.8618333333334,-642.5,0.0,2283.1151666666665,-1718.8618333333334,-642.5,,2025-09-20,27
2025-09-20,28,2025-09-20T12:30:00Z,2025-09-21T13:14:43Z,96.5,96.5,False,P,0.0,16.38106298611111,0.0,0.0,,,2332.8274778472223,-1674.1024793740555,-642.5,0.0,2331.8274778472223,-1674.1024793740555,-642.5,,2025-09-20,28
2025-09-20,29,2025-09-20T13:00:00Z,2025-09-21T13:44:37Z,74.0,74.0,False,N,0.0,-247.5016738888889,0.0,0.0,74.0,0.0,2131.902326111111,-1736.727326111111,-642.5,0.0,2131.902326111111,-1736.3795506854037,-641.8477754257074,,2025-09-20,29
2025-09-20,30,2025-09-20T13:30:00Z,2025-09-21T14:14:33Z,92.04,92.04,False,P,0.0,9.667504459876543,0.0,0.0,,,2330.5502013117284,-1677.9026992746913,-642.5,0.0,2329.5502013117284,-1677.9026992746913,-642.5,,2025-09-20,30
2025-09-20,31,2025-09-20T14:00:00Z,2025-09-21T14:44:36Z,69.24,69.24,False,N,0.0,-331.3042838888889,0.0,0.0,69.24,0.0,2104.096950972222,-1792.8344518055555,-642.5,0.0,2104.096950972222,-1792.2117484662951,-642.1227033392604,,2025-09-20,31
2025-09-20,32,2025-09-20T14:30:00Z,2025-09-21T15:15:02Z,68.05,68.05,False,N,0.0,-517.6188888888889,0.0,0.0,68.05,0.0,2047.2333333333333,-1922.168888888889,-642.5,0.0,2047.2333333333333,-1921.7004940810402,-641.9683948078488,,2025-09-20,32
2025-09-20,33,2025-09-20T15:00:00Z,2025-09-21T15:44:42Z,51.0,51.0,False,N,0.0,-617.2821759259259,0.0,0.0,51.0,1.0,2157.5491203703705,-2132.422962962963,-642.5,0.0,2157.5491203703705,-2131.867093426404,-642.0558695365588,,2025-09-20,33
2025-09-20,34,2025-09-20T15:30:00Z,2025-09-21T16:14:39Z,20.0,20.0,False,N,0.0,-636.2356105456191,0.0,0.0,20.0,1.0,2319.69680709327,-2312.6159012037037,-642.5,0.0,2319.69680709327,-2312.003266309314,-642.1126348943898,,2025-09-20,34
2025-09-20,35,2025-09-20T16:00:00Z,2025-09-21T16:44:38Z,67.15,67.15,False,N,0.0,-119.75608585858586,0.0,0.0,67.15,0.0,2719.5772474747473,-2201.14375,-637.5,0.0,2719.5772474747473,-2201.020532163071,-636.623217836929,,2025-09-20,35
2025-09-20,36,2025-09-20T16:30:00Z,2025-09-21T17:14:34Z,67.0,67.0,False,N,0.0,-89.45217468253968,0.0,0.0,67.0,0.0,2873.7458808730157,-2325.2511983333334,-637.5,0.0,2873.7458808730157,-2325.145530978503,-636.6056673548305,,2025-09-20,36
2025-09-20,37,2025-09-20T17:00:00Z,2025-09-21T17:44:38Z,104.0,104.0,False,P,0.0,119.00674204104571,0.0,0.0,,,3116.3025117364514,-2382.936402737915,-637.5,23.35,3115.3025117364514,-2382.936402737915,-637.5,23.35,2025-09-20,37
2025-09-20,38,2025-09-20T17:30:00Z,2025-09-21T18:14:40Z,104.0,104.0,False,P,0.0,72.53391155603805,0.0,0.0,,,3192.845666556038,-2482.8326841666667,-637.5,0.0,3191.845666556038,-2482.8326841666667,-637.5,,2025-09-20,38
2025-09-20,39,2025-09-20T18:00:00Z,2025-09-21T18:44:39Z,9.83,9.83,False,N,0.0,-774.9547887827406,0.0,0.0,9.83,1.0,2607.0044176061483,-2744.0757155952383,-637.5,0.0,2607.0044176061483,-2743.760288090365,-636.8154275048729,,2025-09-20,39
2025-09-20,40,2025-09-20T18:30:00Z,2025-09-21T19:14:40Z,2.29,2.29,False,N,0.0,-1136.802673095238,0.0,0.0,2.29,1.0,2423.4014944047617,-2922.631138095238,-637.5,0.0,2423.4014944047617,-2921.970317968334,-637.1608201269044,,2025-09-20,40
2025-09-20,41,2025-09-20T19:00:00Z,2025-09-21T19:44:40Z,40.0,40.0,False,N,0.0,-1234.1886313492064,0.0,0.0,40.0,1.0,2288.4855353174603,-2885.0872416666666,-637.5,0.0,2288.4855353174603,-2884.569801759346,-637.017439907321,,2025-09-20,41
2025-09-20,42,2025-09-20T19:30:00Z,2025-09-21T20:14:41Z,18.41,18.41,False,N,0.0,-1144.7140181944444,0.0,0.0,18.41,0.0,2117.6228473611113,-2660.0811806944444,-637.5,35.467,2117.6228473611113,-2659.633553010397,-636.9476276840476,35.467,2025-09-20,42
2025-09-20,43,2025-09-20T20:00:00Z,2025-09-21T20:44:37Z,-11.29,-11.29,False,N,0.0,-762.6896008333333,0.0,0.0,,,2157.2735230555554,-2311.881852361111,-632.5,24.399,2157.2735230555554,-2310.881852361111,-632.5,24.399,2025-09-20,43
2025-09-20,44,2025-09-20T20:30:00Z,2025-09-21T21:14:42Z,8.71,8.71,False,N,0.0,-556.6316012048518,0.0,0.0,,,2025.4267321284815,-1949.9472863841725,-632.5,0.0,2025.4267321284815,-1949.9472863841725,-631.5,,2025-09-20,44
2025-09-20,45,2025-09-20T21:00:00Z,2025-09-21T21:44:38Z,-17.35,-17.35,False,N,0.0,-451.6387204901961,0.0,0.0,,,1718.4461634640522,-1819.865601388889,-350.0,0.0,1718.4461634640522,-1818.865601388889,-350.0,,2025-09-20,45
2025-09-20,46,2025-09-20T21:30:00Z,2025-09-21T22:14:35Z,-11.29,-11.29,False,N,0.0,-301.37601291666664,0.0,0.0,,,1812.5473759722222,-1850.461261388889,-350.0,86.518,1812.5473759722222,-1849.461261388889,-350.0,86.518,2025-09-20,46
2025-09-20,47,2025-09-20T22:00:00Z,2025-09-21T22:44:29Z,84.0,84.0,False,P,0.0,130.95504809090488,0.0,0.0,,,2076.192544973831,-1991.8300981035395,-100.0,146.433,2076.192544973831,-1991.8300981035395,-100.0,145.433,2025-09-20,47
2025-09-20,48,2025-09-20T22:30:00Z,2025-09-21T23:14:30Z,85.0,85.0,False,P,0.0,199.40077725017616,0.0,0.0,,,2113.080221633102,-1924.1434371522962,-100.0,110.415,2112.080221633102,-1924.1434371522962,-100.0,110.415,2025-09-20,48
2025-09-21,1,2025-09-20T23:00:00Z,2025-09-21T23:44:37Z,37.37,37.37,False,P,0.0,27.487170694444444,0.0,0.0,,,2056.4766706944442,-1862.1183373611111,-250.0,83.658,2055.4766706944442,-1862.1183373611111,-250.0,83.658,2025-09-21,1
2025-09-21,2,2025-09-20T23:30:00Z,2025-09-22T00:14:34Z,98.95,98.95,False,P,0.0,253.13998921717172,0.0,0.0,,,2288.431655883838,-1869.5505951388889,-250.0,84.2,2287.431655883838,-1869.5505951388889,-250.0,84.2,2025-09-21,2
2025-09-21,3,2025-09-21T00:00:00Z,2025-09-22T00:44:31Z,80.99965249623537,80.99965249623537,False,P,0.0,130.56772008838385,0.0,0.0,,,2232.3118867550506,-1905.442640719697,-350.0,153.685,2232.3118867550506,-1905.442640719697,-350.0,152.685,2025-09-21,3
2025-09-21,4,2025-09-21T00:30:00Z,2025-09-22T01:14:33Z,41.84,41.84,False,P,0.0,42.60760972222222,0.0,0.0,,,2304.865276388889,-1917.8902777777778,-350.0,5.709,2303.865276388889,-1917.8902777777778,-350.0,5.709,2025-09-21,4
2025-09-21,5,2025-09-21T01:00:00Z,2025-09-22T01:44:31Z,0.71,0.71,False,N,0.0,-147.60798273809525,0.0,0.0,0.71,1.0,1913.5984205952382,-1936.6289759325398,-125.0,0.0,1913.5984205952382,-1935.6289759325398,-125.0,,2025-09-21,5
2025-09-21,6,2025-09-21T01:30:00Z,2025-09-22T02:16:53Z,3.37,3.37,False,N,0.0,-255.0540298753829,0.0,0.0,3.37,1.0,1863.4574701246172,-2043.4443746928084,-125.0,50.001,1863.4574701246172,-2042.934466929583,-124.50990776322541,50.001,2025-09-21,6
2025-09-21,7,2025-09-21T02:00:00Z,2025-09-22T02:44:45Z,81.0,81.0,False,P,0.0,230.46083583333333,0.0,0.0,,,2256.570835833333,-2046.4125002777778,-125.0,145.415,2256.570835833333,-2046.4125002777778,-125.0,144.415,2025-09-21,7
2025-09-21,8,2025-09-21T02:30:00Z,2025-09-22T03:14:47Z,85.58,85.58,False,P,0.0,226.85594218253968,0.0,0.0,,,2441.214275515873,-2089.201184722222,-125.0,0.0,2440.214275515873,-2089.201184722222,-125.0,,2025-09-21,8
2025-09-21,9,2025-09-21T03:00:00Z,2025-09-22T03:44:45Z,98.95,98.95,False,P,0.0,406.1180817063492,0.0,0.0,,,2752.4744047619047,-2094.5624897222224,-450.0,198.277,2751.4744047619047,-2094.5624897222224,-450.0,198.277,2025-09-21,9
2025-09-21,10,2025-09-21T03:30:00Z,2025-09-22T04:14:39Z,102.0,102.0,False,P,0.0,631.2144339623244,0.0,0.0,,,2839.4745347956577,-2012.449992658046,-450.0,254.176,2838.4745347956577,-2012.449992658046,-450.0,254.176,2025-09-21,10
2025-09-21,11,2025-09-21T04:00:00Z,2025-09-22T04:44:43Z,102.0,102.0,False,P,0.0,634.430665842014,0.0,0.0,,,2447.0651102864585,-1928.6095039554402,-125.0,241.0,2446.0651102864585,-1928.6095039554402,-125.0,241.0,2025-09-21,11
2025-09-21,12,2025-09-21T04:30:00Z,2025-09-22T05:14:39Z,98.95,98.95,False,P,0.0,113.86351589646465,0.0,0.0,,,2220.299849229798,-2014.6166666666666,-125.0,33.747,2219.299849229798,-2014.6166666666666,-125.0,33.747,2025-09-21,12
2025-09-21,13,2025-09-21T05:00:00Z,2025-09-22T05:44:39Z,3.37,3.37,False,N,0.0,-424.1799243434343,0.0,0.0,3.37,1.0,1775.3145201010102,-2049.2175933333333,-150.0,0.0,1775.3145201010102,-2048.4323823139457,-149.78521101938773,,2025-09-21,13
2025-09-21,14,2025-09-21T05:30:00Z,2025-09-22T06:14:38Z,-17.35,-17.35,False,N,0.0,-556.9489859974748,0.0,0.0,,,1761.419191919192,-2227.259177916667,-150.0,57.991,1761.419191919192,-2226.259177916667,-150.0,57.991,2025-09-21,14
2025-09-21,15,2025-09-21T06:00:00Z,2025-09-22T06:44:36Z,-12.11,-12.11,False,N,0.0,-666.1327686111111,0.0,0.0,,,1784.2722229166666,-2413.652796388889,-150.0,112.927,1784.2722229166666,-2412.652796388889,-150.0,112.927,2025-09-21,15
2025-09-21,16,2025-09-21T06:30:00Z,2025-09-22T07:14:40Z,-11.29,-11.29,False,N,0.0,-458.739,0.0,0.0,,,1791.4916666666666,-2196.5866666666666,-150.0,96.131,1791.4916666666666,-2195.5866666666666,-150.0,96.131,2025-09-21,16
2025-09-21,17,2025-09-21T07:00:00Z,2025-09-22T07:44:39Z,-13.33,-13.33,False,N,0.0,-450.7719640811966,0.0,0.0,,,1635.5042284188035,-1985.1045813888888,-150.0,48.862,1635.5042284188035,-1984.1045813888888,-150.0,48.862,2025-09-21,17
2025-09-21,18,2025-09-21T07:30:00Z,2025-09-22T08:14:48Z,-9.032022436994069,-9.032022436994069,False,N,0.0,-358.1994748076923,0.0,0.0,-8.575,1.0,1592.7464696367522,-1830.703611111111,-150.0,29.941,1592.7464696367522,-1829.703611111111,-150.0,29.941,2025-09-21,18
2025-09-21,19,2025-09-21T08:00:00Z,2025-09-22T08:44:37Z,4.18,4.18,False,N,0.0,-370.166675,0.0,0.0,4.18,1.0,1481.555856388889,-1701.5308647222223,-150.0,0.0,1481.555856388889,-1700.7751796186426,-149.75568510357965,,2025-09-21,19
2025-09-21,20,2025-09-21T08:30:00Z,2025-09-22T09:14:36Z,-14.31,-14.31,False,N,0.0,-378.42989752192983,0.0,0.0,-14.31,1.0,1285.6923245614034,-1514.1097220833333,-150.0,0.0,1285.6923245614034,-1513.1097220833333,-150.0,,2025-09-21,20
2025-09-21,21,2025-09-21T09:00:00Z,2025-09-22T09:44:40Z,-17.35,-17.35,False,N,0.0,-557.1103834502924,0.0,0.0,,,1214.5923976615388,-1622.148336596494,-150.0,0.0,1214.5923976615388,-1621.148336596494,-150.0,,2025-09-21,21
2025-09-21,22,2025-09-21T09:30:00Z,2025-09-22T10:14:42Z,-17.35,-17.35,False,N,0.0,-657.49790877525,0.0,0.0,,,1179.8312403030277,-1687.2562421085834,-150.0,0.0,1179.8312403030277,-1686.2562421085834,-150.0,,2025-09-21,22
2025-09-21,23,2025-09-21T10:00:00Z,2025-09-22T10:44:38Z,-17.35,-17.35,False,N,0.0,-658.9897252777778,0.0,0.0,,,1202.5622222222223,-1711.8313919444445,-150.0,0.0,1202.5622222222223,-1710.8313919444445,-150.0,,2025-09-21,23
2025-09-21,24,2025-09-21T10:30:00Z,2025-09-22T11:14:41Z,-43.72,-43.72,False,N,0.0,-973.0471620039683,0.0,0.0,,,1170.5341075283573,-1993.6554953373015,-150.0,0.0,1170.5341075283573,-1992.6554953373015,-150.0,,2025-09-21,24
2025-09-21,25,2025-09-21T11:00:00Z,2025-09-22T11:44:41Z,-40.0,-40.0,False,N,0.0,-921.3638888888889,0.0,0.0,,,1110.6250004166666,-1782.5805555555555,-250.0,0.0,1110.6250004166666,-1781.5805555555555,-250.0,,2025-09-21,25
2025-09-21,26,2025-09-21T11:30:00Z,2025-09-22T12:14:28Z,-30.75,-30.75,False,N,0.0,-739.9981980555556,0.0,0.0,,,1094.428752638889,-1598.2315317857142,-250.0,13.8,1094.428752638889,-1597.2315317857142,-250.0,13.8,2025-09-21,26
2025-09-21,27,2025-09-21T12:00:00Z,2025-09-22T12:45:00Z,-13.09,-13.09,False,N,0.0,-522.9054216203704,0.0,0.0,,,1345.6629672685185,-1422.631388888889,-500.0,54.313,1345.6629672685185,-1422.631388888889,-499.0,54.313,2025-09-21,27
2025-09-21,28,2025-09-21T12:30:00Z,2025-09-22T13:14:36Z,-13.05,-13.05,False,N,0.0,-499.6530121160975,0.0,0.0,,,1340.5961294116803,-1406.2007683676138,-500.0,66.1,1340.5961294116803,-1406.2007683676138,-499.0,66.1,2025-09-21,28
2025-09-21,29,2025-09-21T13:00:00Z,2025-09-22T13:44:36Z,-7.64,-7.64,False,N,0.0,-125.56905787037037,0.0,0.0,,,1711.6426018518519,-1345.9498213425925,-500.0,8.804,1711.6426018518519,-1345.9498213425925,-499.0,8.804,2025-09-21,29
2025-09-21,30,2025-09-21T13:30:00Z,2025-09-22T14:14:43Z,-7.64,-7.64,False,N,0.0,-133.28542299428105,0.0,0.0,,,1767.4852958210784,-1425.1694694444445,-500.0,24.413,1767.4852958210784,-1425.1694694444445,-499.0,24.413,2025-09-21,30
2025-09-21,31,2025-09-21T14:00:00Z,2025-09-22T14:44:33Z,3.48,3.48,False,N,0.0,-359.8508111111111,0.0,0.0,,,1395.7678718055556,-1363.5817461111112,-400.0,7.787,1395.7678718055556,-1363.5817461111112,-399.0,7.787,2025-09-21,31
2025-09-21,32,2025-09-21T14:30:00Z,2025-09-22T15:14:45Z,4.3496,4.3496,False,N,0.0,-269.2412763690476,0.0,0.0,,,1455.9132615277779,-1325.196204563492,-400.0,0.0,1455.9132615277779,-1325.196204563492,-399.0,,2025-09-21,32
2025-09-21,33,2025-09-21T15:00:00Z,2025-09-22T15:44:28Z,99.0,99.0,False,P,0.0,69.93886989542997,0.0,0.0,,,1451.3744831926883,-1381.460614080658,0.0,0.0,1450.3744831926883,-1381.460614080658,,,2025-09-21,33
2025-09-21,34,2025-09-21T15:30:00Z,2025-09-22T16:14:42Z,99.0,99.0,False,P,0.0,62.61315957967033,0.0,0.0,,,1373.7730003038766,-1311.34758485348,0.0,0.0,1372.7730003038766,-1311.34758485348,,,2025-09-21,34
2025-09-21,35,2025-09-21T16:00:00Z,2025-09-22T16:44:30Z,20.0,20.0,False,N,0.0,-378.18125166666664,0.0,0.0,20.0,1.0,1082.0735008333334,-1504.0846127777777,0.0,43.786,1082.0735008333334,-1503.0846127777777,,43.786,2025-09-21,35
2025-09-21,36,2025-09-21T16:30:00Z,2025-09-22T17:14:34Z,51.5,51.5,False,N,0.0,-33.71666666666667,0.0,0.0,51.5,1.0,1050.2333333333333,-1216.75,0.0,132.75,1050.2333333333333,-1215.75,,132.75,2025-09-21,36
2025-09-21,37,2025-09-21T17:00:00Z,2025-09-22T17:44:30Z,110.0,110.0,False,P,0.0,113.73969694444445,0.0,0.0,,,1241.4340913888889,-1237.0611719444444,0.0,109.531,1240.4340913888889,-1237.0611719444444,,109.531,2025-09-21,37
2025-09-21,38,2025-09-21T17:30:00Z,2025-09-22T18:14:30Z,110.0,110.0,False,P,0.0,302.21158583333334,0.0,0.0,,,1397.3540209722223,-1212.2581873611111,0.0,117.136,1396.3540209722223,-1212.2581873611111,,117.136,2025-09-21,38
2025-09-21,39,2025-09-21T18:00:00Z,2025-09-22T18:44:38Z,110.0,110.0,False,P,0.0,193.86598222222221,0.0,0.0,,,1403.2570901984127,-1395.4594391666667,0.0,186.5,1402.2570901984127,-1395.4594391666667,,186.5,2025-09-21,39
2025-09-21,40,2025-09-21T18:30:00Z,2025-09-22T19:14:33Z,114.9,114.9,False,P,0.0,382.0477518849206,0.0,0.0,,,1661.0163481349207,-1456.8431619907408,0.0,177.781,1660.0163481349207,-1456.8431619907408,,177.781,2025-09-21,40
2025-09-21,41,2025-09-21T19:00:00Z,2025-09-22T19:44:35Z,114.9,114.9,False,P,0.0,175.66461555555554,0.0,0.0,,,1499.5747822222222,-1373.7390872222222,-0.613,49.834,1498.5747822222222,-1373.7390872222222,-0.613,49.834,2025-09-21,41
2025-09-21,42,2025-09-21T19:30:00Z,2025-09-22T20:14:34Z,59.53071824925216,59.53071824925216,False,N,0.0,-121.03062601851852,0.0,0.0,59.640166666666666,1.0,1016.274729675926,-1138.7330688425925,-0.618,1.033,1016.274729675926,-1137.7330688425925,-0.618,1.033,2025-09-21,42
2025-09-21,43,2025-09-21T20:00:00Z,2025-09-22T20:44:38Z,114.9,114.9,False,P,0.0,118.62465444444445,0.0,0.0,,,865.3773483333333,-828.3106938888889,-0.659,81.633,864.3773483333333,-828.3106938888889,-0.659,81.633,2025-09-21,43
2025-09-21,44,2025-09-21T20:30:00Z,2025-09-22T21:14:39Z,52.0,52.0,False,N,0.0,-105.45029761904762,0.0,0.0,,,714.4309523809524,-820.28125,0.0,0.0,714.4309523809524,-819.28125,,,2025-09-21,44
2025-09-21,45,2025-09-21T21:00:00Z,2025-09-22T21:44:33Z,51.0,51.0,False,N,0.0,-14.65860929383117,0.0,0.0,,,676.3784033450577,-719.9124739688868,0.0,28.633,676.3784033450577,-718.9124739688868,,28.633,2025-09-21,45
2025-09-21,46,2025-09-21T21:30:00Z,2025-09-22T22:14:31Z,84.77,84.77,False,P,0.0,256.72007916666666,0.0,0.0,84.77,0.0,885.01174875,-628.4000851087684,0.0,0.0,884.01174875,-628.4000851087684,,,2025-09-21,46
2025-09-21,47,2025-09-21T22:00:00Z,2025-09-22T22:44:34Z,86.84,86.84,False,P,0.0,123.54165888888889,0.0,0.0,86.84,0.0,1159.7045277777777,-786.3128688888889,-250.0,0.0,1158.7045277777777,-786.3128688888889,-250.0,,2025-09-21,47
2025-09-21,48,2025-09-21T22:30:00Z,2025-09-22T23:14:38Z,66.34,66.34,False,N,0.0,-74.24166666666666,0.0,0.0,,,1134.8916708333334,-959.1000041666666,-250.0,0.0,1134.8916708333334,-959.1000041666666,-249.0,,2025-09-21,48
2025-09-22,1,2025-09-21T23:00:00Z,2025-09-22T23:44:35Z,77.59,77.59,False,P,0.0,115.22357142857143,0.0,0.0,77.59,0.0,1145.7,-780.509761904762,-250.0,0.0,1144.7,-780.509761904762,-250.0,,2025-09-22,1
2025-09-22,2,2025-09-21T23:30:00Z,2025-09-23T00:14:30Z,99.0,99.0,False,P,0.0,90.8037037037037,0.0,0.0,,,1193.5645266666668,-852.9441562962963,-250.0,0.0,1192.5645266666668,-852.9441562962963,-250.0,,2025-09-22,2
2025-09-22,3,2025-09-22T00:00:00Z,2025-09-23T00:44:33Z,71.73,71.73,False,P,0.0,171.9591156802551,0.0,0.0,71.73,0.0,1215.8833333333334,-794.3158843197449,-250.0,0.0,1214.8833333333334,-794.3158843197449,-250.0,,2025-09-22,3
2025-09-22,4,2025-09-22T00:30:00Z,2025-09-23T01:14:34Z,99.0,99.0,False,P,0.0,278.66083333333336,0.0,0.0,99.0,1.0,1236.6666666666667,-708.2058333333333,-250.0,0.0,1235.6666666666667,-708.2058333333333,-250.0,,2025-09-22,4
2025-09-22,5,2025-09-22T01:00:00Z,2025-09-23T01:44:42Z,99.0,99.0,False,P,0.0,123.35656472222222,0.0,0.0,,,1227.4176769444443,-704.009345,-400.0,0.0,1226.4176769444443,-704.009345,-400.0,,2025-09-22,5
2025-09-22,6,2025-09-22T01:30:00Z,2025-09-23T02:15:06Z,88.23,88.23,False,P,0.0,12.233333333333333,0.0,0.0,88.23,1.0,1218.7745195833334,-806.51618625,-400.0,0.0,1217.7745195833334,-806.51618625,-400.0,,2025-09-22,6
2025-09-22,7,2025-09-22T02:00:00Z,2025-09-23T02:44:44Z,72.23,72.23,False,P,0.0,95.96666388888889,0.0,0.0,72.23,0.0,1213.5,-893.0750027777777,-225.0,0.0,1212.5,-893.0750027777777,-225.0,,2025-09-22,7
2025-09-22,8,2025-09-22T02:30:00Z,2025-09-23T03:14:31Z,61.0,61.0,False,N,0.0,-19.110416666666666,0.0,0.0,,,1207.2270833333334,-1001.8354166666667,-225.0,0.0,1207.2270833333334,-1000.8354166666667,-225.0,,2025-09-22,8
2025-09-22,9,2025-09-22T03:00:00Z,2025-09-23T03:44:32Z,62.58,62.58,False,N,0.0,-20.990004583333334,0.0,0.0,,,1183.3749995833334,-1079.5750041666668,-125.0,0.0,1183.3749995833334,-1078.5750041666668,-125.0,,2025-09-22,9
2025-09-22,10,2025-09-22T03:30:00Z,2025-09-23T04:14:31Z,99.0,99.0,False,P,0.0,38.37942670634921,0.0,0.0,,,1121.3135269444444,-957.7599588543623,-125.0,0.0,1120.3135269444444,-957.7599588543623,-125.0,,2025-09-22,10
2025-09-22,11,2025-09-22T04:00:00Z,2025-09-23T04:44:39Z,40.0,40.0,False,N,0.0,-248.7563888888889,0.0,0.0,,,1051.6166666666666,-1125.731388888889,-175.0,0.0,1051.6166666666666,-1124.731388888889,-175.0,,2025-09-22,11
2025-09-22,12,2025-09-22T04:30:00Z,2025-09-23T05:14:45Z,49.14,49.14,False,N,0.0,-156.53527687275985,0.0,0.0,,,1111.6626438933692,-1093.3480502777777,-175.0,0.0,1111.6626438933692,-1092.3480502777777,-175.0,,2025-09-22,12
2025-09-22,13,2025-09-22T05:00:00Z,2025-09-23T05:44:31Z,40.93,40.93,False,N,0.0,-88.62327441077441,0.0,0.0,,,880.8678240740741,-970.0285984848484,0.0,0.0,880.8678240740741,-969.0285984848484,,,2025-09-22,13
2025-09-22,14,2025-09-22T05:30:00Z,2025-09-23T06:14:43Z,65.8,65.8,False,N,0.0,-62.924276825396824,0.0,0.0,65.8,1.0,906.5367231746031,-1017.920455,0.0,48.364,906.5367231746031,-1016.920455,,48.364,2025-09-22,14
2025-09-22,15,2025-09-22T06:00:00Z,2025-09-23T06:44:36Z,103.99,103.99,False,P,0.0,249.71785583333335,0.0,0.0,,,1187.1950652777778,-1076.0200661111112,0.0,138.6,1186.1950652777778,-1076.0200661111112,,138.6,2025-09-22,15
2025-09-22,16,2025-09-22T06:30:00Z,2025-09-23T07:14:40Z,103.99,103.99,False,P,0.0,188.5222826388889,0.0,0.0,,,1121.9399741666666,-1092.6316384722222,0.0,158.936,1120.9399741666666,-1092.6316384722222,,158.936,2025-09-22,16
2025-09-22,17,2025-09-22T07:00:00Z,2025-09-23T07:44:36Z,99.0,99.0,False,P,0.0,123.02455180555556,0.0,0.0,,,1036.4596004166667,-970.0818219444444,0.0,56.634,1035.4596004166667,-970.0818219444444,,56.634,2025-09-22,17
2025-09-22,18,2025-09-22T07:30:00Z,2025-09-23T08:14:38Z,67.41,67.41,False,N,0.0,-135.8625,0.0,0.0,67.41,1.0,785.9458333333333,-921.7708333333334,0.0,0.0,785.9458333333333,-920.7708333333334,,,2025-09-22,18
2025-09-22,19,2025-09-22T08:00:00Z,2025-09-23T08:44:39Z,52.0,52.0,False,N,0.0,-145.61435810185185,0.0,0.0,,,846.688215,-992.1775731018519,0.0,0.0,846.688215,-991.1775731018519,,,2025-09-22,19
2025-09-22,20,2025-09-22T08:30:00Z,2025-09-23T09:14:36Z,52.0,52.0,False,N,0.0,-264.79398689814815,0.0,0.0,52.0,1.0,633.0583333333333,-897.9356535648149,0.0,0.0,633.0583333333333,-896.9356535648149,,,2025-09-22,20
2025-09-22,21,2025-09-22T09:00:00Z,2025-09-23T09:44:35Z,53.14325384817932,53.14325384817932,False,N,0.0,-191.85416541666666,0.0,0.0,53.42,1.0,721.4583333333334,-913.3666654166667,0.0,0.0,721.4583333333334,-912.3666654166667,,,2025-09-22,21
2025-09-22,22,2025-09-22T09:30:00Z,2025-09-23T10:14:37Z,50.0,50.0,False,N,0.0,-299.62276073232323,0.0,0.0,,,896.5679145454545,-1196.5219308632095,0.0,0.0,896.5679145454545,-1195.5219308632095,,,2025-09-22,22
2025-09-22,23,2025-09-22T10:00:00Z,2025-09-23T10:44:41Z,15.47,15.47,False,N,0.0,-262.29838333333333,0.0,0.0,15.47,1.0,838.2533333333333,-1103.7866652777777,0.0,3.017,838.2533333333333,-1102.7866652777777,,3.017,2025-09-22,23
2025-09-22,24,2025-09-22T10:30:00Z,2025-09-23T11:14:47Z,45.188106114385754,45.188106114385754,False,N,0.0,-175.81104761904763,0.0,0.0,46.48858333333333,1.0,860.0541666666667,-1080.564880952381,0.0,44.183,860.0541666666667,-1079.564880952381,,44.183,2025-09-22,24
2025-09-22,25,2025-09-22T11:00:00Z,2025-09-23T11:44:56Z,50.01,50.01,False,N,0.0,-167.37576548701298,0.0,0.0,50.01,1.0,819.5709380050505,-1023.929702987013,0.0,36.933,819.5709380050505,-1022.929702987013,,36.933,2025-09-22,25
2025-09-22,26,2025-09-22T11:30:00Z,2025-09-23T12:14:41Z,94.5,94.5,False,P,0.0,104.09047416666667,0.0,0.0,,,1019.5994741666667,-944.05,0.0,28.801,1018.5994741666667,-944.05,,28.801,2025-09-22,26
2025-09-22,27,2025-09-22T12:00:00Z,2025-09-23T12:45:54Z,52.1,52.1,False,N,0.0,-74.2109375,0.0,0.0,,,972.6578125,-1046.7729166666666,0.0,0.0,972.6578125,-1045.7729166666666,,,2025-09-22,27
2025-09-22,28,2025-09-22T12:30:00Z,2025-09-23T13:14:39Z,52.25,52.25,False,N,0.0,-125.29187027777778,0.0,0.0,,,894.7261852777777,-1019.8513976608187,0.0,0.0,894.7261852777777,-1018.8513976608187,,,2025-09-22,28
2025-09-22,29,2025-09-22T13:00:00Z,2025-09-23T13:44:28Z,52.1,52.1,False,N,0.0,-356.5511111111111,0.0,0.0,52.1,1.0,757.4166666666666,-1114.0427777777777,0.0,0.0,757.4166666666666,-1113.0427777777777,,,2025-09-22,29
2025-09-22,30,2025-09-22T13:30:00Z,2025-09-23T14:14:34Z,45.0,45.0,False,N,0.0,-614.7483099138607,0.0,0.0,45.0,1.0,739.5009126989866,-1354.3066428555965,0.0,0.0,739.5009126989866,-1353.3066428555965,,,2025-09-22,30
2025-09-22,31,2025-09-22T14:00:00Z,2025-09-23T14:44:45Z,52.1,52.1,False,N,0.0,-422.10343137254904,0.0,0.0,52.1,1.0,718.5,-1140.603431372549,0.0,0.0,718.5,-1139.603431372549,,,2025-09-22,31
2025-09-22,32,2025-09-22T14:30:00Z,2025-09-23T15:14:45Z,45.0,45.0,False,N,0.0,-170.7358293967298,0.0,0.0,45.0,1.0,687.0666651566471,-858.1358285533769,0.0,0.0,687.0666651566471,-857.1358285533769,,,2025-09-22,32
2025-09-22,33,2025-09-22T15:00:00Z,2025-09-23T15:44:41Z,20.0,20.0,False,N,0.0,-495.98332958333333,0.0,0.0,20.0,1.0,634.3166666666667,-1130.4833295833334,0.0,0.0,634.3166666666667,-1129.4833295833334,,,2025-09-22,33
2025-09-22,34,2025-09-22T15:30:00Z,2025-09-23T16:14:53Z,20.0,20.0,False,N,0.0,-552.7006895141895,0.0,0.0,20.0,1.0,464.98583333333335,-1059.0525228475228,0.0,41.266,464.98583333333335,-1058.0525228475228,,41.266,2025-09-22,34
2025-09-22,35,2025-09-22T16:00:00Z,2025-09-23T16:44:40Z,54.0,54.0,False,N,0.0,-170.25509595959596,0.0,0.0,,,286.6694444444444,-962.0415404040403,0.0,505.067,286.6694444444444,-961.0415404040403,,505.067,2025-09-22,35
2025-09-22,36,2025-09-22T16:30:00Z,2025-09-23T17:14:40Z,105.61014492753623,105.61014492753623,False,P,0.0006,164.427345,0.0,0.0,,,416.21904875,-673.4934919444445,0.0,421.767,416.21904875,-673.4934919444445,,420.767,2025-09-22,36
2025-09-22,37,2025-09-22T17:00:00Z,2025-09-23T17:44:43Z,103.29,103.29,False,P,0.1746,5.854857916666667,0.0,0.0,,,507.8658736111111,-902.1214323611111,0.0,400.0,506.8658736111111,-902.1214323611111,,400.0,2025-09-22,37
2025-09-22,38,2025-09-22T17:30:00Z,2025-09-23T18:14:44Z,115.0,115.0,False,P,0.2412,57.51998666666667,0.0,0.0,,,494.92415444444447,-872.4874844444445,0.0,435.267,493.92415444444447,-872.4874844444445,,435.267,2025-09-22,38
2025-09-22,39,2025-09-22T18:00:00Z,2025-09-23T18:44:43Z,110.84,110.84,False,P,0.0066,49.84359027777778,0.0,0.0,,,629.5938125,-803.7590909722222,0.0,223.997,629.5938125,-803.7590909722222,,222.997,2025-09-22,39
2025-09-22,40,2025-09-22T18:30:00Z,2025-09-23T19:14:49Z,111.0,111.0,False,P,0.018,57.53644444444444,0.0,0.0,,,606.8704444444444,-760.2385,0.0,211.268,606.8704444444444,-760.2385,,210.268,2025-09-22,40
2025-09-22,41,2025-09-22T19:00:00Z,2025-09-23T19:44:45Z,69.68,69.68,False,N,0.009,-186.84501013888888,0.0,0.0,,,444.86355125,-692.4052172222222,0.0,60.698,444.86355125,-691.4052172222222,,60.698,2025-09-22,41
2025-09-22,42,2025-09-22T19:30:00Z,2025-09-23T20:14:40Z,66.68,66.68,False,N,0.0006,-130.75183333333334,0.0,0.0,,,393.5416666666667,-531.3291666666667,0.0,6.869,393.5416666666667,-530.3291666666667,,6.869,2025-09-22,42
2025-09-22,43,2025-09-22T20:00:00Z,2025-09-23T20:44:38Z,70.06,70.06,False,N,0.0,-71.7063883531746,0.0,0.0,,,327.016667202381,-398.6086111111111,0.0,0.0,327.016667202381,-397.6086111111111,,,2025-09-22,43
2025-09-22,44,2025-09-22T20:30:00Z,2025-09-23T21:14:40Z,69.68,69.68,False,N,0.0,-202.41805555555555,0.0,0.0,,,450.425,-653.0997222222222,0.0,0.0,450.425,-652.0997222222222,,,2025-09-22,44
2025-09-22,45,2025-09-22T21:00:00Z,2025-09-23T21:44:43Z,98.69,98.69,False,P,0.0,77.61364507246377,0.0,0.0,,,517.6797222222223,-550.0807767962231,0.0,110.251,516.6797222222223,-550.0807767962231,,110.251,2025-09-22,45
2025-09-22,46,2025-09-22T21:30:00Z,2025-09-23T22:14:47Z,98.69,98.69,False,P,0.0,281.4198997979798,0.0,0.0,,,630.804622020202,-355.8265944462139,0.0,6.65,629.804622020202,-355.8265944462139,,6.65,2025-09-22,46
2025-09-22,47,2025-09-22T22:00:00Z,2025-09-23T22:44:50Z,98.69,98.69,False,P,0.0,252.9928515079365,0.0,0.0,,,665.0318147222222,-414.63181515873015,0.0,2.533,664.0318147222222,-414.63181515873015,,2.533,2025-09-22,47
2025-09-22,48,2025-09-22T22:30:00Z,2025-09-23T23:14:37Z,97.0,97.0,False,P,0.0,93.52576388888889,0.0,0.0,,,681.9038888888889,-588.4614583333333,0.0,0.0,680.9038888888889,-588.4614583333333,,,2025-09-22,48
2025-09-23,1,2025-09-22T23:00:00Z,2025-09-23T23:44:39Z,97.0,97.0,False,P,0.0,92.36082805555556,0.0,0.0,,,660.4697823809523,-568.3635052777778,0.0,0.0,659.4697823809523,-568.3635052777778,,,2025-09-23,1
2025-09-23,2,2025-09-22T23:30:00Z,2025-09-24T00:14:41Z,97.0,97.0,False,P,0.0,1.7223333333333333,0.0,0.0,,,588.9949652777777,-622.4059652777778,0.0,34.95,587.9949652777777,-622.4059652777778,,34.95,2025-09-23,2
2025-09-23,3,2025-09-23T00:00:00Z,2025-09-24T00:44:45Z,66.9,66.9,False,N,0.0,-38.413694444444445,0.0,0.0,,,524.6666666666666,-598.6661111111111,0.0,35.517,524.6666666666666,-597.6661111111111,,35.517,2025-09-23,3
2025-09-23,4,2025-09-23T00:30:00Z,2025-09-24T01:14:41Z,110.0,110.0,False,P,0.0,180.00982172979798,0.0,0.0,110.0,1.0,452.425,-280.74936910353534,0.0,8.083,451.5215365070721,-280.74936910353534,,7.986463492927903,2025-09-23,4
2025-09-23,5,2025-09-23T01:00:00Z,2025-09-24T01:44:42Z,97.0,97.0,False,P,0.0,81.39965277777777,0.0,0.0,,,469.125,-387.89201388888887,0.0,0.0,468.125,-387.89201388888887,,,2025-09-23,5
2025-09-23,6,2025-09-23T01:30:00Z,2025-09-24T02:15:41Z,124.0,124.0,False,P,0.0,174.07707791666667,0.0,0.0,124.0,1.0,449.7583333333333,-276.18125541666666,0.0,0.0,448.7583333333333,-276.18125541666666,,,2025-09-23,6
2025-09-23,7,2025-09-23T02:00:00Z,2025-09-24T02:44:33Z,117.46967037392554,117.46967037392554,False,P,0.0,216.73958333333334,0.0,0.0,110.725,1.0,449.3854166666667,-232.57083333333333,0.0,0.0,448.3854166666667,-232.57083333333333,,,2025-09-23,7
2025-09-23,8,2025-09-23T02:30:00Z,2025-09-24T03:14:35Z,97.0,97.0,False,P,0.0,110.6490578968254,0.0,0.0,,,448.5,-337.9509421031746,0.0,0.0,447.5,-337.9509421031746,,,2025-09-23,8
2025-09-23,9,2025-09-23T03:00:00Z,2025-09-24T03:44:33Z,66.9,66.9,False,N,0.0,-11.13425925925926,0.0,0.0,,,462.35,-473.48425925925926,0.0,0.0,462.35,-472.48425925925926,,,2025-09-23,9
2025-09-23,10,2025-09-23T03:30:00Z,2025-09-24T04:14:30Z,65.46,65.46,False,N,0.0,-115.26598583877995,0.0,0.0,,,393.8622549019608,-509.2699074074074,0.0,0.0,393.8622549019608,-508.2699074074074,,,2025-09-23,10
2025-09-23,11,2025-09-23T04:00:00Z,2025-09-24T04:44:40Z,97.0,97.0,False,P,0.0,176.12445144724558,0.0,0.0,97.0,0.5166666666666667,402.3544117647059,-226.22996031746032,0.0,0.0,401.3544117647059,-226.22996031746032,,,2025-09-23,11
2025-09-23,12,2025-09-23T04:30:00Z,2025-09-24T05:14:40Z,102.9,102.9,False,P,0.0,11.340729825036075,0.0,0.0,,,199.78507575757575,-188.5193459325397,0.0,0.0,198.78507575757575,-188.5193459325397,,,2025-09-23,12
2025-09-23,13,2025-09-23T05:00:00Z,2025-09-24T05:44:36Z,105.9,105.9,False,P,0.0,55.99155101851852,0.0,0.0,,,344.99791847222224,-335.66620412037037,0.0,46.918,343.99791847222224,-335.66620412037037,,46.918,2025-09-23,13
2025-09-23,14,2025-09-23T05:30:00Z,2025-09-24T06:14:37Z,138.11,138.11,False,P,0.0,432.59728295713614,0.0,0.0,,,467.76103045713614,-35.45569704985773,0.0,0.0,466.76103045713614,-35.45569704985773,,,2025-09-23,14
2025-09-23,15,2025-09-23T06:00:00Z,2025-09-24T06:44:36Z,141.09502307702002,141.09502307702002,False,P,0.0,659.9196527430555,0.0,0.0,,,707.8882231597222,-69.04675760416667,0.0,21.23,706.8882231597222,-69.04675760416667,,21.23,2025-09-23,15
2025-09-23,16,2025-09-23T06:30:00Z,2025-09-24T07:14:44Z,139.9,139.9,False,P,0.0,749.7129615277778,0.0,0.0,,,618.3003968055556,-136.66873569444445,0.0,268.23,617.3003968055556,-136.66873569444445,,268.23,2025-09-23,16
2025-09-23,17,2025-09-23T07:00:00Z,2025-09-24T07:44:35Z,132.0,132.0,False,P,0.0,424.0893809722222,0.0,0.0,,,296.96771430555555,-142.92604166666666,0.0,270.605,296.96771430555555,-142.92604166666666,,269.605,2025-09-23,17
2025-09-23,18,2025-09-23T07:30:00Z,2025-09-24T08:14:36Z,129.71,129.71,False,P,0.0,270.46666666666664,0.0,0.0,,,408.6694444444444,-138.50277777777777,0.0,0.0,407.6694444444444,-138.50277777777777,,,2025-09-23,18
2025-09-23,19,2025-09-23T08:00:00Z,2025-09-24T08:44:37Z,62.17,62.17,False,N,0.0,-58.905042321428574,0.0,0.0,,,244.72948865079366,-360.2517106547619,0.0,57.03,244.72948865079366,-359.2517106547619,,57.03,2025-09-23,19
2025-09-23,20,2025-09-23T08:30:00Z,2025-09-24T09:14:34Z,62.17,62.17,False,N,0.0,-5.3886666666666665,0.0,0.0,,,244.26666666666668,-251.64166666666668,0.0,1.903,244.26666666666668,-250.64166666666668,,1.903,2025-09-23,20
2025-09-23,21,2025-09-23T09:00:00Z,2025-09-24T09:44:40Z,105.9,105.9,False,P,0.0,456.3488889569161,0.0,0.0,,,636.2861111791383,-179.91222382086167,0.0,0.0,635.2861111791383,-179.91222382086167,,,2025-09-23,21
2025-09-23,22,2025-09-23T09:30:00Z,2025-09-24T10:14:41Z,105.9,105.9,False,P,0.0,444.71363657745337,0.0,0.0,,,617.5382495833334,-172.89160064428282,0.0,0.0,616.5382495833334,-172.89160064428282,,,2025-09-23,22
2025-09-23,23,2025-09-23T10:00:00Z,2025-09-24T10:44:43Z,105.9,105.9,False,P,0.0,474.6216205555556,0.0,0.0,,,655.0415875219298,-179.96353011695908,0.0,0.0,654.0415875219298,-179.96353011695908,,,2025-09-23,23
2025-09-23,24,2025-09-23T10:30:00Z,2025-09-24T11:14:34Z,62.35,62.35,False,N,0.0,-101.48805555555556,0.0,0.0,,,544.0083333333333,-645.5713888888889,0.0,0.0,544.0083333333333,-644.5713888888889,,,2025-09-23,24
2025-09-23,25,2025-09-23T11:00:00Z,2025-09-24T11:44:39Z,62.36,62.36,False,N,0.0,-215.05233333333334,0.0,0.0,,,506.5833333333333,-830.175,0.0,108.431,506.5833333333333,-829.175,,108.431,2025-09-23,25
2025-09-23,26,2025-09-23T11:30:00Z,2025-09-24T12:14:37Z,62.5,62.5,False,N,0.0,-172.50559027777777,0.0,0.0,,,547.8153553472222,-906.5412216287813,0.0,186.0,547.8153553472222,-905.5412216287813,,186.0,2025-09-23,26
2025-09-23,27,2025-09-23T12:00:00Z,2025-09-24T12:44:37Z,62.66,62.66,False,N,0.0,-32.358583984375,0.0,0.0,,,631.8466371180556,-723.8869173177084,0.0,59.37,631.8466371180556,-722.8869173177084,,59.37,2025-09-23,27
2025-09-23,28,2025-09-23T12:30:00Z,2025-09-24T13:14:36Z,95.99,95.99,False,P,0.0,54.11593013888889,0.0,0.0,,,734.21986,-680.5532023015834,0.0,0.0,733.21986,-680.5532023015834,,,2025-09-23,28
2025-09-23,29,2025-09-23T13:00:00Z,2025-09-24T13:44:27Z,62.66,62.66,False,N,0.0,-88.76727165342758,0.0,0.0,,,697.060421018507,-786.1006049867609,0.0,0.0,697.060421018507,-785.1006049867609,,,2025-09-23,29
2025-09-23,30,2025-09-23T13:30:00Z,2025-09-24T14:14:42Z,95.99,95.99,False,P,0.0,89.50204011803837,0.0,0.0,,,604.0174987445569,-514.4234462235426,0.0,0.0,603.0174987445569,-514.4234462235426,,,2025-09-23,30
2025-09-23,31,2025-09-23T14:00:00Z,2025-09-24T14:44:55Z,95.99,95.99,False,P,0.0,136.3256734949076,0.0,0.0,,,519.8052787666467,-383.56721576435166,0.0,0.0,518.8052787666467,-383.56721576435166,,,2025-09-23,31
2025-09-23,32,2025-09-23T14:30:00Z,2025-09-24T15:14:29Z,62.7,62.7,False,N,0.0,-189.85181042884992,0.0,0.0,,,464.7997222222222,-654.8940326510722,0.0,0.0,464.7997222222222,-653.8940326510722,,,2025-09-23,32
2025-09-23,33,2025-09-23T15:00:00Z,2025-09-24T15:44:28Z,62.7,62.7,False,N,0.0,-278.1581783535543,0.0,0.0,,,284.7947937050961,-563.2360842892268,0.0,0.0,284.7947937050961,-562.2360842892268,,,2025-09-23,33
2025-09-23,34,2025-09-23T15:30:00Z,2025-09-24T16:14:34Z,62.71,62.71,False,N,0.0,-168.0217432846957,0.0,0.0,,,187.93359641666666,-356.33840995136234,0.0,0.0,187.93359641666666,-355.33840995136234,,,2025-09-23,34
2025-09-23,35,2025-09-23T16:00:00Z,2025-09-24T16:44:29Z,63.0,63.0,False,N,0.0,-306.9076066986656,0.0,0.0,,,108.57478290123457,-915.4076066986656,0.0,500.0,108.57478290123457,-914.4076066986656,,500.0,2025-09-23,35
2025-09-23,36,2025-09-23T16:30:00Z,2025-09-24T17:14:34Z,69.87,69.87,False,N,0.0054,-183.62154119981327,0.0,0.0,,,108.5875,-792.3215411998133,0.0,500.0,108.5875,-791.3215411998133,,500.0,2025-09-23,36
2025-09-23,37,2025-09-23T17:00:00Z,2025-09-24T17:44:25Z,70.68,70.68,False,N,0.3186,-134.1563492063492,0.0,0.0,,,113.5,-597.7730158730159,0.0,350.0,113.5,-596.7730158730159,,350.0,2025-09-23,37
2025-09-23,38,2025-09-23T17:30:00Z,2025-09-24T18:14:36Z,80.0,80.0,False,N,7.2228,-3.321001388888889,0.0,0.0,,,183.6041698611111,-551.1697236111111,0.0,364.164,183.6041698611111,-550.1697236111111,,364.164,2025-09-23,38
2025-09-23,39,2025-09-23T18:00:00Z,2025-09-24T18:44:37Z,179.2,179.2,False,P,6.8328,255.94466666666668,0.0,0.0,,,336.7583333333333,-88.10666666666667,0.0,7.168,335.7583333333333,-88.10666666666667,,7.168,2025-09-23,39
2025-09-23,40,2025-09-23T18:30:00Z,2025-09-24T19:14:40Z,135.0,135.0,False,P,1.299,247.349,0.0,0.0,,,284.57309583333335,-184.69809666666666,0.0,147.524,283.57309583333335,-184.69809666666666,,147.524,2025-09-23,40
2025-09-23,41,2025-09-23T19:00:00Z,2025-09-24T19:44:36Z,135.2,135.2,False,P,0.165,105.96977777777778,0.0,0.0,,,239.2736111111111,-144.24583333333334,0.0,10.942,238.2736111111111,-144.24583333333334,,10.942,2025-09-23,41
2025-09-23,42,2025-09-23T19:30:00Z,2025-09-24T20:14:35Z,74.1,74.1,False,N,0.0054,-33.65277777777778,0.0,0.0,,,172.80972222222223,-206.4125,0.0,0.0,172.80972222222223,-205.4125,,,2025-09-23,42
2025-09-23,43,2025-09-23T20:00:00Z,2025-09-24T20:44:33Z,66.06,66.06,False,N,0.0,-151.2457986111111,0.0,0.0,,,140.27572916666668,-291.6052279589372,0.0,0.0,140.27572916666668,-290.6052279589372,,,2025-09-23,43
2025-09-23,44,2025-09-23T20:30:00Z,2025-09-24T21:14:38Z,63.12,63.12,False,N,0.0,-183.7864621212121,0.0,0.0,,,207.86666666666667,-401.95246212121214,0.0,10.366,207.86666666666667,-400.95246212121214,,10.366,2025-09-23,44
2025-09-23,45,2025-09-23T21:00:00Z,2025-09-24T21:44:46Z,110.99968694563289,110.99968694563289,False,P,0.0,16.470545454545455,0.0,0.0,,,0.0,-48.62045454545454,0.0,64.766,0.0,-48.62045454545454,,63.766,2025-09-23,45
2025-09-23,46,2025-09-23T21:30:00Z,2025-09-24T22:14:35Z,62.78,62.78,False,N,0.0,-130.05833333333334,0.0,0.0,,,48.5,-178.69166666666666,0.0,0.0,48.5,-177.69166666666666,,,2025-09-23,46
2025-09-23,47,2025-09-23T22:00:00Z,2025-09-24T22:44:37Z,62.78,62.78,False,N,0.0,-28.68958263888889,0.0,0.0,,,229.84166666666667,-258.5479159722222,0.0,0.0,229.84166666666667,-257.5479159722222,,,2025-09-23,47
2025-09-23,48,2025-09-23T22:30:00Z,2025-09-24T23:14:38Z,62.78,62.78,False,N,0.0,-70.46433333333333,0.0,0.0,,,318.2416666666667,-394.55,0.0,5.844,318.2416666666667,-393.55,,5.844,2025-09-23,48
2025-09-24,1,2025-09-23T23:00:00Z,2025-09-24T23:44:40Z,109.99640577043824,109.99640577043824,False,P,0.0,66.21466666666667,0.0,0.0,109.94008641382621,1.0,333.5,-292.0416666666667,0.0,24.673,333.44,-292.0416666666667,,23.733,2025-09-24,1
2025-09-24,2,2025-09-23T23:30:00Z,2025-09-25T00:14:40Z,98.97941176991596,98.97941176991596,False,P,0.0,91.89485347985348,0.0,0.0,98.97358333333334,1.0,355.04541666666665,-263.1238965201465,0.0,0.0,354.04541666666665,-263.1238965201465,,,2025-09-24,2
2025-09-24,3,2025-09-24T00:00:00Z,2025-09-25T00:44:46Z,76.4,76.4,False,P,0.0,229.33205697649572,0.0,0.0,76.4,0.0,333.51666666666665,-104.18460969017094,0.0,0.0,332.51666666666665,-104.18460969017094,,,2025-09-24,3
2025-09-24,4,2025-09-24T00:30:00Z,2025-09-25T01:14:39Z,110.0,110.0,False,P,0.0,232.49033333333333,0.0,0.0,110.0,1.0,380.4637123611111,-202.38871236111112,0.0,54.3,379.55258324452217,-202.38871236111112,,54.21112911658893,2025-09-24,4
2025-09-24,5,2025-09-24T01:00:00Z,2025-09-25T01:44:37Z,99.79,99.79,False,P,0.0,145.18333333333334,0.0,0.0,99.79,1.0,341.3833333333333,-196.61666666666667,0.0,0.0,340.3833333333333,-196.61666666666667,,,2025-09-24,5
2025-09-24,6,2025-09-24T01:30:00Z,2025-09-25T02:15:20Z,99.69523256038121,99.69523256038121,False,P,0.0,113.32532388888889,0.0,0.0,99.65333333333334,1.0,383.11910666666665,-269.48994180555553,0.0,0.0,382.11910666666665,-269.48994180555553,,,2025-09-24,6
2025-09-24,7,2025-09-24T02:00:00Z,2025-09-25T02:44:31Z,63.5,63.5,False,N,0.0,-16.65059523809524,0.0,0.0,,,338.5,-355.6672619047619,0.0,0.0,338.5,-354.6672619047619,,,2025-09-24,7
2025-09-24,8,2025-09-24T02:30:00Z,2025-09-25T03:14:32Z,76.73,76.73,False,P,0.0,221.27709019390332,0.0,0.0,76.73,0.0,355.687125625,-134.56735473665225,0.0,0.0,354.687125625,-134.56735473665225,,,2025-09-24,8
2025-09-24,9,2025-09-24T03:00:00Z,2025-09-25T03:44:32Z,65.0,65.0,False,N,0.0,-50.907291666666666,0.0,0.0,,,339.25,-390.15729166666665,0.0,0.0,339.25,-389.15729166666665,,,2025-09-24,9
2025-09-24,10,2025-09-24T03:30:00Z,2025-09-25T04:14:35Z,145.0,145.0,False,P,0.0,50.12308326388889,0.0,0.0,,,355.9117308333333,-306.42198090277776,0.0,0.0,354.9117308333333,-306.42198090277776,,,2025-09-24,10
2025-09-24,11,2025-09-24T04:00:00Z,2025-09-25T04:44:35Z,63.5,63.5,False,N,0.0,-108.53535277777777,0.0,0.0,,,290.44166666666666,-399.74444361111114,0.0,0.0,290.44166666666666,-398.74444361111114,,,2025-09-24,11
2025-09-24,12,2025-09-24T04:30:00Z,2025-09-25T05:14:39Z,63.5,63.5,False,N,0.0,-121.24084656084656,0.0,0.0,,,309.8576388888889,-431.2401521164021,0.0,0.0,309.8576388888889,-430.2401521164021,,,2025-09-24,12
2025-09-24,13,2025-09-24T05:00:00Z,2025-09-25T05:44:34Z,64.55,64.55,False,N,0.0,-88.4178889957265,0.0,0.0,,,413.3491080555556,-501.7762223290598,0.0,0.0,413.3491080555556,-500.7762223290598,,,2025-09-24,13
2025-09-24,14,2025-09-24T05:30:00Z,2025-09-25T06:14:37Z,74.63107890254327,74.63107890254327,False,N,0.0,-13.579263194444444,0.0,0.0,,,476.5644840277778,-516.3372631944444,0.0,25.983,476.5644840277778,-515.3372631944444,,25.983,2025-09-24,14
2025-09-24,15,2025-09-24T06:00:00Z,2025-09-25T06:44:38Z,119.0,119.0,False,P,0.0,209.24409259259258,0.0,0.0,,,412.69166666666666,-337.3449074074074,0.0,133.864,411.69166666666666,-337.3449074074074,,133.864,2025-09-24,15
2025-09-24,16,2025-09-24T06:30:00Z,2025-09-25T07:14:34Z,157.0,157.0,False,P,0.0,312.0256732060185,0.0,0.0,,,423.3537835763889,-127.8194437037037,0.0,16.453,422.3537835763889,-127.8194437037037,,16.453,2025-09-24,16
2025-09-24,17,2025-09-24T07:00:00Z,2025-09-25T07:44:35Z,157.0,157.0,False,P,0.0,372.49697271367523,0.0,0.0,,,394.60046382478635,-21.842132286324787,0.0,0.0,393.60046382478635,-21.842132286324787,,,2025-09-24,17
2025-09-24,18,2025-09-24T07:30:00Z,2025-09-25T08:14:34Z,119.0,119.0,False,P,0.0,149.5421875,0.0,0.0,,,394.125,-244.60833333333332,0.0,0.0,393.125,-244.60833333333332,,,2025-09-24,18
2025-09-24,19,2025-09-24T08:00:00Z,2025-09-25T08:44:43Z,119.0,119.0,False,P,0.0,76.00138888888888,0.0,0.0,,,380.0,-304.0986111111111,0.0,0.0,379.0,-304.0986111111111,,,2025-09-24,19
2025-09-24,20,2025-09-24T08:30:00Z,2025-09-25T09:14:31Z,82.55,82.55,False,N,0.0,-36.19186507936508,0.0,0.0,,,380.0,-416.2751984126984,0.0,0.0,380.0,-415.2751984126984,,,2025-09-24,20
2025-09-24,21,2025-09-24T09:00:00Z,2025-09-25T09:44:36Z,63.53,63.53,False,N,0.0,-233.06112152777777,0.0,0.0,,,210.0,-443.1694548611111,0.0,0.0,210.0,-442.1694548611111,,,2025-09-24,21
2025-09-24,22,2025-09-24T09:30:00Z,2025-09-25T10:14:37Z,63.53,63.53,False,N,0.0,-220.98666416666666,0.0,0.0,,,210.0,-431.00333083333334,0.0,0.0,210.0,-430.00333083333334,,,2025-09-24,22
2025-09-24,23,2025-09-24T10:00:00Z,2025-09-25T10:44:36Z,63.54,63.54,False,N,0.0,-160.92751041666668,0.0,0.0,,,209.16666666666666,-370.0941770833333,0.0,0.0,209.16666666666666,-369.0941770833333,,,2025-09-24,23
2025-09-24,24,2025-09-24T10:30:00Z,2025-09-25T11:14:42Z,63.53,63.53,False,N,0.0,-326.4233263888889,0.0,0.0,,,37.333333333333336,-363.7566597222222,0.0,0.0,37.333333333333336,-362.7566597222222,,,2025-09-24,24
2025-09-24,25,2025-09-24T11:00:00Z,2025-09-25T11:44:38Z,60.0,60.0,False,N,0.0,-288.989375,0.0,0.0,60.0,1.0,0.0,-289.09770833333334,0.0,0.0,0.0,-288.09770833333334,,,2025-09-24,25
2025-09-24,26,2025-09-24T11:30:00Z,2025-09-25T12:14:31Z,63.61,63.61,False,N,0.0,-16.998883928571427,0.0,0.0,,,49.298933472222224,-66.2927830952381,0.0,0.0,49.298933472222224,-65.2927830952381,,,2025-09-24,26
2025-09-24,27,2025-09-24T12:00:00Z,2025-09-25T12:51:11Z,96.0,96.0,False,P,0.0,191.92373957773708,0.0,0.0,,,218.7454574857232,-26.80504790798611,0.0,0.0,217.7454574857232,-26.80504790798611,,,2025-09-24,27
2025-09-24,28,2025-09-24T12:30:00Z,2025-09-25T13:14:26Z,95.0,95.0,False,P,0.0,48.995846785714285,0.0,0.0,,,73.50418011904762,-24.508690192307693,0.0,0.0,72.50418011904762,-24.508690192307693,,,2025-09-24,28
2025-09-24,29,2025-09-24T13:00:00Z,2025-09-25T13:44:34Z,94.0,94.0,False,P,0.0,26.261111111111113,0.0,0.0,,,55.90277777777778,-29.691666666666666,0.0,0.0,54.90277777777778,-29.691666666666666,,,2025-09-24,29
2025-09-24,30,2025-09-24T13:30:00Z,2025-09-25T14:14:58Z,94.0,94.0,False,P,0.0,122.03611111111111,0.0,0.0,,,148.55277777777778,-26.516666666666666,0.0,0.0,147.55277777777778,-26.516666666666666,,,2025-09-24,30
2025-09-24,31,2025-09-24T14:00:00Z,2025-09-25T14:44:36Z,63.75,63.75,False,N,0.0,-77.51222222222222,0.0,0.0,,,59.24611111111111,-136.75833333333333,0.0,0.0,59.24611111111111,-135.75833333333333,,,2025-09-24,31
2025-09-24,32,2025-09-24T14:30:00Z,2025-09-25T15:14:59Z,63.8,63.8,False,N,0.0,-173.62944444444443,0.0,0.0,,,126.54833333333333,-300.1777777777778,0.0,0.0,126.54833333333333,-299.1777777777778,,,2025-09-24,32
2025-09-24,33,2025-09-24T15:00:00Z,2025-09-25T15:44:38Z,63.62,63.62,False,N,0.0,-339.6164424867725,0.0,0.0,,,202.20375,-541.8201924867725,0.0,0.0,202.20375,-540.8201924867725,,,2025-09-24,33
2025-09-24,34,2025-09-24T15:30:00Z,2025-09-25T16:14:32Z,63.81,63.81,False,N,0.0,-351.86583333333334,0.0,0.0,,,258.8333333333333,-610.6991666666667,0.0,0.0,258.8333333333333,-609.6991666666667,,,2025-09-24,34
2025-09-24,35,2025-09-24T16:00:00Z,2025-09-25T16:44:36Z,63.81,63.81,False,N,0.0,-271.71014138888887,0.0,0.0,,,183.25857840277777,-454.9684747222222,0.0,0.0,183.25857840277777,-453.9684747222222,,,2025-09-24,35
2025-09-24,36,2025-09-24T16:30:00Z,2025-09-25T17:14:34Z,65.0,65.0,False,N,0.0,-59.705834027777776,0.0,0.0,,,266.88321388888886,-326.5582145833333,0.0,0.0,266.88321388888886,-325.5582145833333,,,2025-09-24,36
2025-09-24,37,2025-09-24T17:00:00Z,2025-09-25T17:44:34Z,118.5,118.5,False,P,0.0006,198.79511226851852,0.0,0.0,,,472.3450451388889,-273.6598550925926,0.0,0.0,471.3450451388889,-273.6598550925926,,,2025-09-24,37
2025-09-24,38,2025-09-24T17:30:00Z,2025-09-25T18:14:39Z,118.5,118.5,False,P,0.0078,171.1013888888889,0.0,0.0,,,436.0,-264.7986111111111,0.0,0.0,435.0,-264.7986111111111,,,2025-09-24,38
2025-09-24,39,2025-09-24T18:00:00Z,2025-09-25T18:44:38Z,127.0145243803038,127.0145243803038,False,P,0.0072,644.496074177881,0.0,0.0,,,945.2436534834366,-300.9103150112144,0.0,0.0,944.2436534834366,-300.9103150112144,,,2025-09-24,39
2025-09-24,40,2025-09-24T18:30:00Z,2025-09-25T19:14:38Z,130.0,130.0,False,P,0.0348,573.5324365277778,0.0,0.0,,,790.7162455555556,-216.79374409580498,0.0,0.0,789.7162455555556,-216.79374409580498,,,2025-09-24,40
2025-09-24,41,2025-09-24T19:00:00Z,2025-09-25T19:44:38Z,118.5,118.5,False,P,0.0,369.2350475,0.0,0.0,,,521.8664363888889,-152.3319913888889,0.0,0.0,520.8664363888889,-152.3319913888889,,,2025-09-24,41
2025-09-24,42,2025-09-24T19:30:00Z,2025-09-25T20:14:38Z,128.0,128.0,False,P,0.0,300.0263888888889,0.0,0.0,,,415.98333333333335,-115.95694444444445,0.0,0.0,414.98333333333335,-115.95694444444445,,,2025-09-24,42
2025-09-24,43,2025-09-24T20:00:00Z,2025-09-25T20:44:38Z,118.5,118.5,False,P,0.0,150.64944444444444,0.0,0.0,,,361.35,-210.81722222222223,0.0,0.0,360.35,-210.81722222222223,,,2025-09-24,43
2025-09-24,44,2025-09-24T20:30:00Z,2025-09-25T21:14:40Z,118.5,118.5,False,P,0.0,84.53909560185186,0.0,0.0,,,412.8,-328.63620203703704,0.0,0.0,411.8,-328.63620203703704,,,2025-09-24,44
2025-09-24,45,2025-09-24T21:00:00Z,2025-09-25T21:44:42Z,118.5,118.5,False,P,0.0,151.69896209656085,0.0,0.0,,,214.50212347222222,-62.611119655542296,0.0,0.0,213.50212347222222,-62.611119655542296,,,2025-09-24,45
2025-09-24,46,2025-09-24T21:30:00Z,2025-09-25T22:14:37Z,120.8999918182562,120.8999918182562,False,P,0.0,246.7954151388889,0.0,0.0,120.8999918182562,1.0,218.0447484722222,-59.594756527777776,0.0,88.384,217.4222062144964,-59.594756527777776,,88.0065422577258,2025-09-24,46
2025-09-24,47,2025-09-24T22:00:00Z,2025-09-25T22:44:36Z,84.49,84.49,False,P,0.0,81.44935277337858,0.0,0.0,84.49,0.0,181.72018180555557,-100.55416236551031,0.0,0.0,180.72018180555557,-100.55416236551031,,,2025-09-24,47
2025-09-24,48,2025-09-24T22:30:00Z,2025-09-25T23:14:49Z,82.55,82.55,False,P,0.0,139.15,0.0,0.0,82.55,0.0,333.76666666666665,-194.74166666666667,0.0,0.0,332.76666666666665,-194.74166666666667,,,2025-09-24,48
2025-09-25,1,2025-09-24T23:00:00Z,2025-09-25T23:44:42Z,120.90002250056251,120.90002250056251,False,P,0.0,327.83433984126987,0.0,0.0,120.90002250056251,1.0,417.3989588888889,-113.81324307539683,0.0,24.333,416.45107782802603,-113.81324307539683,,24.280881060862853,2025-09-25,1
2025-09-25,2,2025-09-24T23:30:00Z,2025-09-26T00:14:41Z,104.06,104.06,False,P,0.0,396.00582189892623,0.0,0.0,104.06,1.0,398.4998695179739,-2.3189148412698413,0.0,0.0,397.4998695179739,-2.3189148412698413,,,2025-09-25,2
2025-09-25,3,2025-09-25T00:00:00Z,2025-09-26T00:44:38Z,105.74,105.74,False,P,0.0,425.6806344444444,0.0,0.0,105.74,1.0,425.9223011111111,-0.03063361111111111,0.0,0.0,424.9223011111111,-0.03063361111111111,,,2025-09-25,3
2025-09-25,4,2025-09-25T00:30:00Z,2025-09-26T01:14:38Z,110.0,110.0,False,P,0.0,420.10869444444444,0.0,0.0,110.0,1.0,387.00902777777776,-0.009027777777777779,0.0,33.633,386.0656315513627,-0.009027777777777779,,33.57639622641509,2025-09-25,4
2025-09-25,5,2025-09-25T01:00:00Z,2025-09-26T01:44:38Z,113.21861728553561,113.21861728553561,False,P,0.0,468.29944666666665,0.0,0.0,112.26033333333334,1.0,458.80595708333334,-0.32095958333333335,0.0,9.85,457.80595708333334,-0.32095958333333335,,9.85,2025-09-25,5
2025-09-25,6,2025-09-25T01:30:00Z,2025-09-26T02:14:53Z,108.30413873068822,108.30413873068822,False,P,0.0,398.34166666666664,0.0,0.0,107.54133333333333,1.0,408.02166666666665,-9.53,0.0,0.0,407.02166666666665,-9.53,,,2025-09-25,6
2025-09-25,7,2025-09-25T02:00:00Z,2025-09-26T02:44:40Z,97.5,97.5,False,P,0.0,395.89306226538207,0.0,0.0,97.5,1.0,405.00580948760427,-9.378629677262213,0.0,0.0,404.00580948760427,-9.378629677262213,,,2025-09-25,7
2025-09-25,8,2025-09-25T02:30:00Z,2025-09-26T03:14:44Z,97.5,97.5,False,P,0.0,269.9066666666667,0.0,0.0,97.5,1.0,349.0888888888889,-79.44055555555556,0.0,0.0,348.0888888888889,-79.44055555555556,,,2025-09-25,8
2025-09-25,9,2025-09-25T03:00:00Z,2025-09-26T03:44:42Z,115.02327391011254,115.02327391011254,False,P,0.0,23.989749166666666,0.0,0.0,114.89685942978832,0.2269625,345.28415555555557,-321.32554666666664,0.0,0.0,344.28415555555557,-321.32554666666664,,,2025-09-25,9
2025-09-25,10,2025-09-25T03:30:00Z,2025-09-26T04:14:40Z,68.8,68.8,False,N,0.0,-14.202772222222222,0.0,0.0,,,412.40833333333336,-427.0194388888889,0.0,0.0,412.40833333333336,-426.0194388888889,,,2025-09-25,10
2025-09-25,11,2025-09-25T04:00:00Z,2025-09-26T04:44:45Z,61.0,61.0,False,N,0.0,-106.11501021464646,0.0,0.0,,,398.92716541666664,-505.15569882575755,0.0,0.0,398.92716541666664,-504.15569882575755,,,2025-09-25,11
2025-09-25,12,2025-09-25T04:30:00Z,2025-09-26T05:14:41Z,68.0,68.0,False,N,0.0,-59.87679283068783,0.0,0.0,,,346.9799025,-407.1817928306878,0.0,0.0,346.9799025,-406.1817928306878,,,2025-09-25,12
2025-09-25,13,2025-09-25T05:00:00Z,2025-09-26T05:44:40Z,70.01,70.01,False,N,0.0,-6.204163888888889,0.0,0.0,,,323.00000069444445,-329.2124972222222,0.0,0.0,323.00000069444445,-328.2124972222222,,,2025-09-25,13
2025-09-25,14,2025-09-25T05:30:00Z,2025-09-26T06:14:44Z,116.0,116.0,False,P,0.0,192.03499375,0.0,0.0,,,273.7351247222222,-81.90846430555555,0.0,0.0,272.7351247222222,-81.90846430555555,,,2025-09-25,14
2025-09-25,15,2025-09-25T06:00:00Z,2025-09-26T06:44:35Z,130.0,130.0,False,P,0.0,373.93714708333334,0.0,0.0,,,469.39439799776204,-95.52773055555555,0.0,0.0,468.39439799776204,-95.52773055555555,,,2025-09-25,15
2025-09-25,16,2025-09-25T06:30:00Z,2025-09-26T07:14:39Z,130.0,130.0,False,P,0.0,488.20848958333335,0.0,0.0,,,547.63484375,-59.033177083333335,0.0,0.0,546.63484375,-59.033177083333335,,,2025-09-25,16
2025-09-25,17,2025-09-25T07:00:00Z,2025-09-26T07:44:43Z,130.0,130.0,False,P,0.0,359.23140625,0.0,0.0,,,429.78520125,-70.27020125,0.0,0.0,428.78520125,-70.27020125,,,2025-09-25,17
2025-09-25,18,2025-09-25T07:30:00Z,2025-09-26T08:14:42Z,107.5,107.5,False,P,0.0,122.13166666666666,0.0,0.0,,,284.16875,-162.11208333333335,0.0,0.0,283.16875,-162.11208333333335,,,2025-09-25,18
2025-09-25,19,2025-09-25T08:00:00Z,2025-09-26T08:44:40Z,107.5,107.5,False,P,0.0,42.61916641203704,0.0,0.0,,,223.00000007202547,-180.66000025462964,0.0,0.0,222.00000007202547,-180.66000025462964,,,2025-09-25,19
2025-09-25,20,2025-09-25T08:30:00Z,2025-09-26T09:14:38Z,99.16,99.16,False,P,0.0,41.891666666666666,0.0,0.0,,,304.9583333333333,-263.1333333333333,0.0,0.0,303.9583333333333,-263.1333333333333,,,2025-09-25,20
2025-09-25,21,2025-09-25T09:00:00Z,2025-09-26T09:44:41Z,107.5,107.5,False,P,0.0,259.7552083333333,0.0,0.0,,,339.8420138888889,-80.08645833333334,0.0,0.0,338.8420138888889,-80.08645833333334,,,2025-09-25,21
2025-09-25,22,2025-09-25T09:30:00Z,2025-09-26T10:14:48Z,95.0,95.0,False,P,0.0,2.1009275925925928,0.0,0.0,,,175.2675925925926,-173.341665,0.0,0.0,174.2675925925926,-173.341665,,,2025-09-25,22
2025-09-25,23,2025-09-25T10:00:00Z,2025-09-26T10:44:39Z,104.5,104.5,False,P,0.0,87.94637337962963,0.0,0.0,,,185.1130422685185,-97.5084148611111,0.0,0.0,184.1130422685185,-97.5084148611111,,,2025-09-25,23
2025-09-25,24,2025-09-25T10:30:00Z,2025-09-26T11:14:40Z,104.5,104.5,False,P,0.0,191.3175315277778,0.0,0.0,,,275.87563569444444,-84.75063458333334,0.0,0.0,274.87563569444444,-84.75063458333334,,,2025-09-25,24
2025-09-25,25,2025-09-25T11:00:00Z,2025-09-26T11:44:41Z,104.5,104.5,False,P,0.0,146.22533444444446,0.0,0.0,,,237.345625,-91.12062388888889,0.0,0.0,236.345625,-91.12062388888889,,,2025-09-25,25
2025-09-25,26,2025-09-25T11:30:00Z,2025-09-26T12:14:38Z,60.0,60.0,False,N,0.0,-27.78,0.0,0.0,,,158.49166666666667,-186.38,0.0,0.0,158.49166666666667,-185.38,,,2025-09-25,26
2025-09-25,27,2025-09-25T12:00:00Z,2025-09-26T12:46:00Z,60.18,60.18,False,N,0.0,-40.022223333333336,0.0,0.0,,,142.2,-182.15000111111112,0.0,0.0,142.2,-181.15000111111112,,,2025-09-25,27
2025-09-25,28,2025-09-25T12:30:00Z,2025-09-26T13:14:44Z,54.23,54.23,False,N,0.0,-392.1061111111111,0.0,0.0,,,135.0,-527.2477777777777,0.0,0.0,135.0,-526.2477777777777,,,2025-09-25,28
2025-09-25,29,2025-09-25T13:00:00Z,2025-09-26T13:44:39Z,54.23,54.23,False,N,0.0,-253.81665912037036,0.0,0.0,,,135.00170458333332,-388.9249924537037,0.0,0.0,135.00170458333332,-387.9249924537037,,,2025-09-25,29
2025-09-25,30,2025-09-25T13:30:00Z,2025-09-26T14:14:27Z,54.25,54.25,False,N,0.0,-325.3565401374225,0.0,0.0,,,135.00064111111112,-460.6321812485336,0.0,0.0,135.00064111111112,-459.6321812485336,,,2025-09-25,30
2025-09-25,31,2025-09-25T14:00:00Z,2025-09-26T14:44:27Z,54.5,54.5,False,N,0.0,-129.76315359477124,0.0,0.0,54.5,1.0,135.0,-265.28815359477125,0.0,0.0,135.0,-264.28815359477125,,,2025-09-25,31
2025-09-25,32,2025-09-25T14:30:00Z,2025-09-26T15:14:30Z,54.5,54.5,False,N,0.0,-476.58564814814815,0.0,0.0,54.5,1.0,168.78101851851852,-645.625,0.0,0.0,168.78101851851852,-644.625,,,2025-09-25,32
2025-09-25,33,2025-09-25T15:00:00Z,2025-09-26T15:44:35Z,54.6,54.6,False,N,0.0,-469.9547287139744,0.0,0.0,54.6,1.0,189.8702712860256,-659.9083333333333,0.0,0.0,189.8702712860256,-658.9083333333333,,,2025-09-25,33
2025-09-25,34,2025-09-25T15:30:00Z,2025-09-26T16:14:32Z,62.0,62.0,False,N,0.0,-122.7593995984464,0.0,0.0,,,500.99426646880505,-623.7536549707602,0.0,0.0,500.99426646880505,-622.7536549707602,,,2025-09-25,34
2025-09-25,35,2025-09-25T16:00:00Z,2025-09-26T16:44:34Z,62.0,62.0,False,N,0.0,-112.73054191468253,0.0,0.0,,,684.1514860426447,-796.8817919146826,0.0,0.0,684.1514860426447,-795.8817919146826,,,2025-09-25,35
2025-09-25,36,2025-09-25T16:30:00Z,2025-09-26T17:14:29Z,115.9,115.9,False,P,0.0,39.753349166666666,0.0,0.0,,,893.5004255555556,-853.7157038888889,0.0,0.0,892.5004255555556,-853.7157038888889,,,2025-09-25,36
2025-09-25,37,2025-09-25T17:00:00Z,2025-09-26T17:44:30Z,119.45,119.45,False,P,0.0018,406.90670319444445,0.0,0.0,,,1115.5072844444444,-773.4639502777778,0.0,64.971,1114.5072844444444,-773.4639502777778,,64.971,2025-09-25,37
2025-09-25,38,2025-09-25T17:30:00Z,2025-09-26T18:14:33Z,119.45,119.45,False,P,0.0012,673.7901623737374,0.0,0.0,,,1307.785829040404,-762.1925462121212,0.0,128.196,1306.785829040404,-762.1925462121212,,128.196,2025-09-25,38
2025-09-25,39,2025-09-25T18:00:00Z,2025-09-26T18:44:30Z,119.45,119.45,False,P,0.0042,412.48116666666664,0.0,0.0,,,1227.7299033305608,-875.0549033305607,0.0,59.777,1226.7299033305608,-875.0549033305607,,59.777,2025-09-25,39
2025-09-25,40,2025-09-25T18:30:00Z,2025-09-26T19:14:30Z,121.0,121.0,False,P,0.0042,562.7092857142857,0.0,0.0,,,1192.870119047619,-943.5101984126984,0.0,313.46,1192.870119047619,-943.5101984126984,,312.46,2025-09-25,40
2025-09-25,41,2025-09-25T19:00:00Z,2025-09-26T19:44:33Z,119.45,119.45,False,P,0.0048,187.1439748148148,0.0,0.0,,,1170.5976503703703,-1098.20784,0.0,115.112,1169.5976503703703,-1098.20784,,115.112,2025-09-25,41
2025-09-25,42,2025-09-25T19:30:00Z,2025-09-26T20:14:37Z,61.57687227612557,61.57687227612557,False,N,0.003,-147.2947350925926,0.0,0.0,62.019444444444446,1.0,909.7524871296297,-1056.8450797222222,0.0,0.0,909.7524871296297,-1055.8450797222222,,,2025-09-25,42
2025-09-25,43,2025-09-25T20:00:00Z,2025-09-26T20:44:33Z,0.0,0.0,False,N,0.0,-154.2574072222222,0.0,0.0,,,990.6031775277778,-1144.8825889722223,0.0,0.0,990.6031775277778,-1143.8825889722223,,,2025-09-25,43
2025-09-25,44,2025-09-25T20:30:00Z,2025-09-26T21:14:32Z,0.0,0.0,False,N,0.0,-50.814986805555556,0.0,0.0,,,1093.4110131944444,-1198.8418465277778,0.0,54.694,1093.4110131944444,-1197.8418465277778,,54.694,2025-09-25,44
2025-09-25,45,2025-09-25T21:00:00Z,2025-09-26T21:44:33Z,88.12,88.12,False,N,0.0,-27.536209867812378,0.0,0.0,88.12,0.0,1204.3272359930854,-1261.0842864690571,0.0,29.558,1204.3272359930854,-1260.0842864690571,,29.558,2025-09-25,45
2025-09-25,46,2025-09-25T21:30:00Z,2025-09-26T22:14:33Z,98.45,98.45,False,P,0.0,111.1385462962963,0.0,0.0,,,1374.11125,-1277.6537037037037,0.0,14.881,1373.11125,-1277.6537037037037,,14.881,2025-09-25,46
2025-09-25,47,2025-09-25T22:00:00Z,2025-09-26T22:44:31Z,65.72,65.72,False,N,0.0,-24.820826666666665,0.0,0.0,65.72,1.0,1170.253325,-1304.42291,0.0,109.5,1170.253325,-1303.42291,,109.5,2025-09-25,47
2025-09-25,48,2025-09-25T22:30:00Z,2025-09-26T23:14:36Z,76.27,76.27,False,N,0.0,-43.99164865740741,0.0,0.0,76.27,0.0,1043.2000180092593,-1248.6139068981481,0.0,161.325,1043.2000180092593,-1247.6139068981481,,161.325,2025-09-25,48
2025-09-26,1,2025-09-25T23:00:00Z,2025-09-26T23:44:34Z,91.75,91.75,False,P,0.0,16.399682777777777,0.0,0.0,,,1141.108016111111,-1240.3663461111112,0.0,115.675,1140.108016111111,-1240.3663461111112,,115.675,2025-09-26,1
2025-09-26,2,2025-09-25T23:30:00Z,2025-09-27T00:14:39Z,78.05,78.05,False,N,0.0,-228.38333333333333,0.0,0.0,78.05,0.0,853.0166666666667,-1190.9,0.0,109.5,853.0166666666667,-1189.9,,109.5,2025-09-26,2
2025-09-26,3,2025-09-26T00:00:00Z,2025-09-27T00:44:33Z,71.89,71.89,False,N,0.0,-91.36036629629629,0.0,0.0,71.89,0.0,981.3813003703704,-1182.075744814815,0.0,109.5,981.3813003703704,-1181.075744814815,,109.5,2025-09-26,3
2025-09-26,4,2025-09-26T00:30:00Z,2025-09-27T01:14:31Z,95.9,95.9,False,P,0.0,95.86699375,0.0,0.0,,,1168.4253270833333,-1181.8044945833333,0.0,109.5,1167.4253270833333,-1181.8044945833333,,109.5,2025-09-26,4
2025-09-26,5,2025-09-26T01:00:00Z,2025-09-27T01:44:35Z,95.9,95.9,False,P,0.0,320.9208347222222,0.0,0.0,,,1377.2708333333333,-1165.5208319444444,0.0,109.5,1376.2708333333333,-1165.5208319444444,,109.5,2025-09-26,5
2025-09-26,6,2025-09-26T01:30:00Z,2025-09-27T02:15:03Z,95.9,95.9,False,P,0.0,325.4055143055555,0.0,0.0,,,1377.1055143055555,-1161.1138513888889,0.0,109.5,1376.1055143055555,-1161.1138513888889,,109.5,2025-09-26,6
2025-09-26,7,2025-09-26T02:00:00Z,2025-09-27T02:44:34Z,95.9,95.9,False,P,0.0,138.96666666666667,0.0,0.0,,,1205.9666666666667,-1176.3333333333333,0.0,109.5,1204.9666666666667,-1176.3333333333333,,109.5,2025-09-26,7
2025-09-26,8,2025-09-26T02:30:00Z,2025-09-27T03:14:27Z,95.0,95.0,False,P,0.0,47.925,0.0,0.0,,,1098.0416666666667,-1159.7375,0.0,109.5,1097.0416666666667,-1159.7375,,109.5,2025-09-26,8
2025-09-26,9,2025-09-26T03:00:00Z,2025-09-27T03:44:23Z,56.42,56.42,False,N,0.0,-109.05439418260988,0.0,0.0,56.42,1.0,932.9539391507235,-1151.7017169285011,0.0,109.5,932.9539391507235,-1150.7017169285011,,109.5,2025-09-26,9
2025-09-26,10,2025-09-26T03:30:00Z,2025-09-27T04:14:35Z,55.45,55.45,False,N,0.0,-156.96747226495725,0.0,0.0,55.45,1.0,918.7954907905983,-1185.5229970405983,0.0,109.5,918.7954907905983,-1184.5229970405983,,109.5,2025-09-26,10
2025-09-26,11,2025-09-26T04:00:00Z,2025-09-27T04:44:23Z,77.66,77.66,False,N,0.0,-387.12598127972814,0.0,0.0,77.66,0.0,758.9082779795311,-1255.3842597133191,0.0,109.5,758.9082779795311,-1254.3842597133191,,109.5,2025-09-26,11
2025-09-26,12,2025-09-26T04:30:00Z,2025-09-27T05:14:32Z,75.41,75.41,False,N,0.0,-314.15836217567556,0.0,0.0,75.41,0.0,839.9573692132134,-1298.0425005541872,0.0,143.952,839.9573692132134,-1297.0425005541872,,143.952,2025-09-26,12
2025-09-26,13,2025-09-26T05:00:00Z,2025-09-27T05:44:31Z,77.84,77.84,False,N,0.0,-397.02137648148147,0.0,0.0,77.84,0.0,919.918179074074,-1390.9457715277779,0.0,73.831,919.918179074074,-1389.9457715277779,,73.831,2025-09-26,13
2025-09-26,14,2025-09-26T05:30:00Z,2025-09-27T06:14:27Z,87.27,87.27,False,N,0.0,-111.91999921296296,0.0,0.0,87.27,0.0,1273.8237452314816,-1387.487815,0.0,1.95,1273.8237452314816,-1386.487815,,1.95,2025-09-26,14
2025-09-26,15,2025-09-26T06:00:00Z,2025-09-27T06:44:33Z,93.35,93.35,False,N,0.0,-266.4557793849206,0.0,0.0,93.35,0.0,1179.6026343452368,-1553.0125540277777,0.0,107.19,1179.6026343452368,-1552.0125540277777,,107.19,2025-09-26,15
2025-09-26,16,2025-09-26T06:30:00Z,2025-09-27T07:14:29Z,111.45,111.45,False,P,0.0,182.45173828662897,0.0,0.0,,,1407.0138425921846,-1563.8782250873612,0.0,339.389,1406.0138425921846,-1563.8782250873612,,339.389,2025-09-26,16
2025-09-26,17,2025-09-26T07:00:00Z,2025-09-27T07:44:29Z,111.45,111.45,False,P,0.0,13.32223253968254,0.0,0.0,,,1544.5177475396824,-1638.837783611111,0.0,107.598,1543.5177475396824,-1638.837783611111,,107.598,2025-09-26,17
2025-09-26,18,2025-09-26T07:30:00Z,2025-09-27T08:14:29Z,54.686361294281056,54.686361294281056,False,N,0.0,-100.40183003968254,0.0,0.0,54.721666666666664,1.0,1276.3448721825396,-1618.2984448611112,0.0,241.635,1276.3448721825396,-1617.2984448611112,,241.635,2025-09-26,18
2025-09-26,19,2025-09-26T08:00:00Z,2025-09-27T08:44:27Z,111.6,111.6,False,P,0.0,308.08329166666664,0.0,0.0,,,1630.3767881944445,-1582.0356743055556,-0.012,259.803,1629.3767881944445,-1582.0356743055556,-0.012,259.803,2025-09-26,19
2025-09-26,20,2025-09-26T08:30:00Z,2025-09-27T09:14:28Z,95.0,95.0,False,P,0.0,73.40467355109922,0.0,0.0,,,1618.87412423486,-1632.011229059829,-0.012,86.6,1617.87412423486,-1632.011229059829,-0.012,86.6,2025-09-26,20
2025-09-26,21,2025-09-26T09:00:00Z,2025-09-27T09:44:32Z,94.0,94.0,False,P,0.0,52.811515560011884,0.0,0.0,,,1669.4080795877896,-1679.316181594933,-0.012,62.884,1668.4080795877896,-1679.316181594933,-0.012,62.884,2025-09-26,21
2025-09-26,22,2025-09-26T09:30:00Z,2025-09-27T10:14:38Z,94.0,94.0,False,P,0.0,80.37495533730159,0.0,0.0,,,1814.5249553373017,-1734.237458401373,-0.012,0.0,1813.5249553373017,-1734.237458401373,-0.012,,2025-09-26,22
2025-09-26,23,2025-09-26T10:00:00Z,2025-09-27T10:44:34Z,94.0,94.0,False,P,0.0,161.57142001984127,0.0,0.0,,,1641.4484288392857,-1585.4370835912698,-0.012,105.816,1640.4484288392857,-1585.4370835912698,-0.012,105.816,2025-09-26,23
2025-09-26,24,2025-09-26T10:30:00Z,2025-09-27T11:14:33Z,93.85,93.85,False,P,0.0,1.0676689880952381,0.0,0.0,,,1682.1118112103175,-1797.8970470289814,-0.012,116.583,1681.1118112103175,-1797.8970470289814,-0.012,116.583,2025-09-26,24
2025-09-26,25,2025-09-26T11:00:00Z,2025-09-27T11:44:32Z,93.85,93.85,False,P,0.0,67.2465914484127,0.0,0.0,,,1877.5375914484127,-1841.7986999206348,-0.012,31.484,1876.5375914484127,-1841.7986999206348,-0.012,31.484,2025-09-26,25
2025-09-26,26,2025-09-26T11:30:00Z,2025-09-27T12:14:30Z,60.65,60.65,False,N,0.0,-70.0738163095238,0.0,0.0,,,1803.8667486904762,-1874.0021901984128,-0.012,0.0,1803.8667486904762,-1873.0021901984128,-0.012,,2025-09-26,26
2025-09-26,27,2025-09-26T12:00:00Z,2025-09-27T12:44:27Z,93.85,93.85,False,P,0.0,100.40417825483092,0.0,0.0,,,1950.004178254831,-1849.6200013285024,-0.012,0.0,1949.004178254831,-1849.6200013285024,-0.012,,2025-09-26,27
2025-09-26,28,2025-09-26T12:30:00Z,2025-09-27T13:14:27Z,93.85,93.85,False,P,0.0,58.98662043803419,0.0,0.0,,,1847.4598426602563,-1850.768471111111,-0.012,62.244,1846.4598426602563,-1850.768471111111,-0.012,62.244,2025-09-26,28
2025-09-26,29,2025-09-26T13:00:00Z,2025-09-27T13:44:32Z,93.85,93.85,False,P,0.0,54.18453274572649,0.0,0.0,,,1762.5218502457265,-1840.4816636527778,-0.012,132.279,1761.5218502457265,-1840.4816636527778,-0.012,132.279,2025-09-26,29
2025-09-26,30,2025-09-26T13:30:00Z,2025-09-27T14:14:26Z,93.85,93.85,False,P,0.0,27.541511626706626,0.0,0.0,,,1803.96046996004,-1798.9198744444445,-0.012,22.66,1802.96046996004,-1798.9198744444445,-0.012,22.66,2025-09-26,30
2025-09-26,31,2025-09-26T14:00:00Z,2025-09-27T14:44:36Z,89.21836843122554,89.21836843122554,False,N,0.0,-73.84470599674631,0.0,0.0,89.59,1.0,1709.4886273365871,-1782.9831832074215,-0.012,0.0,1709.4886273365871,-1781.9831832074215,-0.012,,2025-09-26,31
2025-09-26,32,2025-09-26T14:30:00Z,2025-09-27T15:14:30Z,94.0,94.0,False,P,0.0,144.3013683493976,0.0,0.0,,,1910.6336170993975,-1766.1574912660642,-0.012,0.0,1909.6336170993975,-1766.1574912660642,-0.012,,2025-09-26,32
2025-09-26,33,2025-09-26T15:00:00Z,2025-09-27T15:44:32Z,94.0,94.0,False,P,0.0,196.94195543332077,0.0,0.0,,,1905.4189554333207,-1740.398948611111,-0.012,32.123,1904.4189554333207,-1740.398948611111,-0.012,32.123,2025-09-26,33
2025-09-26,34,2025-09-26T15:30:00Z,2025-09-27T16:14:28Z,94.0,94.0,False,P,0.0,128.77372360119048,0.0,0.0,,,1745.115390267857,-1678.182851001984,0.0,62.0,1744.115390267857,-1678.182851001984,,62.0,2025-09-26,34
2025-09-26,35,2025-09-26T16:00:00Z,2025-09-27T16:44:31Z,114.9,114.9,False,P,0.0,161.26828890873017,0.0,0.0,,,1860.3576222420636,-1761.9464594444444,0.0,62.894,1859.3576222420636,-1761.9464594444444,,62.894,2025-09-26,35
2025-09-26,36,2025-09-26T16:30:00Z,2025-09-27T17:14:32Z,114.9,114.9,False,P,0.0,125.60392672979798,0.0,0.0,,,1868.986950479798,-1817.3658333333333,0.0,74.039,1867.986950479798,-1817.3658333333333,,74.039,2025-09-26,36
2025-09-26,37,2025-09-26T17:00:00Z,2025-09-27T17:44:30Z,114.9,114.9,False,P,0.0,281.59875445075755,0.0,0.0,,,2032.2404766729799,-1894.8986480853175,0.0,144.593,2031.2404766729799,-1894.8986480853175,,144.593,2025-09-26,37
2025-09-26,38,2025-09-26T17:30:00Z,2025-09-27T18:14:30Z,114.9,114.9,False,P,0.0,209.85771055555554,0.0,0.0,,,1977.7105522222223,-1934.0771928030304,0.0,166.5,1976.7105522222223,-1934.0771928030304,,166.5,2025-09-26,38
2025-09-26,39,2025-09-26T18:00:00Z,2025-09-27T18:44:43Z,65.45871027894033,65.45871027894033,False,N,0.0,-2.1166655555555556,0.0,0.0,,,1799.2166677777777,-1978.7083333333333,0.0,178.0,1799.2166677777777,-1977.7083333333333,,178.0,2025-09-26,39
2025-09-26,40,2025-09-26T18:30:00Z,2025-09-27T19:14:34Z,114.9,114.9,False,P,0.0,93.36035208333334,0.0,0.0,,,1911.7038520833332,-1981.8955244137298,0.0,163.544,1910.7038520833332,-1981.8955244137298,,163.544,2025-09-26,40
2025-09-26,41,2025-09-26T19:00:00Z,2025-09-27T19:44:36Z,111.07984952047899,111.07984952047899,False,P,0.0,15.080400517676768,0.0,0.0,,,1694.2617817676767,-1838.5609982449496,-0.616,159.496,1694.2617817676767,-1838.5609982449496,-0.616,158.496,2025-09-26,41
2025-09-26,42,2025-09-26T19:30:00Z,2025-09-27T20:14:29Z,64.05,64.05,False,N,0.0,-32.70611838458995,0.0,0.0,64.05,1.0,1589.7915209804894,-1704.5050913905422,-0.628,82.0,1589.7915209804894,-1703.5050913905422,-0.628,82.0,2025-09-26,42
2025-09-26,43,2025-09-26T20:00:00Z,2025-09-27T20:44:33Z,109.0,109.0,False,P,0.0,40.89018957671958,0.0,0.0,,,1683.236571600529,-1691.95667,-0.665,49.76,1682.236571600529,-1691.95667,-0.665,49.76,2025-09-26,43
2025-09-26,44,2025-09-26T20:30:00Z,2025-09-27T21:14:30Z,87.61,87.61,False,N,0.0,-83.9290827306781,0.0,0.0,87.61,0.0,1639.5092743311372,-1723.8078879167317,-0.578,0.65,1639.5092743311372,-1722.8078879167317,-0.578,0.65,2025-09-26,44
2025-09-26,45,2025-09-26T21:00:00Z,2025-09-27T21:44:27Z,36.84850251570627,36.84850251570627,False,N,0.0,-201.34886744598802,0.0,0.0,41.06645680555555,1.0,1639.8773686651232,-1841.1143576519578,0.0,0.0,1639.8773686651232,-1840.1143576519578,,,2025-09-26,45
2025-09-26,46,2025-09-26T21:30:00Z,2025-09-27T22:14:34Z,80.54,80.54,False,N,0.0,-75.0852267917842,0.0,0.0,80.54,0.0,1692.7498205052243,-1767.4654397519034,0.0,0.0,1692.7498205052243,-1766.4654397519034,,,2025-09-26,46
2025-09-26,47,2025-09-26T22:00:00Z,2025-09-27T22:44:27Z,74.58,74.58,False,N,0.0,-137.96539703703704,0.0,0.0,74.58,0.0,1561.0762696296297,-1699.073491851852,0.0,0.0,1561.0762696296297,-1698.073491851852,,,2025-09-26,47
2025-09-26,48,2025-09-26T22:30:00Z,2025-09-27T23:14:35Z,72.07,72.07,False,N,0.0,-102.19097652777778,0.0,0.0,72.07,0.0,1483.7951868055557,-1585.7076956944445,0.0,0.0,1483.7951868055557,-1584.7076956944445,,,2025-09-26,48
2025-09-27,1,2025-09-26T23:00:00Z,2025-09-27T23:44:33Z,93.85,93.85,False,P,0.0,31.497222222222224,0.0,0.0,,,1554.3438888888888,-1522.5433333333333,0.0,0.0,1553.3438888888888,-1522.5433333333333,,,2025-09-27,1
2025-09-27,2,2025-09-26T23:30:00Z,2025-09-28T00:14:38Z,73.64,73.64,False,N,0.0,-70.7591598263889,0.0,0.0,73.64,0.0,1450.840840173611,-1521.5658401736112,0.0,0.0,1450.840840173611,-1520.5658401736112,,,2025-09-27,2
2025-09-27,3,2025-09-27T00:00:00Z,2025-09-28T00:44:26Z,72.49,72.49,False,N,0.0,-0.26525,0.0,0.0,72.49,0.0,1515.6264166666667,-1515.8930833333334,0.0,0.0,1515.6264166666667,-1515.6278333333332,,,2025-09-27,3
2025-09-27,4,2025-09-27T00:30:00Z,2025-09-28T01:14:25Z,72.92,72.92,False,N,0.0,-4.95006791005291,0.0,0.0,72.92,0.0,1602.649932089947,-1607.6003289153439,0.0,0.0,1602.649932089947,-1606.6003289153439,,,2025-09-27,4
2025-09-27,5,2025-09-27T01:00:00Z,2025-09-28T01:44:30Z,94.85,94.85,False,P,0.0,36.38916666666667,0.0,0.0,,,1735.6416666666667,-1698.9191666666666,0.0,0.0,1734.6416666666667,-1698.9191666666666,,,2025-09-27,5
2025-09-27,6,2025-09-27T01:30:00Z,2025-09-28T02:14:47Z,72.05,72.05,False,N,0.0,-19.983333333333334,0.0,0.0,72.05,0.0,1726.9666666666667,-1746.95,0.0,0.0,1726.9666666666667,-1745.95,,,2025-09-27,6
2025-09-27,7,2025-09-27T02:00:00Z,2025-09-28T02:44:38Z,93.85,93.85,False,P,0.0,103.26005130718954,0.0,0.0,,,1858.8176166666667,-1755.5585125816992,0.0,0.0,1857.8176166666667,-1755.5585125816992,,,2025-09-27,7
2025-09-27,8,2025-09-27T02:30:00Z,2025-09-28T03:14:33Z,94.85,94.85,False,P,0.0,94.04379625,0.0,0.0,,,1728.44379625,-1634.32504625,0.0,0.0,1727.44379625,-1634.32504625,,,2025-09-27,8
2025-09-27,9,2025-09-27T03:00:00Z,2025-09-28T03:44:28Z,94.85,94.85,False,P,0.0,144.94166666666666,0.0,0.0,,,1733.5208333333333,-1588.8625,0.0,0.0,1732.5208333333333,-1588.8625,,,2025-09-27,9
2025-09-27,10,2025-09-27T03:30:00Z,2025-09-28T04:14:34Z,94.85,94.85,False,P,0.0,29.685765989583334,0.0,0.0,,,1664.7815993229167,-1635.3126757118055,0.0,0.0,1663.7815993229167,-1635.3126757118055,,,2025-09-27,10
2025-09-27,11,2025-09-27T04:00:00Z,2025-09-28T04:44:34Z,57.29707194491368,57.29707194491368,False,N,0.0,-173.08804333333333,0.0,0.0,58.625,1.0,1515.8536233333334,-1688.983886491228,0.0,0.0,1515.8536233333334,-1687.983886491228,,,2025-09-27,11
2025-09-27,12,2025-09-27T04:30:00Z,2025-09-28T05:14:26Z,66.24,66.24,False,N,0.0,-29.58555276416122,0.0,0.0,,,1677.272780569172,-1706.975732638889,0.0,0.0,1677.272780569172,-1705.975732638889,,,2025-09-27,12
2025-09-27,13,2025-09-27T05:00:00Z,2025-09-28T05:44:31Z,66.25,66.25,False,N,0.0,-85.92925273877293,0.0,0.0,66.25,1.0,1648.8540817773562,-1735.0334677777778,0.0,0.0,1648.8540817773562,-1734.0334677777778,,,2025-09-27,13
2025-09-27,14,2025-09-27T05:30:00Z,2025-09-28T06:14:38Z,64.72073727930137,64.72073727930137,False,N,0.0,-188.71041666666667,0.0,0.0,64.77666666666667,1.0,1536.2145833333334,-1724.975,0.0,0.0,1536.2145833333334,-1723.975,,,2025-09-27,14
2025-09-27,15,2025-09-27T06:00:00Z,2025-09-28T06:44:34Z,65.12,65.12,False,N,0.0,-322.5054003770702,0.0,0.0,65.12,1.0,1438.444599687508,-1761.0001551513758,0.0,0.0,1438.444599687508,-1760.0001551513758,,,2025-09-27,15
2025-09-27,16,2025-09-27T06:30:00Z,2025-09-28T07:14:34Z,64.05,64.05,False,N,0.0,-232.21712275132276,0.0,0.0,64.05,0.36666666666666664,1557.8725439153438,-1823.2488666666666,0.0,33.452,1557.8725439153438,-1822.2488666666666,,33.452,2025-09-27,16
2025-09-27,17,2025-09-27T07:00:00Z,2025-09-28T07:44:32Z,64.05,64.05,False,N,0.0,-354.5492984523809,0.0,0.0,64.05,1.0,1391.4139684920635,-1832.2036179629629,0.0,86.5,1391.4139684920635,-1831.2036179629629,,86.5,2025-09-27,17
2025-09-27,18,2025-09-27T07:30:00Z,2025-09-28T08:14:33Z,83.98,83.98,False,N,0.0,-69.95903173611111,0.0,0.0,83.98,1.0,1749.1305440972221,-1871.9865163194445,0.0,53.058,1749.1305440972221,-1870.9865163194445,,53.058,2025-09-27,18
2025-09-27,19,2025-09-27T08:00:00Z,2025-09-28T08:44:30Z,95.0,95.0,False,P,0.0,50.07025628968254,0.0,0.0,,,1918.1184240674604,-1894.504698994709,0.0,26.506,1917.1184240674604,-1894.504698994709,,26.506,2025-09-27,19
2025-09-27,20,2025-09-27T08:30:00Z,2025-09-28T09:14:37Z,95.0,95.0,False,P,0.0,44.02105295634921,0.0,0.0,,,1828.9804974007936,-1835.9355260780424,0.0,51.41,1827.9804974007936,-1835.9355260780424,,51.41,2025-09-27,20
2025-09-27,21,2025-09-27T09:00:00Z,2025-09-28T09:44:32Z,96.0,96.0,False,P,0.0,149.6729228554288,0.0,0.0,,,1956.5079193853626,-1829.3117648994473,0.0,22.473,1955.5079193853626,-1829.3117648994473,,22.473,2025-09-27,21
2025-09-27,22,2025-09-27T09:30:00Z,2025-09-28T10:14:29Z,48.12,48.12,False,N,0.0,-20.342889770068552,0.0,0.0,,,1867.8404440683141,-1887.9587261652232,0.0,0.0,1867.8404440683141,-1886.9587261652232,,,2025-09-27,22
2025-09-27,23,2025-09-27T10:00:00Z,2025-09-28T10:44:31Z,93.85,93.85,False,P,0.0,59.50604611679662,0.0,0.0,,,1870.2504905612411,-1810.643895935517,0.0,0.0,1869.2504905612411,-1810.643895935517,,,2025-09-27,23
2025-09-27,24,2025-09-27T10:30:00Z,2025-09-28T11:14:29Z,58.2,58.2,False,N,0.0,-16.47262519642857,0.0,0.0,,,1884.204971609127,-1901.3950903134921,0.0,0.0,1884.204971609127,-1900.3950903134921,,,2025-09-27,24
2025-09-27,25,2025-09-27T11:00:00Z,2025-09-28T11:44:26Z,60.25,60.25,False,N,0.0,-57.16860806178775,0.0,0.0,,,1874.5242729567308,-1932.0763880869708,0.0,0.0,1874.5242729567308,-1931.0763880869708,,,2025-09-27,25
2025-09-27,26,2025-09-27T11:30:00Z,2025-09-28T12:14:34Z,93.85,93.85,False,P,0.0,67.71256034589948,0.0,0.0,,,1863.6961476474867,-1795.804443482499,0.0,0.0,1862.6961476474867,-1795.804443482499,,,2025-09-27,26
2025-09-27,27,2025-09-27T12:00:00Z,2025-09-28T12:44:26Z,51.5,51.5,False,N,0.0,-287.70949849415206,0.0,0.0,51.5,1.0,1487.6948348391813,-1861.5417098391813,0.0,86.254,1487.6948348391813,-1860.5417098391813,,86.254,2025-09-27,27
2025-09-27,28,2025-09-27T12:30:00Z,2025-09-28T13:14:34Z,55.0,55.0,False,N,0.0,-91.173133625731,0.0,0.0,55.0,1.0,1536.276111374269,-1715.626121505848,0.0,88.206,1536.276111374269,-1714.626121505848,,88.206,2025-09-27,28
2025-09-27,29,2025-09-27T13:00:00Z,2025-09-28T13:44:32Z,67.24,67.24,False,N,0.0,-344.27188618396684,0.0,0.0,67.24,0.0,1358.6291693715887,-1744.6216592222222,0.0,42.057,1358.6291693715887,-1743.6216592222222,,42.057,2025-09-27,29
2025-09-27,30,2025-09-27T13:30:00Z,2025-09-28T14:14:34Z,67.06,67.06,False,N,0.0,-483.6308537768031,0.0,0.0,67.06,0.0,1209.735257334308,-1693.41655125731,0.0,0.0,1209.735257334308,-1692.41655125731,,,2025-09-27,30
2025-09-27,31,2025-09-27T14:00:00Z,2025-09-28T14:44:43Z,55.0,55.0,False,N,0.0,-539.5671179412242,0.0,0.0,55.0,0.7888888888888889,1016.4217709476646,-1556.1638919914362,0.0,0.0,1016.4217709476646,-1555.1638919914362,,,2025-09-27,31
2025-09-27,32,2025-09-27T14:30:00Z,2025-09-28T15:14:30Z,68.73,68.73,False,N,0.0,-574.8244323299377,0.0,0.0,68.73,0.0,878.3405676700623,-1453.634801836729,0.0,0.0,878.3405676700623,-1452.634801836729,,,2025-09-27,32
2025-09-27,33,2025-09-27T15:00:00Z,2025-09-28T15:44:25Z,71.45,71.45,False,N,0.0,-298.2234014172221,0.0,0.0,71.45,0.0,1098.1415167436974,-1396.2482514942528,0.0,0.0,1098.1415167436974,-1395.2482514942528,,,2025-09-27,33
2025-09-27,34,2025-09-27T15:30:00Z,2025-09-28T16:14:36Z,72.49,72.49,False,N,0.0,-39.345037573891624,0.0,0.0,72.49,0.0,1377.7145085372194,-1435.6156967911877,0.0,18.52,1377.7145085372194,-1434.6156967911877,,18.52,2025-09-27,34
2025-09-27,35,2025-09-27T16:00:00Z,2025-09-28T16:44:28Z,75.43,75.43,False,N,0.0,-106.33337820436508,0.0,0.0,75.43,0.0,1229.0466634623017,-1472.0047790972221,0.0,137.066,1229.0466634623017,-1471.0047790972221,,137.066,2025-09-27,35
2025-09-27,36,2025-09-27T16:30:00Z,2025-09-28T17:14:34Z,105.8,105.8,False,P,0.0,124.93446876152991,0.0,0.0,,,1326.8311354281966,-1526.3400212444135,0.0,324.37,1325.8311354281966,-1526.3400212444135,,324.37,2025-09-27,36
2025-09-27,37,2025-09-27T17:00:00Z,2025-09-28T17:44:29Z,120.0,120.0,False,P,0.0,295.61688035799654,0.0,0.0,,,1490.842215251159,-1507.6408179166667,0.0,312.83,1489.842215251159,-1507.6408179166667,,312.83,2025-09-27,37
2025-09-27,38,2025-09-27T17:30:00Z,2025-09-28T18:14:31Z,120.0,120.0,False,P,0.0,317.5972624007936,0.0,0.0,,,1643.0918221230158,-1555.3108697420635,0.0,230.0,1642.0918221230158,-1555.3108697420635,,230.0,2025-09-27,38
2025-09-27,39,2025-09-27T18:00:00Z,2025-09-28T18:44:30Z,120.0,120.0,False,P,0.0,401.48607791666666,0.0,0.0,,,1668.02441125,-1547.7348291666667,0.0,281.22,1667.02441125,-1547.7348291666667,,281.22,2025-09-27,39
2025-09-27,40,2025-09-27T18:30:00Z,2025-09-28T19:14:30Z,120.0,120.0,False,P,0.0,331.20204504960316,0.0,0.0,,,1480.0537831448412,-1454.1772355257935,0.0,305.276,1479.0537831448412,-1454.1772355257935,,305.276,2025-09-27,40
2025-09-27,41,2025-09-27T19:00:00Z,2025-09-28T19:44:27Z,120.0,120.0,False,P,0.0,174.7727803553391,0.0,0.0,,,1219.7784116450216,-1325.920078255772,-0.616,281.1,1218.7784116450216,-1325.920078255772,-0.616,281.1,2025-09-27,41
2025-09-27,42,2025-09-27T19:30:00Z,2025-09-28T20:14:31Z,120.0,120.0,False,P,0.0,180.43152036458332,0.0,0.0,,,1178.19118703125,-1202.45847953125,-0.628,204.707,1177.19118703125,-1202.45847953125,-0.628,204.707,2025-09-27,42
2025-09-27,43,2025-09-27T20:00:00Z,2025-09-28T20:44:30Z,119.9,119.9,False,P,0.0,222.28155555555554,0.0,0.0,,,1062.7219841666667,-1004.6253175,-0.665,164.371,1061.7219841666667,-1004.6253175,-0.665,164.371,2025-09-27,43
2025-09-27,44,2025-09-27T20:30:00Z,2025-09-28T21:14:40Z,119.9,119.9,False,P,0.0,217.55320685185185,0.0,0.0,,,946.6032068518518,-860.4087615740741,-0.578,131.5,945.6032068518518,-860.4087615740741,-0.578,131.5,2025-09-27,44
2025-09-27,45,2025-09-27T21:00:00Z,2025-09-28T21:44:28Z,119.9,119.9,False,P,0.0,82.51883333333333,0.0,0.0,,,702.15,-620.6183333333333,0.0,1.023,701.15,-620.6183333333333,,1.023,2025-09-27,45
2025-09-27,46,2025-09-27T21:30:00Z,2025-09-28T22:14:30Z,55.1,55.1,False,N,0.0,-61.78227509259259,0.0,0.0,55.1,1.0,449.59087305555556,-511.63624356481483,0.0,0.0,449.59087305555556,-510.63624356481483,,,2025-09-27,46
2025-09-27,47,2025-09-27T22:00:00Z,2025-09-28T22:44:32Z,55.1,55.1,False,N,0.0,-203.7805588888889,0.0,0.0,,,417.95261875,-622.0998443055555,0.0,0.0,417.95261875,-621.0998443055555,,,2025-09-27,47
2025-09-27,48,2025-09-27T22:30:00Z,2025-09-28T23:14:27Z,52.692679157791254,52.692679157791254,False,N,0.0,-259.2387902669425,0.0,0.0,53.66422327777778,1.0,345.0,-604.914814711387,0.0,0.0,345.0,-603.914814711387,,,2025-09-27,48
2025-09-28,1,2025-09-27T23:00:00Z,2025-09-28T23:44:31Z,81.58,81.58,False,N,0.0,-277.90833333333336,0.0,0.0,81.58,0.0,345.0,-622.9083333333333,0.0,0.0,345.0,-621.9083333333333,,,2025-09-28,1
2025-09-28,2,2025-09-27T23:30:00Z,2025-09-29T00:14:41Z,82.64,82.64,False,N,0.0,-337.89166666666665,0.0,0.0,82.64,0.0,345.0,-682.8916666666667,0.0,0.0,345.0,-681.8916666666667,,,2025-09-28,2
2025-09-28,3,2025-09-28T00:00:00Z,2025-09-29T00:44:31Z,61.41120409365134,61.41120409365134,False,N,0.0,-140.425,0.0,0.0,61.500416666666666,1.0,476.15833333333336,-616.9916666666667,0.0,0.0,476.15833333333336,-615.9916666666667,,,2025-09-28,3
2025-09-28,4,2025-09-28T00:30:00Z,2025-09-29T01:14:32Z,67.98,67.98,False,N,0.0,-48.575,0.0,0.0,,,540.2666666666667,-588.7916666666666,0.0,0.0,540.2666666666667,-587.7916666666666,,,2025-09-28,4
2025-09-28,5,2025-09-28T01:00:00Z,2025-09-29T01:44:27Z,99.0,99.0,False,P,0.0,61.80833333333333,0.0,0.0,,,570.9833333333333,-509.1333333333333,0.0,0.0,569.9833333333333,-509.1333333333333,,,2025-09-28,5
2025-09-28,6,2025-09-28T01:30:00Z,2025-09-29T02:19:03Z,99.0,99.0,False,P,0.0,61.07988916666667,0.0,0.0,,,472.3215558333333,-411.1965558333333,0.0,0.0,471.3215558333333,-411.1965558333333,,,2025-09-28,6
2025-09-28,7,2025-09-28T02:00:00Z,2025-09-29T02:44:33Z,99.0,99.0,False,P,0.0,217.48944111111112,0.0,0.0,99.0,1.0,543.0453672222222,-325.6475927777778,0.0,0.0,542.0453672222222,-325.6475927777778,,,2025-09-28,7
2025-09-28,8,2025-09-28T02:30:00Z,2025-09-29T03:14:30Z,99.0,99.0,False,P,0.0,318.65833333333336,0.0,0.0,99.0,1.0,534.35,-215.69166666666666,0.0,0.0,533.35,-215.69166666666666,,,2025-09-28,8
2025-09-28,9,2025-09-28T03:00:00Z,2025-09-29T03:44:28Z,99.0,99.0,False,P,0.0,255.40666666666667,0.0,0.0,99.0,1.0,442.0833333333333,-186.67666666666668,0.0,0.0,441.0833333333333,-186.67666666666668,,,2025-09-28,9
2025-09-28,10,2025-09-28T03:30:00Z,2025-09-29T04:14:32Z,99.0,99.0,False,P,0.0,292.7385871111111,0.0,0.0,99.0,1.0,440.0030805267571,-147.29474622222222,0.0,0.0,439.0030805267571,-147.29474622222222,,,2025-09-28,10
2025-09-28,11,2025-09-28T04:00:00Z,2025-09-29T04:44:30Z,99.0,99.0,False,P,0.0,168.6782863425926,0.0,0.0,99.0,1.0,386.1925287037037,-217.6133803240741,0.0,0.0,385.1925287037037,-217.6133803240741,,,2025-09-28,11
2025-09-28,12,2025-09-28T04:30:00Z,2025-09-29T05:14:35Z,88.69,88.69,False,P,0.0,193.425,0.0,0.0,88.69,0.0,355.825,-162.61666666666667,0.0,0.0,354.825,-162.61666666666667,,,2025-09-28,12
2025-09-28,13,2025-09-28T05:00:00Z,2025-09-29T05:44:31Z,98.93,98.93,False,P,0.0,296.3788166666667,0.0,0.0,98.93,1.0,441.4904833333333,-145.00381666666667,0.0,0.0,440.4904833333333,-145.00381666666667,,,2025-09-28,13
2025-09-28,14,2025-09-28T05:30:00Z,2025-09-29T06:14:35Z,98.92,98.92,False,P,0.0,155.9325,0.0,0.0,98.92,1.0,346.65833333333336,-191.15916666666666,0.0,0.0,345.65833333333336,-191.15916666666666,,,2025-09-28,14
2025-09-28,15,2025-09-28T06:00:00Z,2025-09-29T06:44:39Z,58.98,58.98,False,N,0.0,-255.6525,0.0,0.0,,,345.0,-600.7358333333333,0.0,0.0,345.0,-599.7358333333333,,,2025-09-28,15
2025-09-28,16,2025-09-28T06:30:00Z,2025-09-29T07:14:39Z,60.0,60.0,False,N,0.0,-19.042413055555556,0.0,0.0,,,381.44637916666665,-445.6067922222222,0.0,45.168,381.44637916666665,-444.6067922222222,,45.168,2025-09-28,16
2025-09-28,17,2025-09-28T07:00:00Z,2025-09-29T07:44:31Z,104.46,104.46,False,P,0.0,43.787167777777775,0.0,0.0,,,475.4781711111111,-461.44108666666665,0.0,29.748,474.4781711111111,-461.44108666666665,,29.748,2025-09-28,17
2025-09-28,18,2025-09-28T07:30:00Z,2025-09-29T08:14:32Z,104.96366129877654,104.96366129877654,False,P,0.0,23.68333125,0.0,0.0,104.88325,1.0,275.75,-251.95000208333335,0.0,0.0,274.75,-251.95000208333335,,,2025-09-28,18
2025-09-28,19,2025-09-28T08:00:00Z,2025-09-29T08:44:31Z,90.77,90.77,False,P,0.0,97.30833333333334,0.0,0.0,90.77,0.0,229.16666666666666,-132.09166666666667,0.0,0.0,228.16666666666666,-132.09166666666667,,,2025-09-28,19
2025-09-28,20,2025-09-28T08:30:00Z,2025-09-29T09:14:37Z,88.51,88.51,False,P,0.0,81.45833333333333,0.0,0.0,88.51,0.0,275.0,-193.59166666666667,0.0,0.0,274.0,-193.59166666666667,,,2025-09-28,20
2025-09-28,21,2025-09-28T09:00:00Z,2025-09-29T09:44:38Z,104.95,104.95,False,P,0.0,100.315,0.0,0.0,104.95,0.35,295.35277777777776,-195.22944444444445,0.0,0.0,294.35277777777776,-195.22944444444445,,,2025-09-28,21
2025-09-28,22,2025-09-28T09:30:00Z,2025-09-29T10:14:30Z,108.00023999520009,108.00023999520009,False,P,0.0,39.659,0.0,0.0,,,277.6,-288.9583333333333,0.0,50.834,277.6,-288.9583333333333,,49.834,2025-09-28,22
2025-09-28,23,2025-09-28T10:00:00Z,2025-09-29T10:44:35Z,73.01,73.01,False,N,0.0,-33.24166666666667,0.0,0.0,,,263.11469708333334,-296.63303041666666,0.0,0.0,263.11469708333334,-295.63303041666666,,,2025-09-28,23
2025-09-28,24,2025-09-28T10:30:00Z,2025-09-29T11:14:34Z,72.01,72.01,False,N,0.0,-43.32467194444445,0.0,0.0,,,307.2416666666667,-373.51667194444445,0.0,22.917,307.2416666666667,-372.51667194444445,,22.917,2025-09-28,24
2025-09-28,25,2025-09-28T11:00:00Z,2025-09-29T11:44:28Z,73.0,73.0,False,N,0.0,-37.53562888888889,0.0,0.0,,,250.27451944444445,-287.8856288888889,0.0,0.0,250.27451944444445,-286.8856288888889,,,2025-09-28,25
2025-09-28,26,2025-09-28T11:30:00Z,2025-09-29T12:14:35Z,120.0,120.0,False,P,0.0,38.33611111111111,0.0,0.0,,,256.5416666666667,-217.9388888888889,0.0,0.0,255.54166666666666,-217.9388888888889,,,2025-09-28,26
2025-09-28,27,2025-09-28T12:00:00Z,2025-09-29T12:45:13Z,120.0,120.0,False,P,0.0,219.73471333333333,0.0,0.0,,,312.7968147222222,-93.32182361111111,0.0,0.0,311.7968147222222,-93.32182361111111,,,2025-09-28,27
2025-09-28,28,2025-09-28T12:30:00Z,2025-09-29T13:14:41Z,81.07,81.07,False,P,0.0,141.15833333333333,0.0,0.0,81.07,0.0,262.9166666666667,-121.88333333333334,0.0,0.0,261.9166666666667,-121.88333333333334,,,2025-09-28,28
2025-09-28,29,2025-09-28T13:00:00Z,2025-09-29T13:44:32Z,82.54,82.54,False,P,0.0,66.87916666666666,0.0,0.0,82.54,0.0,225.0,-158.3625,0.0,0.0,224.0,-158.3625,,,2025-09-28,29
2025-09-28,30,2025-09-28T13:30:00Z,2025-09-29T14:14:40Z,58.5,58.5,False,N,0.0,-107.85416666666667,0.0,0.0,,,225.125,-333.1375,0.0,0.0,225.125,-332.1375,,,2025-09-28,30
2025-09-28,31,2025-09-28T14:00:00Z,2025-09-29T14:44:32Z,59.0,59.0,False,N,0.0,-190.71581376754594,0.0,0.0,,,186.99471635150167,-378.57543817460316,0.0,0.0,186.99471635150167,-377.57543817460316,,,2025-09-28,31
2025-09-28,32,2025-09-28T14:30:00Z,2025-09-29T15:14:32Z,58.5,58.5,False,N,0.0,-366.15263740079365,0.0,0.0,,,96.80455125,-463.2497901785714,0.0,0.0,96.80455125,-462.2497901785714,,,2025-09-28,32
2025-09-28,33,2025-09-28T15:00:00Z,2025-09-29T15:44:34Z,60.2,60.2,False,N,0.0,-144.0443415127286,0.0,0.0,,,103.52988213399503,-398.032556980057,0.0,150.0,103.52988213399503,-397.032556980057,,150.0,2025-09-28,33
2025-09-28,34,2025-09-28T15:30:00Z,2025-09-29T16:14:34Z,106.14,106.14,False,P,0.0,114.10709080047789,0.0,0.0,,,181.68172043010753,-217.86462962962963,0.0,150.0,181.68172043010753,-217.86462962962963,,149.0,2025-09-28,34
2025-09-28,35,2025-09-28T16:00:00Z,2025-09-29T16:44:25Z,118.47,118.47,False,P,0.0,96.54666666666667,0.0,0.0,,,176.66166666666666,-480.1566666666667,0.0,400.0,176.66166666666666,-480.1566666666667,,399.0,2025-09-28,35
2025-09-28,36,2025-09-28T16:30:00Z,2025-09-29T17:14:29Z,118.47,118.47,False,P,0.0,93.4873952020202,0.0,0.0,,,184.45406546717172,-491.0666672979798,0.0,400.0,184.45406546717172,-491.0666672979798,,399.0,2025-09-28,36
2025-09-28,37,2025-09-28T17:00:00Z,2025-09-29T17:44:28Z,130.13,130.13,False,P,0.0,22.952604166666667,0.0,0.0,,,210.9609375,-713.4166666666666,0.0,525.0,210.9609375,-713.4166666666666,,524.0,2025-09-28,37
2025-09-28,38,2025-09-28T17:30:00Z,2025-09-29T18:14:33Z,132.83,132.83,False,P,0.0,412.20476194444444,0.0,0.0,,,228.15833333333333,-341.1666666666667,0.0,525.0,228.15833333333333,-341.1666666666667,,524.0,2025-09-28,38
2025-09-28,39,2025-09-28T18:00:00Z,2025-09-29T18:44:31Z,145.0,145.0,False,P,0.0,273.03833333333336,0.0,0.0,,,278.94166666666666,-195.695,0.0,190.0,277.94166666666666,-195.695,,190.0,2025-09-28,39
2025-09-28,40,2025-09-28T18:30:00Z,2025-09-29T19:14:38Z,145.0,145.0,False,P,0.0,422.41,0.0,0.0,,,348.03809527777776,-133.19642878968253,0.0,207.71,347.03809527777776,-133.19642878968253,,207.71,2025-09-28,40
2025-09-28,41,2025-09-28T19:00:00Z,2025-09-29T19:44:26Z,145.0,145.0,False,P,0.0,337.8566656944444,0.0,0.0,,,224.90833236111112,-192.73333333333332,0.0,305.79,223.90833236111112,-192.73333333333332,,305.79,2025-09-28,41
2025-09-28,42,2025-09-28T19:30:00Z,2025-09-29T20:14:27Z,110.49,110.49,False,P,0.0,182.65833333333333,0.0,0.0,,,198.975,-316.625,0.0,300.0,198.975,-316.625,,299.0,2025-09-28,42
2025-09-28,43,2025-09-28T20:00:00Z,2025-09-29T20:44:33Z,95.44,95.44,False,P,0.0,80.08611111111111,0.0,0.0,,,173.5,-269.00555555555553,0.0,175.0,173.5,-269.00555555555553,,174.0,2025-09-28,43
2025-09-28,44,2025-09-28T20:30:00Z,2025-09-29T21:14:33Z,95.27,95.27,False,P,0.0,68.65833333333333,0.0,0.0,,,123.81666666666666,-230.10833333333332,0.0,175.0,123.81666666666666,-230.10833333333332,,174.0,2025-09-28,44
2025-09-28,45,2025-09-28T21:00:00Z,2025-09-29T21:44:36Z,115.74,115.74,False,P,0.0,71.15092402777778,0.0,0.0,,,139.34259069444445,-68.02894198412699,0.0,0.0,138.34259069444445,-68.02894198412699,,,2025-09-28,45
2025-09-28,46,2025-09-28T21:30:00Z,2025-09-29T22:14:36Z,104.9,104.9,False,P,0.0,47.87971943181818,0.0,0.0,,,149.63227603028048,-105.37367584054834,0.0,3.5,148.63227603028048,-105.37367584054834,,3.5,2025-09-28,46
2025-09-28,47,2025-09-28T22:00:00Z,2025-09-29T22:44:35Z,98.9,98.9,False,P,0.0,49.55527027777778,0.0,0.0,,,65.71139694444445,-241.24472972222222,0.0,225.0,64.71139694444445,-241.24472972222222,,225.0,2025-09-28,47
2025-09-28,48,2025-09-28T22:30:00Z,2025-09-29T23:14:32Z,81.94,81.94,False,P,0.0,24.0325,0.0,0.0,81.94,0.0,0.0,-200.9675,0.0,225.0,0.0,-200.9675,,224.0,2025-09-28,48
2025-09-29,1,2025-09-28T23:00:00Z,2025-09-29T23:44:33Z,63.45,63.45,False,N,0.0,-53.27430236111111,0.0,0.0,,,0.0,-278.29930236111113,0.0,225.0,0.0,-277.29930236111113,,225.0,2025-09-29,1
2025-09-29,2,2025-09-28T23:30:00Z,2025-09-30T00:14:36Z,63.5,63.5,False,N,0.0,-81.26291491477272,0.0,0.0,,,0.000225208333333333,-306.26291491477275,0.0,225.0,0.000225208333333333,-305.26291491477275,,225.0,2025-09-29,2
2025-09-29,3,2025-09-29T00:00:00Z,2025-09-30T00:44:31Z,80.26,80.26,False,P,0.0,63.94440207070707,0.0,0.0,80.26,0.0,0.000168333333333333,-161.2472645959596,0.0,225.0,0.000168333333333333,-161.2472645959596,,224.0,2025-09-29,3
2025-09-29,4,2025-09-29T00:30:00Z,2025-09-30T01:14:29Z,96.92,96.92,False,P,0.0,131.95277777777778,0.0,0.0,96.92,1.0,18.333333333333332,-111.4888888888889,0.0,225.0,18.215909663034488,-111.4888888888889,,224.11742367029885,2025-09-29,4
2025-09-29,5,2025-09-29T01:00:00Z,2025-09-30T01:44:32Z,80.06,80.06,False,P,0.0,32.638888888888886,0.0,0.0,80.06,0.0,10.0,-202.36111111111111,0.0,225.0,9.693617021276596,-202.36111111111111,,224.3063829787234,2025-09-29,5
2025-09-29,6,2025-09-29T01:30:00Z,2025-09-30T02:14:52Z,63.81,63.81,False,N,0.0,-42.016666666666666,0.0,0.0,,,14.966666666666667,-281.675,0.0,225.0,14.966666666666667,-280.675,,225.0,2025-09-29,6
2025-09-29,7,2025-09-29T02:00:00Z,2025-09-30T02:44:29Z,63.9,63.9,False,N,0.0,-50.208333333333336,0.0,0.0,,,0.0,-275.2083333333333,0.0,225.0,0.0,-274.2083333333333,,225.0,2025-09-29,7
2025-09-29,8,2025-09-29T02:30:00Z,2025-09-30T03:14:29Z,63.97,63.97,False,N,0.0,-39.17559027777778,0.0,0.0,,,82.33333333333333,-346.4339236111111,0.0,225.0,82.33333333333333,-345.4339236111111,,225.0,2025-09-29,8
2025-09-29,9,2025-09-29T03:00:00Z,2025-09-30T03:44:25Z,102.13233297823162,102.13233297823162,False,P,0.0,9.944808148148148,0.0,0.0,,,43.65031833333333,-258.6055101851852,0.0,225.0,42.65031833333333,-258.6055101851852,,225.0,2025-09-29,9
2025-09-29,10,2025-09-29T03:30:00Z,2025-09-30T04:14:32Z,64.22,64.22,False,N,0.0,-128.9487391835017,0.0,0.0,,,161.0631488888889,-515.0250361279461,0.0,225.0,161.0631488888889,-514.0250361279461,,225.0,2025-09-29,10
2025-09-29,11,2025-09-29T04:00:00Z,2025-09-30T04:44:25Z,64.22,64.22,False,N,0.0,-309.52312599878996,0.0,0.0,,,34.78319490972222,-344.2064593321233,0.0,0.0,34.78319490972222,-343.2064593321233,,,2025-09-29,11
2025-09-29,12,2025-09-29T04:30:00Z,2025-09-30T05:14:27Z,64.31,64.31,False,N,0.0,-246.36676757936507,0.0,0.0,,,10.175,-256.63343424603175,0.0,0.0,10.175,-255.63343424603175,,,2025-09-29,12
2025-09-29,13,2025-09-29T05:00:00Z,2025-09-30T05:44:27Z,64.32,64.32,False,N,0.0,-144.22958777777777,0.0,0.0,,,184.15812375,-328.3456426388889,0.0,0.0,184.15812375,-327.3456426388889,,,2025-09-29,13
2025-09-29,14,2025-09-29T05:30:00Z,2025-09-30T06:14:28Z,111.9,111.9,False,P,0.0,181.07822222222222,0.0,0.0,,,255.43055555555554,-85.65,0.0,11.456,254.43055555555554,-85.65,,11.456,2025-09-29,14
2025-09-29,15,2025-09-29T06:00:00Z,2025-09-30T06:44:31Z,111.9,111.9,False,P,0.0,197.06304031746032,0.0,0.0,,,254.76263476190476,-108.23656444444444,0.0,50.76,253.76263476190476,-108.23656444444444,,50.76,2025-09-29,15
2025-09-29,16,2025-09-29T06:30:00Z,2025-09-30T07:14:32Z,154.8,154.8,False,P,0.0,581.3387764880953,0.0,0.0,,,516.5807925992063,-112.79630611111111,0.0,177.433,515.5807925992063,-112.79630611111111,,177.433,2025-09-29,16
2025-09-29,17,2025-09-29T07:00:00Z,2025-09-30T07:44:34Z,111.9,111.9,False,P,0.0,39.898265,0.0,0.0,,,498.0890983333333,-457.973265,0.0,0.0,497.0890983333333,-457.973265,,,2025-09-29,17
2025-09-29,18,2025-09-29T07:30:00Z,2025-09-30T08:14:33Z,81.11,81.11,False,N,0.0,-40.86991666666667,0.0,0.0,,,353.53333333333336,-425.03,0.0,30.133,353.53333333333336,-424.03,,30.133,2025-09-29,18
2025-09-29,19,2025-09-29T08:00:00Z,2025-09-30T08:44:29Z,64.56,64.56,False,N,0.0,-185.7965120350301,0.0,0.0,,,210.0015737063492,-505.2211787016968,0.0,109.083,210.0015737063492,-504.2211787016968,,109.083,2025-09-29,19
2025-09-29,20,2025-09-29T08:30:00Z,2025-09-30T09:14:33Z,64.75,64.75,False,N,0.0,-96.67254878454878,0.0,0.0,,,219.775,-323.9562154512154,0.0,7.617,219.775,-322.9562154512154,,7.617,2025-09-29,20
2025-09-29,21,2025-09-29T09:00:00Z,2025-09-30T09:44:35Z,64.75,64.75,False,N,0.0,-157.67568412698412,0.0,0.0,,,405.8086996031746,-563.6173507936508,0.0,0.0,405.8086996031746,-562.6173507936508,,,2025-09-29,21
2025-09-29,22,2025-09-29T09:30:00Z,2025-09-30T10:14:31Z,64.8,64.8,False,N,0.0,-303.1814484126984,0.0,0.0,,,429.76666666666665,-732.6647817460317,0.0,0.0,429.76666666666665,-731.6647817460317,,,2025-09-29,22
2025-09-29,23,2025-09-29T10:00:00Z,2025-09-30T10:44:31Z,64.8,64.8,False,N,0.0,-167.91874972222223,0.0,0.0,,,343.95833361111113,-511.94375,0.0,0.0,343.95833361111113,-510.94375,,,2025-09-29,23
2025-09-29,24,2025-09-29T10:30:00Z,2025-09-30T11:14:33Z,64.56,64.56,False,N,0.0,-434.49330118019697,0.0,0.0,,,361.0750542166284,-795.9147442857143,0.0,0.0,361.0750542166284,-794.9147442857143,,,2025-09-29,24
2025-09-29,25,2025-09-29T11:00:00Z,2025-09-30T11:44:33Z,64.56,64.56,False,N,0.0,-477.59406458178233,0.0,0.0,,,394.8097262822148,-873.0393986670274,0.0,0.0,394.8097262822148,-872.0393986670274,,,2025-09-29,25
2025-09-29,26,2025-09-29T11:30:00Z,2025-09-30T12:14:38Z,64.82,64.82,False,N,0.0,-242.456063157713,0.0,0.0,,,331.4454130246232,-630.5671753490028,0.0,56.46,331.4454130246232,-629.5671753490028,,56.46,2025-09-29,26
2025-09-29,27,2025-09-29T12:00:00Z,2025-09-30T12:44:40Z,64.88,64.88,False,N,0.0,-24.426339106502816,0.0,0.0,,,352.2868890681004,-538.0055003968254,0.0,161.234,352.2868890681004,-537.0055003968254,,161.234,2025-09-29,27
2025-09-29,28,2025-09-29T12:30:00Z,2025-09-30T13:14:31Z,64.88,64.88,False,N,0.0,-8.210803100344013,0.0,0.0,,,401.3076907946499,-411.1691605616606,0.0,1.484,401.3076907946499,-410.1691605616606,,1.484,2025-09-29,28
2025-09-29,29,2025-09-29T13:00:00Z,2025-09-30T13:44:40Z,108.92,108.92,False,P,0.0,37.176149375644,0.0,0.0,,,362.4736555561598,-325.23387449969476,0.0,0.0,361.4736555561598,-325.23387449969476,,,2025-09-29,29
2025-09-29,30,2025-09-29T13:30:00Z,2025-09-30T14:14:31Z,64.9,64.9,False,N,0.0,-21.846009047993707,0.0,0.0,,,239.35649095200628,-261.2608333333333,0.0,0.0,239.35649095200628,-260.2608333333333,,,2025-09-29,30
2025-09-29,31,2025-09-29T14:00:00Z,2025-09-30T14:44:28Z,111.9,111.9,False,P,0.0,127.9536955421147,0.0,0.0,,,276.20994554211467,-148.64791666666667,0.0,0.0,275.20994554211467,-148.64791666666667,,,2025-09-29,31
2025-09-29,32,2025-09-29T14:30:00Z,2025-09-30T15:14:33Z,64.83,64.83,False,N,0.0,-142.8267204301075,0.0,0.0,,,86.66411290322581,-230.07416666666666,0.0,0.0,86.66411290322581,-229.07416666666666,,,2025-09-29,32
2025-09-29,33,2025-09-29T15:00:00Z,2025-09-30T15:44:36Z,142.64470500814062,142.64470500814062,False,P,0.0,46.62555555555556,0.0,0.0,,,175.52666666666667,-129.4427777777778,0.0,0.0,174.52666666666667,-129.4427777777778,,,2025-09-29,33
2025-09-29,34,2025-09-29T15:30:00Z,2025-09-30T16:14:33Z,169.6,169.6,False,P,0.0,7.226463161021985,0.0,0.0,,,273.22118538324423,-265.9613888888889,0.0,0.0,272.22118538324423,-265.9613888888889,,,2025-09-29,34
2025-09-29,35,2025-09-29T16:00:00Z,2025-09-30T16:44:40Z,73.72635542929267,73.72635542929267,False,N,0.0,-84.2460106267507,0.0,0.0,,,459.1887318137255,-963.4820341071429,0.0,420.25,459.1887318137255,-962.4820341071429,,420.25,2025-09-29,35
2025-09-29,36,2025-09-29T16:30:00Z,2025-09-30T17:14:39Z,75.9,75.9,False,N,0.0,-30.388595248380845,0.0,0.0,,,527.1817218090063,-973.4478447721904,0.0,415.85,527.1817218090063,-972.4478447721904,,415.85,2025-09-29,36
2025-09-29,37,2025-09-29T17:00:00Z,2025-09-30T17:44:54Z,85.0,85.0,False,N,0.0,-5.002777777777778,0.0,0.0,,,525.0,-945.2194444444444,0.0,414.9,525.0,-944.2194444444444,,414.9,2025-09-29,37
2025-09-29,38,2025-09-29T17:30:00Z,2025-09-30T18:14:48Z,138.0,138.0,False,P,0.0006,24.63491452991453,0.0,0.0,,,565.8,-956.3984188034188,0.0,415.15,564.8,-956.3984188034188,,415.15,2025-09-29,38
2025-09-29,39,2025-09-29T18:00:00Z,2025-09-30T18:44:37Z,169.6,169.6,False,P,0.0,112.7449845970696,0.0,0.0,,,543.8583316666667,-447.8300137362637,0.0,16.4,542.8583316666667,-447.8300137362637,,16.4,2025-09-29,39
2025-09-29,40,2025-09-29T18:30:00Z,2025-09-30T19:14:46Z,145.0,145.0,False,P,0.0,13.221666666666666,0.0,0.0,,,525.0,-525.67,0.0,13.75,525.0,-525.67,,12.75,2025-09-29,40
2025-09-29,41,2025-09-29T19:00:00Z,2025-09-30T19:44:43Z,71.89,71.89,False,N,0.0,-58.82575757575758,0.0,0.0,,,525.15,-584.0674242424243,0.0,0.0,525.15,-583.0674242424243,,,2025-09-29,41
2025-09-29,42,2025-09-29T19:30:00Z,2025-09-30T20:14:39Z,70.0,70.0,False,N,0.0,-33.636464646464646,0.0,0.0,,,522.9166666666666,-556.5781313131313,0.0,0.0,522.9166666666666,-555.5781313131313,,,2025-09-29,42
2025-09-29,43,2025-09-29T20:00:00Z,2025-09-30T20:44:36Z,65.55,65.55,False,N,0.0,-179.01607142857142,0.0,0.0,,,425.12638888888887,-604.3327380952381,0.0,0.0,425.12638888888887,-603.3327380952381,,,2025-09-29,43
2025-09-29,44,2025-09-29T20:30:00Z,2025-09-30T21:14:36Z,169.0171334737646,169.0171334737646,False,P,0.0,72.075,0.0,0.0,,,310.75,-238.675,0.0,0.0,309.75,-238.675,,,2025-09-29,44
2025-09-29,45,2025-09-29T21:00:00Z,2025-09-30T21:44:37Z,65.55,65.55,False,N,0.0,-95.475,0.0,0.0,65.55,1.0,158.825,-254.25833333333333,0.0,0.0,158.825,-253.25833333333333,,,2025-09-29,45
2025-09-29,46,2025-09-29T21:30:00Z,2025-09-30T22:14:42Z,65.55,65.55,False,N,0.0,-6.510312361111112,0.0,0.0,,,210.07679486111113,-317.80597472222223,0.0,101.433,210.07679486111113,-316.80597472222223,,101.433,2025-09-29,46
2025-09-29,47,2025-09-29T22:00:00Z,2025-09-30T22:44:42Z,66.05,66.05,False,N,0.0,-56.35984777777778,0.0,0.0,,,237.74837930555555,-293.99837930555555,0.0,0.0,237.74837930555555,-292.99837930555555,,,2025-09-29,47
2025-09-29,48,2025-09-29T22:30:00Z,2025-09-30T23:14:42Z,70.0,70.0,False,N,0.0,-7.571875,0.0,0.0,,,213.428125,-220.86145833333333,0.0,0.0,213.428125,-219.86145833333333,,,2025-09-29,48
2025-09-30,1,2025-09-29T23:00:00Z,2025-09-30T23:44:51Z,66.05,66.05,False,N,0.0,-56.29666666666667,0.0,0.0,,,115.0,-352.9166666666667,0.0,181.37,115.0,-351.9166666666667,,181.37,2025-09-30,1
2025-09-30,2,2025-09-29T23:30:00Z,2025-10-01T00:14:43Z,94.9,94.9,False,P,0.0,13.636944444444444,0.0,0.0,,,86.85277777777777,-231.84027777777777,0.0,158.83,85.85277777777777,-231.84027777777777,,158.83,2025-09-30,2
2025-09-30,3,2025-09-30T00:00:00Z,2025-10-01T00:44:40Z,96.18,96.18,False,P,0.0,23.14995625,0.0,0.0,,,56.17678958333333,-74.80595625,0.0,41.269,55.17678958333333,-74.80595625,,41.269,2025-09-30,3
2025-09-30,4,2025-09-30T00:30:00Z,2025-10-01T01:14:40Z,120.99989411640136,120.99989411640136,False,P,0.0,114.93834319444444,0.0,0.0,,,22.359355999346313,-107.30865680555556,0.0,199.922,22.359355999346313,-107.30865680555556,,198.922,2025-09-30,4
2025-09-30,5,2025-09-30T01:00:00Z,2025-10-01T01:44:37Z,57.72224986392206,57.72224986392206,False,N,0.0,-111.16179166666667,0.0,0.0,59.4375,1.0,0.0,-115.41145833333333,0.0,3.783,0.0,-114.41145833333333,,3.783,2025-09-30,5
2025-09-30,6,2025-09-30T01:30:00Z,2025-10-01T02:15:13Z,70.0,70.0,False,N,0.0,-2.7327083333333335,0.0,0.0,,,25.870416666666667,-28.808958333333333,0.0,0.0,25.870416666666667,-27.808958333333333,,,2025-09-30,6
2025-09-30,7,2025-09-30T02:00:00Z,2025-10-01T02:44:39Z,66.1,66.1,False,N,0.0,-105.98055555555555,0.0,0.0,66.1,1.0,3.283333333333333,-109.93055555555556,0.0,0.0,3.283333333333333,-108.93055555555556,,,2025-09-30,7
2025-09-30,8,2025-09-30T02:30:00Z,2025-10-01T03:14:44Z,66.06,66.06,False,N,0.0,-219.67,0.0,0.0,66.06,1.0,30.4,-249.83666666666667,0.0,0.0,30.4,-248.83666666666667,,,2025-09-30,8
2025-09-30,9,2025-09-30T03:00:00Z,2025-10-01T03:44:37Z,66.06,66.06,False,N,0.0,-294.2997181818182,0.0,0.0,66.06,1.0,4.619715151515152,-298.8330515151515,0.0,0.0,4.619715151515152,-297.8330515151515,,,2025-09-30,9
2025-09-30,10,2025-09-30T03:30:00Z,2025-10-01T04:14:38Z,95.0,95.0,False,P,0.0,68.27222222222223,0.0,0.0,,,113.69722222222222,-45.40833333333333,0.0,0.0,112.69722222222222,-45.40833333333333,,,2025-09-30,10
2025-09-30,11,2025-09-30T04:00:00Z,2025-10-01T04:44:42Z,96.89,96.89,False,P,0.0,214.5200698015873,0.0,0.0,,,221.96173646825397,-7.633561865079365,0.0,0.0,220.96173646825397,-7.633561865079365,,,2025-09-30,11
2025-09-30,12,2025-09-30T04:30:00Z,2025-10-01T05:14:29Z,66.0,66.0,False,N,0.0,-322.6148709269434,0.0,0.0,,,142.08847265873015,-464.90349238527676,0.0,0.0,142.08847265873015,-463.90349238527676,,,2025-09-30,12
2025-09-30,13,2025-09-30T05:00:00Z,2025-10-01T05:44:27Z,70.0,70.0,False,N,0.0,-2.493,0.0,0.0,,,165.0,-335.4,0.0,167.682,165.0,-334.4,,167.682,2025-09-30,13
2025-09-30,14,2025-09-30T05:30:00Z,2025-10-01T06:14:28Z,124.0,124.0,False,P,0.0,98.30484138888889,0.0,0.0,,,237.90484138888888,-139.66317333333333,0.0,0.0,236.90484138888888,-139.66317333333333,,,2025-09-30,14
2025-09-30,15,2025-09-30T06:00:00Z,2025-10-01T06:44:31Z,125.0,125.0,False,P,0.0,270.99583472222224,0.0,0.0,,,511.2571303439153,-240.20462895502646,0.0,0.0,510.2571303439153,-240.20462895502646,,,2025-09-30,15
2025-09-30,16,2025-09-30T06:30:00Z,2025-10-01T07:14:34Z,134.0,134.0,False,P,0.0,516.8928669444444,0.0,0.0,,,632.3149514612269,-289.56605277777777,0.0,174.312,631.3149514612269,-289.56605277777777,,174.312,2025-09-30,16
2025-09-30,17,2025-09-30T07:00:00Z,2025-10-01T07:44:27Z,130.0,130.0,False,P,0.0,401.8340905698589,0.0,0.0,,,644.0520600301435,-297.95706251584016,0.0,55.705,643.0520600301435,-297.95706251584016,,55.705,2025-09-30,17
2025-09-30,18,2025-09-30T07:30:00Z,2025-10-01T08:14:38Z,124.0,124.0,False,P,0.0,66.91499722222223,0.0,0.0,,,423.08519930555553,-355.9507576388889,0.0,0.0,422.08519930555553,-355.9507576388889,,,2025-09-30,18
2025-09-30,19,2025-09-30T08:00:00Z,2025-10-01T08:44:40Z,85.27,85.27,False,N,0.0,-122.29706319444445,0.0,0.0,,,213.58015902777777,-335.62515833333333,0.0,0.0,213.58015902777777,-334.62515833333333,,,2025-09-30,19
2025-09-30,20,2025-09-30T08:30:00Z,2025-10-01T09:14:29Z,66.26,66.26,False,N,0.0,-33.82766600529101,0.0,0.0,,,135.0,-221.094666005291,0.0,52.267,135.0,-220.094666005291,,52.267,2025-09-30,20
2025-09-30,21,2025-09-30T09:00:00Z,2025-10-01T09:44:34Z,96.80137449616582,96.80137449616582,False,P,0.0,1.02873363260582,0.0,0.0,,,334.18437027777776,-344.91501164517194,0.0,12.0,333.18437027777776,-344.91501164517194,,12.0,2025-09-30,21
2025-09-30,22,2025-09-30T09:30:00Z,2025-10-01T10:14:35Z,96.08,96.08,False,P,0.0,7.031526944444445,0.0,0.0,,,241.21833333333333,-234.7051397222222,0.0,0.0,240.21833333333333,-234.7051397222222,,,2025-09-30,22
2025-09-30,23,2025-09-30T10:00:00Z,2025-10-01T10:44:30Z,66.25,66.25,False,N,0.0,-215.70267652777778,0.0,0.0,,,118.65010125,-334.5778790277778,0.0,0.0,118.65010125,-333.5778790277778,,,2025-09-30,23
2025-09-30,24,2025-09-30T10:30:00Z,2025-10-01T11:14:30Z,66.26,66.26,False,N,0.0,-127.37025625,0.0,0.0,,,64.22307708333334,-191.3946130448718,0.0,0.0,64.22307708333334,-190.3946130448718,,,2025-09-30,24
2025-09-30,25,2025-09-30T11:00:00Z,2025-10-01T11:44:29Z,66.26,66.26,False,N,0.0,-107.9450188888889,0.0,0.0,,,14.24798,-122.40669448412699,0.0,0.0,14.24798,-121.40669448412699,,,2025-09-30,25
2025-09-30,26,2025-09-30T11:30:00Z,2025-10-01T12:14:49Z,60.0,60.0,False,N,0.0,-493.22291708333336,0.0,0.0,60.0,1.0,0.0,-493.4062504166667,0.0,0.0,0.0,-492.4062504166667,,,2025-09-30,26
2025-09-30,27,2025-09-30T12:00:00Z,2025-10-01T12:45:01Z,64.0,64.0,False,N,0.0,-428.42945283882784,0.0,0.0,64.0,1.0,3.00438125,-431.6338340888278,0.0,0.0,3.00438125,-430.6338340888278,,,2025-09-30,27
2025-09-30,28,2025-09-30T12:30:00Z,2025-10-01T13:14:37Z,66.26,66.26,False,N,0.0,-66.36796875,0.0,0.0,,,116.05036555555556,-182.61869569444445,0.0,0.0,116.05036555555556,-181.61869569444445,,,2025-09-30,28
2025-09-30,29,2025-09-30T13:00:00Z,2025-10-01T13:44:41Z,62.21,62.21,False,N,0.0,-9.555972222222222,0.0,0.0,,,27.650694444444444,-37.38166666666667,0.0,0.0,27.650694444444444,-36.38166666666667,,,2025-09-30,29
2025-09-30,30,2025-09-30T13:30:00Z,2025-10-01T14:14:33Z,66.26,66.26,False,N,0.0,-59.88458333333333,0.0,0.0,,,27.84875,-87.63333333333334,0.0,0.0,27.84875,-86.63333333333334,,,2025-09-30,30
2025-09-30,31,2025-09-30T14:00:00Z,2025-10-01T14:44:29Z,66.25,66.25,False,N,0.0,-173.64255132143842,0.0,0.0,,,107.66413671274961,-281.306688034188,0.0,0.0,107.66413671274961,-280.306688034188,,,2025-09-30,31
2025-09-30,32,2025-09-30T14:30:00Z,2025-10-01T15:14:34Z,116.3,116.3,False,P,0.0,33.935290412698414,0.0,0.0,,,258.5109390793651,-224.50685466666667,0.0,0.0,257.5109390793651,-224.50685466666667,,,2025-09-30,32
2025-09-30,33,2025-09-30T15:00:00Z,2025-10-01T15:44:44Z,116.3,116.3,False,P,0.0,100.99337189542484,0.0,0.0,,,358.4022385620915,-257.5588666666667,0.0,0.0,357.4022385620915,-257.5588666666667,,,2025-09-30,33
2025-09-30,34,2025-09-30T15:30:00Z,2025-10-01T16:14:43Z,122.4,122.4,False,P,0.0,261.4144744008715,0.0,0.0,,,585.6563725490196,-324.15023148148146,0.0,0.0,584.6563725490196,-324.15023148148146,,,2025-09-30,34
2025-09-30,35,2025-09-30T16:00:00Z,2025-10-01T16:44:34Z,131.75457950873948,131.75457950873948,False,P,0.0,525.1615277777778,0.0,0.0,130.775,1.0,435.8333333333333,-461.12180555555557,0.0,550.0,435.0,-461.12180555555557,,549.8333333333334,2025-09-30,35
2025-09-30,36,2025-09-30T16:30:00Z,2025-10-01T17:14:34Z,164.9,164.9,False,P,0.0,363.9142094017094,0.0,0.0,,,435.0,-621.2024572649573,0.0,550.0,434.0,-621.2024572649573,,550.0,2025-09-30,36
2025-09-30,37,2025-09-30T17:00:00Z,2025-10-01T17:44:30Z,130.0,130.0,False,P,0.0006,341.11932234432237,0.0,0.0,,,441.10714285714283,-565.6961538461538,0.0,465.85,441.10714285714283,-565.6961538461538,,464.85,2025-09-30,37
2025-09-30,38,2025-09-30T17:30:00Z,2025-10-01T18:14:35Z,129.0,129.0,False,P,0.0018,442.4383026984127,0.0,0.0,,,530.1261904761905,-564.9999988888889,0.0,477.491,529.1261904761905,-564.9999988888889,,477.491,2025-09-30,38
2025-09-30,39,2025-09-30T18:00:00Z,2025-10-01T18:44:34Z,112.58,112.58,False,P,0.0,362.62742833333334,0.0,0.0,,,634.8626622222222,-680.2439005555556,0.0,407.992,634.8626622222222,-680.2439005555556,,406.992,2025-09-30,39
2025-09-30,40,2025-09-30T18:30:00Z,2025-10-01T19:14:34Z,111.36,111.36,False,P,0.0,105.19752333333334,0.0,0.0,,,580.7076423809524,-850.1350233333334,0.0,375.0,580.7076423809524,-850.1350233333334,,374.0,2025-09-30,40
2025-09-30,41,2025-09-30T19:00:00Z,2025-10-01T19:44:41Z,64.45,64.45,False,N,0.0,-15.874574443377977,0.0,0.0,,,863.6331991342938,-1032.997990291306,-1.149,153.617,863.6331991342938,-1031.997990291306,-1.149,153.617,2025-09-30,41
2025-09-30,42,2025-09-30T19:30:00Z,2025-10-01T20:14:33Z,66.25,66.25,False,N,0.0,-224.56666172839508,0.0,0.0,66.25,1.0,826.1083382716049,-1150.5500049382715,-1.167,100.0,826.1083382716049,-1149.5500049382715,-1.167,100.0,2025-09-30,42
2025-09-30,43,2025-09-30T20:00:00Z,2025-10-01T20:44:34Z,19.591307110888415,19.591307110888415,False,N,0.0,-328.68313861111113,0.0,0.0,21.06,1.0,999.6917740046297,-1357.059133587963,-1.2,28.33,999.6917740046297,-1356.059133587963,-1.2,28.33,2025-09-30,43
2025-09-30,44,2025-09-30T20:30:00Z,2025-10-01T21:14:38Z,31.75783061941088,31.75783061941088,False,N,0.0,-312.63257938888887,0.0,0.0,34.583333333333336,1.0,1092.546421478691,-1435.2183715555554,-1.111,30.271,1092.546421478691,-1434.2183715555554,-1.111,30.271,2025-09-30,44
2025-09-30,45,2025-09-30T21:00:00Z,2025-10-01T21:44:37Z,94.75,94.75,False,P,0.0,67.37062959986773,0.0,0.0,,,1572.7268572387566,-1565.597398369709,0.0,59.966,1571.7268572387566,-1565.597398369709,,59.966,2025-09-30,45
2025-09-30,46,2025-09-30T21:30:00Z,2025-10-01T22:14:42Z,94.7,94.7,False,P,0.0,216.06098480977212,0.0,0.0,,,1892.669799740199,-1713.3585080958453,0.0,36.748,1891.669799740199,-1713.3585080958453,,36.748,2025-09-30,46
2025-09-30,47,2025-09-30T22:00:00Z,2025-10-01T22:44:34Z,79.51,79.51,False,N,0.0,-46.91921722222222,0.0,0.0,79.51,0.0,1622.2996281944445,-1676.7468516666668,0.0,7.586,1622.2996281944445,-1675.7468516666668,,7.586,2025-09-30,47
2025-09-30,48,2025-09-30T22:30:00Z,2025-10-01T23:14:36Z,75.06,75.06,False,N,0.0,-132.88670996031746,0.0,0.0,75.06,0.0,1503.0591287896825,-1635.73333875,0.0,0.0,1503.0591287896825,-1634.73333875,,,2025-09-30,48
