SettlementDate,SettlementPeriod,StartTime,CreatedDateTime,SystemSellPrice,SystemBuyPrice,BsadDefaulted,PriceDerivationCode,ReserveScarcityPrice,NetImbalanceVolume,SellPriceAdjustment,BuyPriceAdjustment,ReplacementPrice,ReplacementPriceReferenceVolume,TotalAcceptedOfferVolume,TotalAcceptedBidVolume,TotalAdjustmentSellVolume,TotalAdjustmentBuyVolume,TotalSystemTaggedAcceptedOfferVolume,TotalSystemTaggedAcceptedBidVolume,TotalSystemTaggedAdjustmentSellVolume,TotalSystemTaggedAdjustmentBuyVolume
2025-10-28,46,2025-10-28T22:30:00Z,2025-10-29T23:16:52Z,35.140000000000000568,35.140000000000000568,False,N,0.000000000000000000,-104.305799342998952284,0.00,0.00,,,781.466883442422954431,-1075.919745277342371992,0.000000000000000000,190.000000000000000000,781.466883442422954431,-1074.919745277342371992,,190.000000000000000000
2025-10-28,47,2025-10-28T23:00:00Z,2025-10-29T23:44:31Z,35.009999999999998010,35.009999999999998010,False,N,0.000000000000000000,-121.599322579365079378,0.00,0.00,,,786.358839444444470246,-1207.282655912698373868,0.000000000000000000,299.500000000000000000,786.358839444444470246,-1206.282655912698373868,,299.500000000000000000
2025-10-28,48,2025-10-28T23:30:00Z,2025-10-30T00:14:36Z,43.810000000000002274,43.810000000000002274,False,P,0.000000000000000000,9.655628420164021009,0.00,0.00,43.810000000000002274,0.000000000000000000,781.004984320166613543,-1070.896038246502712354,0.000000000000000000,299.500000000000000000,780.004984320166613543,-1070.896038246502712354,,299.500000000000000000
2025-10-29,1,2025-10-29T00:00:00Z,2025-10-30T00:44:29Z,47.590000000000003411,47.590000000000003411,False,P,0.000000000000000000,236.487669305555556321,0.00,0.00,47.590000000000003411,0.000000000000000000,780.649540833333389855,-843.912052916666652891,0.000000000000000000,299.500000000000000000,779.649540833333389855,-843.912052916666652891,,299.500000000000000000
2025-10-29,2,2025-10-29T00:30:00Z,2025-10-30T01:14:35Z,49.679999999999999716,49.679999999999999716,False,P,0.000000000000000000,287.444393383838360023,0.00,0.00,49.679999999999999716,0.000000000000000000,780.583333333333371229,-792.593939949494938446,0.000000000000000000,299.500000000000000000,779.755347101985307745,-792.593939949494938446,,299.327986231348006640
2025-10-29,3,2025-10-29T01:00:00Z,2025-10-30T01:44:29Z,42.609999999999999432,42.609999999999999432,False,P,0.000000000000000000,346.880613355508842233,0.00,0.00,42.609999999999999432,0.000000000000000000,781.062144523809479324,-733.884367535014007444,0.000000000000000000,299.500000000000000000,780.376029500840331821,-733.884367535014007444,,299.186115022969261190
2025-10-29,4,2025-10-29T01:30:00Z,2025-10-30T02:15:04Z,8.699999999999999289,8.699999999999999289,False,N,0.000000000000000000,-167.305127822128838488,0.00,0.00,,,780.926393031045790849,-1247.821794488795603684,0.000000000000000000,299.500000000000000000,780.926393031045790849,-1246.821794488795603684,,299.500000000000000000
2025-10-29,5,2025-10-29T02:00:00Z,2025-10-30T02:44:30Z,0.000000000000000000,0.000000000000000000,False,N,0.000000000000000000,-38.619047619047620401,0.00,0.00,,,780.808333333333280279,-1119.127380952380917734,0.000000000000000000,299.500000000000000000,780.808333333333280279,-1118.127380952380917734,,299.500000000000000000
2025-10-29,6,2025-10-29T02:30:00Z,2025-10-30T03:14:36Z,5.799999999999999822,5.799999999999999822,False,N,0.000000000000000000,-81.001239087301584618,0.00,0.00,,,780.546717777777757874,-1161.297905753968279896,0.000000000000000000,299.500000000000000000,780.546717777777757874,-1160.297905753968279896,,299.500000000000000000
2025-10-29,7,2025-10-29T03:00:00Z,2025-10-30T03:44:31Z,29.620000000000000995,29.620000000000000995,False,P,0.000000000000000000,192.382634642857141216,0.00,0.00,29.620000000000000995,0.000000000000000000,780.528020833333357587,-888.301809801587296533,0.000000000000000000,299.500000000000000000,779.528020833333357587,-888.301809801587296533,,299.500000000000000000
2025-10-29,8,2025-10-29T03:30:00Z,2025-10-30T04:14:44Z,31.339999999999999858,31.339999999999999858,False,P,0.000000000000000000,64.459855560776944117,0.00,0.00,31.339999999999999858,0.000000000000000000,780.510416666666628771,-1015.598477772556407217,0.000000000000000000,299.500000000000000000,779.510416666666628771,-1015.598477772556407217,,299.500000000000000000
2025-10-29,9,2025-10-29T04:00:00Z,2025-10-30T04:44:26Z,-17.320000000000000284,-17.320000000000000284,False,N,0.000000000000000000,-408.087658285644693024,0.00,0.00,,,780.630842777777729680,-1488.424324952311280867,0.000000000000000000,299.500000000000000000,780.630842777777729680,-1487.424324952311280867,,299.500000000000000000
2025-10-29,10,2025-10-29T04:30:00Z,2025-10-30T05:14:28Z,-17.320000000000000284,-17.320000000000000284,False,N,0.000000000000000000,-836.302068883442302649,0.00,0.00,,,780.708333333333371229,-1916.535402216775537454,0.000000000000000000,299.500000000000000000,780.708333333333371229,-1915.535402216775537454,,299.500000000000000000
2025-10-29,11,2025-10-29T05:00:00Z,2025-10-30T05:44:24Z,-17.320000000000000284,-17.320000000000000284,False,N,0.000000000000000000,-965.447775257936541493,0.00,0.00,,,795.049999999999954525,-2060.306108591270003672,0.000000000000000000,299.500000000000000000,795.049999999999954525,-2059.306108591270003672,,299.500000000000000000
2025-10-29,12,2025-10-29T05:30:00Z,2025-10-30T06:14:25Z,-10.500000000000000000,-10.500000000000000000,False,N,0.000000000000000000,-483.216877808302797348,0.00,0.00,,,788.598033044871840502,-1571.745082936507969862,0.000000000000000000,299.500000000000000000,788.598033044871840502,-1570.745082936507969862,,299.500000000000000000
2025-10-29,13,2025-10-29T06:00:00Z,2025-10-30T06:44:31Z,37.679999999999999716,37.679999999999999716,False,N,0.000000000000000000,-73.299849086134457821,0.00,0.00,,,713.698661109943941483,-896.599253848039211334,0.000000000000000000,109.500000000000000000,713.698661109943941483,-895.599253848039211334,,109.500000000000000000
2025-10-29,14,2025-10-29T06:30:00Z,2025-10-30T07:14:36Z,28.339999999999999858,28.339999999999999858,False,N,0.000000000000000000,-214.828146695526697840,0.00,0.00,,,584.128373015872966789,-946.985289711399673251,0.000000000000000000,147.900000000000005684,584.128373015872966789,-945.985289711399673251,,147.900000000000005684
2025-10-29,15,2025-10-29T07:00:00Z,2025-10-30T07:44:24Z,55.100000000000001421,55.100000000000001421,False,N,0.000000000000000000,-432.549759865319856544,0.00,0.00,55.100000000000001421,1.000000000000000000,493.205555555555577030,-925.643648754208697937,0.000000000000000000,0.000000000000000000,493.205555555555577030,-924.643648754208697937,,
2025-10-29,16,2025-10-29T07:30:00Z,2025-10-30T08:14:30Z,34.280000000000001137,34.280000000000001137,False,N,0.000000000000000000,-283.072210416666678157,0.00,0.00,34.280000000000001137,1.000000000000000000,520.908333333333303017,-838.037506249999978536,0.000000000000000000,33.893999999999998352,520.908333333333303017,-837.037506249999978536,,33.893999999999998352
2025-10-29,17,2025-10-29T08:00:00Z,2025-10-30T08:44:31Z,61.000000000000000000,61.000000000000000000,False,N,0.000000000000000000,-151.192997083333324326,0.00,0.00,,,625.083336250000002110,-788.049999999999954525,0.000000000000000000,11.957000000000000739,625.083336250000002110,-787.049999999999954525,,11.957000000000000739
2025-10-29,18,2025-10-29T08:30:00Z,2025-10-30T09:14:26Z,56.210000000000000853,56.210000000000000853,False,N,0.000000000000000000,-137.872555555555550200,0.00,0.00,56.210000000000000853,1.000000000000000000,464.333333333333314386,-657.380555555555588398,0.000000000000000000,55.283000000000001251,464.333333333333314386,-656.380555555555588398,,55.283000000000001251
2025-10-29,19,2025-10-29T09:00:00Z,2025-10-30T09:44:27Z,99.450000000000002842,99.450000000000002842,False,P,0.000000000000000000,235.653641369047619492,0.00,0.00,,,452.993585813492074976,-350.273683493589771842,0.000000000000000000,133.467000000000012960,451.993585813492074976,-350.273683493589771842,,133.467000000000012960
2025-10-29,20,2025-10-29T09:30:00Z,2025-10-30T10:14:35Z,99.450000000000002842,99.450000000000002842,False,P,0.000000000000000000,130.774042840354098871,0.00,0.00,,,356.764285714285733775,-291.779141367531167361,0.000000000000000000,65.977999999999994429,355.764285714285733775,-291.779141367531167361,,65.977999999999994429
2025-10-29,21,2025-10-29T10:00:00Z,2025-10-30T10:44:34Z,99.450000000000002842,99.450000000000002842,False,P,0.000000000000000000,94.691000000000002501,0.00,0.00,,,394.163730416666680867,-411.308174861111126575,0.000000000000000000,112.016000000000005343,393.163730416666680867,-411.308174861111126575,,112.016000000000005343
2025-10-29,22,2025-10-29T10:30:00Z,2025-10-30T11:14:37Z,99.450000000000002842,99.450000000000002842,False,P,0.000000000000000000,84.501737222222217838,0.00,0.00,,,431.246527777777771462,-455.791318333333322244,0.000000000000000000,109.250000000000000000,430.246527777777771462,-455.791318333333322244,,109.250000000000000000
2025-10-29,23,2025-10-29T11:00:00Z,2025-10-30T11:44:35Z,99.450000000000002842,99.450000000000002842,False,P,0.000000000000000000,25.841182347670251573,0.00,0.00,,,385.078279569892458767,-462.060763888888914153,0.000000000000000000,102.956999999999993634,384.078279569892458767,-462.060763888888914153,,102.956999999999993634
2025-10-29,24,2025-10-29T11:30:00Z,2025-10-30T12:14:34Z,104.000000000000000000,104.000000000000000000,False,P,0.000000000000000000,209.302416266679614409,0.00,0.00,,,342.968082933346295249,-159.266667777777769288,0.000000000000000000,25.600999999999999091,341.968082933346295249,-159.266667777777769288,,25.600999999999999091
2025-10-29,25,2025-10-29T12:00:00Z,2025-10-30T12:44:31Z,104.000000000000000000,104.000000000000000000,False,P,0.000000000000000000,153.670451770028819283,0.00,0.00,,,317.817973137550211504,-164.147521813949936131,0.000000000000000000,0.000000000000000000,316.817973137550211504,-164.147521813949936131,,
2025-10-29,26,2025-10-29T12:30:00Z,2025-10-30T13:14:37Z,100.000000000000000000,100.000000000000000000,False,P,0.000000000000000000,74.859396825396828490,0.00,0.00,,,307.319999999999993179,-275.394603174603162188,0.000000000000000000,42.933999999999997499,306.319999999999993179,-275.394603174603162188,,42.933999999999997499
2025-10-29,27,2025-10-29T13:00:00Z,2025-10-30T13:45:27Z,63.000000000000000000,63.000000000000000000,False,N,0.000000000000000000,-42.118619047619048956,0.00,0.00,,,381.041666666666685614,-486.859285714285704216,0.000000000000000000,63.698999999999998067,381.041666666666685614,-485.859285714285704216,,63.698999999999998067
2025-10-29,28,2025-10-29T13:30:00Z,2025-10-30T14:14:40Z,62.000000000000000000,62.000000000000000000,False,N,0.000000000000000000,-318.185203131313130598,0.00,0.00,,,339.000353535353553980,-720.241112222222227501,0.000000000000000000,63.200000000000002842,339.000353535353553980,-719.241112222222227501,,63.200000000000002842
2025-10-29,29,2025-10-29T14:00:00Z,2025-10-30T14:44:25Z,65.359999999999999432,65.359999999999999432,False,N,0.000000000000000000,-55.211920299145297975,0.00,0.00,,,511.354743589743577559,-590.023330555555503452,0.000000000000000000,23.699999999999999289,511.354743589743577559,-589.023330555555503452,,23.699999999999999289
2025-10-29,30,2025-10-29T14:30:00Z,2025-10-30T15:14:46Z,32.000000000000000000,32.000000000000000000,False,N,0.000000000000000000,-185.399133589743598804,0.00,0.00,,,601.484199743589783793,-787.418386111111090031,0.000000000000000000,0.000000000000000000,601.484199743589783793,-786.418386111111090031,,
2025-10-29,31,2025-10-29T15:00:00Z,2025-10-30T15:44:33Z,86.540000000000006253,86.540000000000006253,False,N,0.000000000000000000,-573.034523809523761884,0.00,0.00,86.540000000000006253,0.000000000000000000,299.765476190476192642,-873.174999999999954525,0.000000000000000000,0.000000000000000000,299.765476190476192642,-872.174999999999954525,,
2025-10-29,32,2025-10-29T15:30:00Z,2025-10-30T16:14:40Z,92.069999999999993179,92.069999999999993179,False,N,0.000000000000000000,-492.577169642857143117,0.00,0.00,92.069999999999993179,0.000000000000000000,503.870163690476204010,-1204.054687500000000000,0.000000000000000000,207.610999999999989996,503.870163690476204010,-1203.054687500000000000,,207.610999999999989996
2025-10-29,33,2025-10-29T16:00:00Z,2025-10-30T16:44:44Z,98.420000000000001705,98.420000000000001705,False,N,0.000000000000000000,-174.107666666666659694,0.00,0.00,98.420000000000001705,0.933333333333333348,350.291666666666685614,-1228.033333333333303017,0.000000000000000000,703.738000000000056389,350.291666666666685614,-1227.033333333333303017,,703.738000000000056389
2025-10-29,34,2025-10-29T16:30:00Z,2025-10-30T17:14:42Z,75.609999999999999432,75.609999999999999432,False,N,0.001200000000000000,-355.138473472222244709,0.00,0.00,75.609999999999999432,1.000000000000000000,264.503472222222228538,-1336.325001250000013897,0.000000000000000000,717.125000000000000000,264.503472222222228538,-1335.325001250000013897,,717.125000000000000000
2025-10-29,35,2025-10-29T17:00:00Z,2025-10-30T17:44:36Z,100.000000000000000000,100.000000000000000000,False,P,0.012600000000000000,72.948541944444443175,0.00,0.00,,,672.642123564814824022,-1508.687958888888942965,0.000000000000000000,908.933999999999969077,671.642123564814824022,-1508.687958888888942965,,908.933999999999969077
2025-10-29,36,2025-10-29T17:30:00Z,2025-10-30T18:14:37Z,67.629999999999995453,67.629999999999995453,False,N,0.004200000000000000,-19.813465000000000771,0.00,0.00,,,722.946918815796266244,-1555.408042222222320561,0.000000000000000000,812.774000000000000909,722.946918815796266244,-1554.408042222222320561,,812.774000000000000909
2025-10-29,37,2025-10-29T18:00:00Z,2025-10-30T18:44:35Z,100.000000000000000000,100.000000000000000000,False,P,0.004800000000000000,158.460551527777766978,0.00,0.00,,,950.627218194444481014,-1543.678888888888877773,0.000000000000000000,751.600000000000022737,949.627218194444481014,-1543.678888888888877773,,751.600000000000022737
2025-10-29,38,2025-10-29T18:30:00Z,2025-10-30T19:14:40Z,65.359999999999999432,65.359999999999999432,False,N,0.000600000000000000,-37.112751501262742693,0.00,0.00,,,682.693204061602727961,-1409.744374277360066117,0.000000000000000000,690.000000000000000000,682.693204061602727961,-1408.744374277360066117,,690.000000000000000000
2025-10-29,39,2025-10-29T19:00:00Z,2025-10-30T19:44:37Z,59.390417680187873373,59.390417680187873373,False,N,0.000000000000000000,-94.261884229390688006,0.00,0.00,60.555915053763442302,1.000000000000000000,1167.827181448412602549,-1262.251761722670153176,0.000000000000000000,0.000000000000000000,1167.827181448412602549,-1261.251761722670153176,,
2025-10-29,40,2025-10-29T19:30:00Z,2025-10-30T20:14:43Z,100.000000000000000000,100.000000000000000000,False,P,0.000600000000000000,206.647866416666659006,0.00,0.00,,,1442.186167583333372022,-1235.998433543650889987,0.000000000000000000,0.000000000000000000,1441.186167583333372022,-1235.998433543650889987,,
2025-10-29,41,2025-10-29T20:00:00Z,2025-10-30T20:44:34Z,99.000000000000000000,99.000000000000000000,False,P,0.000000000000000000,201.069633888888887441,0.00,0.00,,,1254.962629444444473847,-1053.816379999999981010,0.000000000000000000,0.000000000000000000,1253.962629444444473847,-1053.816379999999981010,,
2025-10-29,42,2025-10-29T20:30:00Z,2025-10-30T21:14:46Z,99.000000000000000000,99.000000000000000000,False,P,0.000000000000000000,83.762510606060601503,0.00,0.00,,,1044.897371717171608907,-961.216037953618524625,0.000000000000000000,0.000000000000000000,1043.897371717171608907,-961.216037953618524625,,
2025-10-29,43,2025-10-29T21:00:00Z,2025-10-30T21:44:44Z,99.000000000000000000,99.000000000000000000,False,P,0.000000000000000000,207.292329101307188921,0.00,0.00,,,938.202058823529455367,-921.293325277777739757,0.000000000000000000,190.000000000000000000,937.202058823529455367,-921.293325277777739757,,190.000000000000000000
2025-10-29,44,2025-10-29T21:30:00Z,2025-10-30T22:14:45Z,65.359999999999999432,65.359999999999999432,False,N,0.000000000000000000,-21.769245454588890709,0.00,0.00,,,903.737195996339664816,-1115.481077301416235059,0.000000000000000000,190.000000000000000000,903.737195996339664816,-1114.481077301416235059,,190.000000000000000000
2025-10-29,45,2025-10-29T22:00:00Z,2025-10-30T22:44:38Z,65.359999999999999432,65.359999999999999432,False,N,0.000000000000000000,-8.076504273504273357,0.00,0.00,,,771.727777777777760093,-995.659615384615335643,0.000000000000000000,215.646999999999991360,771.727777777777760093,-994.659615384615335643,,215.646999999999991360
2025-10-29,46,2025-10-29T22:30:00Z,2025-10-30T23:14:37Z,125.000000000000000000,125.000000000000000000,False,P,0.000000000000000000,75.965184583333339674,0.00,0.00,,,806.804803750000019136,-932.252026111111149476,0.000000000000000000,200.969999999999998863,805.804803750000019136,-932.252026111111149476,,200.969999999999998863
2025-10-29,47,2025-10-29T23:00:00Z,2025-10-30T23:44:38Z,100.999476713762433633,100.999476713762433633,False,P,0.000000000000000000,23.433802162698412985,0.00,0.00,100.999476713762433633,1.000000000000000000,916.408666666666704259,-1103.526531170634825685,0.000000000000000000,210.426999999999992497,916.064631171729274683,-1103.526531170634825685,,209.771035494937336807
2025-10-29,48,2025-10-29T23:30:00Z,2025-10-31T00:14:44Z,101.000000000000000000,101.000000000000000000,False,P,0.000000000000000000,191.119870370370364299,0.00,0.00,101.000000000000000000,1.000000000000000000,906.186333333333323026,-933.686796296296279252,0.000000000000000000,218.539999999999992042,905.256614165439941644,-933.686796296296279252,,218.469719167893430267
2025-10-30,1,2025-10-30T00:00:00Z,2025-10-31T00:44:46Z,76.329999999999998295,76.329999999999998295,False,P,0.000000000000000000,412.783333333333359860,0.00,0.00,76.329999999999998295,0.000000000000000000,890.000000000000000000,-667.341666666666696983,0.000000000000000000,190.000000000000000000,889.000000000000000000,-667.341666666666696983,,190.000000000000000000
2025-10-30,2,2025-10-30T00:30:00Z,2025-10-31T01:14:59Z,78.109999999999999432,78.109999999999999432,False,P,0.000000000000000000,364.713888888888902784,0.00,0.00,78.109999999999999432,0.000000000000000000,890.000000000000000000,-715.636111111111063110,0.000000000000000000,190.000000000000000000,889.000000000000000000,-715.636111111111063110,,190.000000000000000000
2025-10-30,3,2025-10-30T01:00:00Z,2025-10-31T01:44:36Z,78.129999999999995453,78.129999999999995453,False,P,0.000000000000000000,419.609296901709399208,0.00,0.00,78.129999999999995453,0.000000000000000000,890.000000000000000000,-660.751626709401762128,0.000000000000000000,190.000000000000000000,889.000000000000000000,-660.751626709401762128,,190.000000000000000000
2025-10-30,4,2025-10-30T01:30:00Z,2025-10-31T02:14:44Z,76.159999999999996589,76.159999999999996589,False,P,0.000000000000000000,297.833333333333314386,0.00,0.00,76.159999999999996589,0.000000000000000000,890.011111111111063110,-782.744444444444411602,0.000000000000000000,190.000000000000000000,889.011111111111063110,-782.744444444444411602,,190.000000000000000000
2025-10-30,5,2025-10-30T02:00:00Z,2025-10-31T02:44:35Z,74.959999999999993747,74.959999999999993747,False,P,0.000000000000000000,243.298273333333327173,0.00,0.00,74.959999999999993747,0.000000000000000000,899.052918750000003456,-845.811250555555602659,0.000000000000000000,190.000000000000000000,898.052918750000003456,-845.811250555555602659,,190.000000000000000000
2025-10-30,6,2025-10-30T02:30:00Z,2025-10-31T03:14:47Z,74.939999999999997726,74.939999999999997726,False,P,0.000000000000000000,190.666070833333321843,0.00,0.00,74.939999999999997726,0.000000000000000000,890.004762499999969805,-889.583929166666621313,0.000000000000000000,190.000000000000000000,889.004762499999969805,-889.583929166666621313,,190.000000000000000000
2025-10-30,7,2025-10-30T03:00:00Z,2025-10-31T03:44:42Z,73.060000000000002274,73.060000000000002274,False,P,0.000000000000000000,273.688094018518540906,0.00,0.00,73.060000000000002274,0.000000000000000000,890.157392092592544941,-806.703225425925893433,0.000000000000000000,190.000000000000000000,889.157392092592544941,-806.703225425925893433,,190.000000000000000000
2025-10-30,8,2025-10-30T03:30:00Z,2025-10-31T04:14:36Z,102.354174902557105042,102.354174902557105042,False,P,0.000000000000000000,78.011620694444445689,0.00,0.00,100.675582990042173037,0.589305138888888913,890.887373611111115679,-1003.022786712963011269,0.000000000000000000,190.000000000000000000,889.887373611111115679,-1003.022786712963011269,,190.000000000000000000
2025-10-30,9,2025-10-30T04:00:00Z,2025-10-31T04:44:37Z,70.000000000000000000,70.000000000000000000,False,P,0.000000000000000000,74.503613333333333912,0.00,0.00,70.000000000000000000,0.000000000000000000,890.099839999999971951,-1005.666505277777787342,0.000000000000000000,190.000000000000000000,889.099839999999971951,-1005.666505277777787342,,190.000000000000000000
2025-10-30,10,2025-10-30T04:30:00Z,2025-10-31T05:14:36Z,68.730000000000003979,68.730000000000003979,False,P,0.000000000000000000,51.632593611111111898,0.00,0.00,68.730000000000003979,0.000000000000000000,890.267397222222257369,-1028.509073055555518295,0.000000000000000000,190.000000000000000000,889.267397222222257369,-1028.509073055555518295,,190.000000000000000000
2025-10-30,11,2025-10-30T05:00:00Z,2025-10-31T05:44:41Z,71.230000000000003979,71.230000000000003979,False,N,0.000000000000000000,-6.429887500000000422,0.00,0.00,,,890.131947777777781994,-1086.521554166666646779,0.000000000000000000,190.000000000000000000,890.131947777777781994,-1085.521554166666646779,,190.000000000000000000
2025-10-30,12,2025-10-30T05:30:00Z,2025-10-31T06:14:40Z,51.659999999999996589,51.659999999999996589,False,N,0.000000000000000000,-34.236668317204298262,0.00,0.00,,,840.693905837813645121,-1065.377909499999987020,0.000000000000000000,190.000000000000000000,840.693905837813645121,-1064.377909499999987020,,190.000000000000000000
2025-10-30,13,2025-10-30T06:00:00Z,2025-10-31T06:44:34Z,74.400000000000005684,74.400000000000005684,False,P,0.000000000000000000,156.672128663170838081,0.00,0.00,74.400000000000005684,0.000000000000000000,606.594177350427344209,-450.044270909478711928,0.000000000000000000,0.000000000000000000,605.594177350427344209,-450.044270909478711928,,
2025-10-30,14,2025-10-30T06:30:00Z,2025-10-31T07:14:38Z,62.000000000000000000,62.000000000000000000,False,N,0.000000000000000000,-213.119090720899464486,0.00,0.00,,,478.937500000000000000,-692.769090720899498592,0.000000000000000000,0.000000000000000000,478.937500000000000000,-691.769090720899498592,,
2025-10-30,15,2025-10-30T07:00:00Z,2025-10-31T07:44:38Z,63.000000000000000000,63.000000000000000000,False,N,0.000000000000000000,-83.226081666666672731,0.00,0.00,,,252.932251666666672918,-336.094751666666638812,0.000000000000000000,0.000000000000000000,252.932251666666672918,-335.094751666666638812,,
2025-10-30,16,2025-10-30T07:30:00Z,2025-10-31T08:14:42Z,92.129999999999995453,92.129999999999995453,False,N,0.000000000000000000,-2.959999999999999964,0.00,0.00,92.129999999999995453,0.000000000000000000,3.801666666666666750,-6.485000000000000320,0.000000000000000000,0.000000000000000000,3.801666666666666750,-5.485000000000000320,,
2025-10-30,17,2025-10-30T08:00:00Z,2025-10-31T08:44:29Z,101.719999999999998863,101.719999999999998863,False,P,0.000000000000000000,3.375000000000000000,0.00,0.00,101.719999999999998863,1.000000000000000000,3.842157777777777561,-0.367157777777777805,0.000000000000000000,0.000000000000000000,2.842157777777777561,-0.367157777777777805,,
2025-10-30,18,2025-10-30T08:30:00Z,2025-10-31T09:14:34Z,89.969999999999998863,89.969999999999998863,False,N,0.000000000000000000,-2.789814722222222265,0.00,0.00,89.969999999999998863,0.000000000000000000,5.168518611111110772,-7.710185277777777735,0.000000000000000000,0.000000000000000000,5.168518611111110772,-6.710185277777777735,,
2025-10-30,19,2025-10-30T09:00:00Z,2025-10-31T09:44:23Z,90.939999999999997726,90.939999999999997726,False,P,0.000000000000000000,4.912499999999999645,0.00,0.00,90.939999999999997726,0.000000000000000000,5.208333333333333037,0.000000000000000000,0.000000000000000000,0.000000000000000000,4.208333333333333037,0.000000000000000000,,
2025-10-30,20,2025-10-30T09:30:00Z,2025-10-31T10:14:34Z,96.989231660715347516,96.989231660715347516,False,P,0.000000000000000000,0.625000000000000000,0.00,0.00,,,1.246744027777777708,-0.571744027777777775,0.000000000000000000,0.000000000000000000,0.621744027777777819,-0.571744027777777775,,
2025-10-30,21,2025-10-30T10:00:00Z,2025-10-31T10:44:35Z,104.780000000000001137,104.780000000000001137,False,P,0.000000000000000000,55.640278055555555170,0.00,0.00,104.780000000000001137,1.000000000000000000,56.157263333333332866,-0.442263055555555562,0.000000000000000000,0.000000000000000000,55.157263333333332866,-0.442263055555555562,,
2025-10-30,22,2025-10-30T10:30:00Z,2025-10-31T11:14:23Z,96.140000000000000568,96.140000000000000568,False,P,0.000000000000000000,13.092361111111111782,0.00,0.00,96.140000000000000568,1.000000000000000000,13.319444444444444642,-0.027777777777777780,0.000000000000000000,0.000000000000000000,12.319444444444444642,-0.027777777777777780,,
2025-10-30,23,2025-10-30T11:00:00Z,2025-10-31T11:44:31Z,79.560000000000002274,79.560000000000002274,False,N,0.000000000000000000,-10.099999999999999645,0.00,0.00,79.560000000000002274,0.000000000000000000,0.000000000000000000,-10.183333333333333570,0.000000000000000000,0.000000000000000000,0.000000000000000000,-9.183333333333333570,,
2025-10-30,24,2025-10-30T11:30:00Z,2025-10-31T12:14:33Z,73.140000000000000568,73.140000000000000568,False,N,0.000000000000000000,-40.383333333333332860,0.00,0.00,73.140000000000000568,1.000000000000000000,0.000000000000000000,-40.441666666666669983,0.000000000000000000,0.000000000000000000,0.000000000000000000,-39.441666666666669983,,
2025-10-30,25,2025-10-30T12:00:00Z,2025-10-31T12:44:24Z,99.000000000000000000,99.000000000000000000,False,P,0.000000000000000000,96.974999999999994316,0.00,0.00,,,123.924999999999997158,-26.899999999999998579,0.000000000000000000,0.000000000000000000,122.924999999999997158,-26.899999999999998579,,
2025-10-30,26,2025-10-30T12:30:00Z,2025-10-31T13:14:40Z,99.000000000000000000,99.000000000000000000,False,P,0.000000000000000000,131.331559139784957324,0.00,0.00,,,206.764892473118266025,-75.349999999999994316,0.000000000000000000,0.000000000000000000,205.764892473118266025,-75.349999999999994316,,
2025-10-30,27,2025-10-30T13:00:00Z,2025-10-31T13:45:59Z,97.000000000000000000,97.000000000000000000,False,P,0.000000000000000000,214.914907393753196629,0.00,0.00,,,526.071584060419922935,-345.016330277777797164,0.000000000000000000,33.826999999999998181,525.071584060419922935,-345.016330277777797164,,33.826999999999998181
2025-10-30,28,2025-10-30T13:30:00Z,2025-10-31T14:14:34Z,97.000000000000000000,97.000000000000000000,False,P,0.000000000000000000,353.396179097870799524,0.00,0.00,,,787.120065764537457653,-540.197716388888920847,0.000000000000000000,106.500000000000000000,786.120065764537457653,-540.197716388888920847,,106.500000000000000000
2025-10-30,29,2025-10-30T14:00:00Z,2025-10-31T14:44:36Z,97.000000000000000000,97.000000000000000000,False,P,0.000000000000000000,107.694330808080806605,0.00,0.00,,,975.337117546432068593,-962.197222222222194432,0.000000000000000000,95.000000000000000000,974.337117546432068593,-962.197222222222194432,,95.000000000000000000
2025-10-30,30,2025-10-30T14:30:00Z,2025-10-31T15:14:34Z,63.259999999999998010,63.259999999999998010,False,N,0.000000000000000000,-41.877567626696887260,0.00,0.00,63.259999999999998010,1.000000000000000000,1204.529987928858645319,-1311.454287222222319542,0.000000000000000000,64.998000000000004661,1204.529987928858645319,-1310.454287222222319542,,64.998000000000004661
2025-10-30,31,2025-10-30T15:00:00Z,2025-10-31T15:44:37Z,97.304869672420863935,97.304869672420863935,False,P,0.000000000000000000,32.136252102910638939,0.00,0.00,,,1598.897863214021754175,-1758.130277777777791925,0.000000000000000000,191.201999999999998181,1597.897863214021754175,-1758.130277777777791925,,191.201999999999998181
2025-10-30,32,2025-10-30T15:30:00Z,2025-10-31T16:14:39Z,78.829999999999998295,78.829999999999998295,False,N,0.000000000000000000,-112.455750373931621766,0.00,0.00,78.829999999999998295,0.000000000000000000,1700.184805181623914905,-1914.407582705026470649,0.000000000000000000,102.000000000000000000,1700.184805181623914905,-1913.407582705026470649,,102.000000000000000000
2025-10-30,33,2025-10-30T16:00:00Z,2025-10-31T16:44:33Z,82.010000000000005116,82.010000000000005116,False,N,0.000000000000000000,-151.811874084249097905,0.00,0.00,82.010000000000005116,0.000000000000000000,2069.868459249084025942,-2229.258888888889032387,0.000000000000000000,7.573000000000000398,2069.868459249084025942,-2228.258888888889032387,,7.573000000000000398
2025-10-30,34,2025-10-30T16:30:00Z,2025-10-31T17:14:32Z,58.074499770025887813,58.074499770025887813,False,N,0.000000000000000000,-159.934249475308632782,0.00,0.00,58.708500000000000796,1.000000000000000000,2190.358807191358209820,-2350.258345339506377059,0.000000000000000000,0.000000000000000000,2190.358807191358209820,-2349.258345339506377059,,
2025-10-30,35,2025-10-30T17:00:00Z,2025-10-31T17:44:30Z,107.200000000000002842,107.200000000000002842,False,P,0.000000000000000000,204.355382059884561841,0.00,0.00,,,2147.719825115440016816,-2734.324463392857069266,0.000000000000000000,791.210000000000036380,2147.719825115440016816,-2734.324463392857069266,,790.210000000000036380
2025-10-30,36,2025-10-30T17:30:00Z,2025-10-31T18:14:37Z,97.290000000000006253,97.290000000000006253,False,P,0.000000000000000000,27.250035896464645191,0.00,0.00,,,2015.536535896464556572,-2761.217520744949524669,0.000000000000000000,772.855999999999994543,2014.536535896464556572,-2761.217520744949524669,,772.855999999999994543
2025-10-30,37,2025-10-30T18:00:00Z,2025-10-31T18:44:30Z,106.840000000000003411,106.840000000000003411,False,P,0.000000000000000000,304.107707062644010421,0.00,0.00,,,2362.151385395977285953,-2857.906478261474603642,0.000000000000000000,800.000000000000000000,2362.151385395977285953,-2857.906478261474603642,,799.000000000000000000
2025-10-30,38,2025-10-30T18:30:00Z,2025-10-31T19:14:33Z,105.459999999999993747,105.459999999999993747,False,P,0.000000000000000000,65.601257880291001356,0.00,0.00,,,2300.735328574735376606,-3035.013244300213500537,0.000000000000000000,800.000000000000000000,2300.735328574735376606,-3035.013244300213500537,,799.000000000000000000
2025-10-30,39,2025-10-30T19:00:00Z,2025-10-31T19:44:32Z,71.659999999999996589,71.659999999999996589,False,N,0.000000000000000000,-37.548959410688063087,0.00,0.00,71.659999999999996589,0.000000000000000000,2772.121563365492420417,-2818.606098131099315651,0.000000000000000000,9.026999999999999247,2772.121563365492420417,-2817.606098131099315651,,9.026999999999999247
2025-10-30,40,2025-10-30T19:30:00Z,2025-10-31T20:14:48Z,97.500000000000000000,97.500000000000000000,False,P,0.000000000000000000,39.819003159455682805,0.00,0.00,,,3000.162077532471357699,-2976.669942623604129039,0.000000000000000000,16.472999999999998977,2999.162077532471357699,-2976.669942623604129039,,16.472999999999998977
2025-10-30,41,2025-10-30T20:00:00Z,2025-10-31T20:44:33Z,97.000000000000000000,97.000000000000000000,False,P,0.000000000000000000,195.379185921956690208,0.00,0.00,,,3396.866721491062435234,-3267.557146895102960116,-0.653000000000000025,66.109999999999999432,3395.866721491062435234,-3267.557146895102960116,-0.653000000000000025,66.109999999999999432
2025-10-30,42,2025-10-30T20:30:00Z,2025-10-31T21:14:32Z,97.000000000000000000,97.000000000000000000,False,P,0.000000000000000000,255.813841788377743569,0.00,0.00,,,3415.359675121711006796,-3255.721698133987047186,-0.663000000000000034,96.500000000000000000,3414.359675121711006796,-3255.721698133987047186,-0.663000000000000034,96.500000000000000000
2025-10-30,43,2025-10-30T21:00:00Z,2025-10-31T21:44:31Z,94.500000000000000000,94.500000000000000000,False,P,0.000000000000000000,141.349334997410011283,0.00,0.00,,,3456.516865300440258579,-3409.882389036796666915,-0.698999999999999955,94.722999999999998977,3455.516865300440258579,-3409.882389036796666915,-0.698999999999999955,94.722999999999998977
2025-10-30,44,2025-10-30T21:30:00Z,2025-10-31T22:14:35Z,42.950000000000002842,42.950000000000002842,False,N,0.000000000000000000,-109.421015511675818743,0.00,0.00,42.950000000000002842,0.000000000000000000,3129.803984488324203994,-3238.455599771189554303,-0.606999999999999984,0.000000000000000000,3129.803984488324203994,-3237.455599771189554303,-0.606999999999999984,
2025-10-30,45,2025-10-30T22:00:00Z,2025-10-31T22:44:44Z,42.439999999999997726,42.439999999999997726,False,N,0.000000000000000000,-165.433574999194860311,0.00,0.00,42.439999999999997726,0.000000000000000000,3027.988369445249645651,-3193.240488601232300425,0.000000000000000000,0.000000000000000000,3027.988369445249645651,-3192.240488601232300425,,
2025-10-30,46,2025-10-30T22:30:00Z,2025-10-31T23:14:35Z,25.429999999999999716,25.429999999999999716,False,N,0.000000000000000000,-335.976223804370249582,0.00,0.00,25.429999999999999716,0.000000000000000000,2628.374168576582178503,-3047.177878319161209220,0.000000000000000000,83.192999999999997840,2628.374168576582178503,-3046.177878319161209220,,83.192999999999997840
2025-10-30,47,2025-10-30T23:00:00Z,2025-10-31T23:44:30Z,9.109999999999999432,9.109999999999999432,False,N,0.000000000000000000,-534.503676058523410575,0.00,0.00,9.109999999999999432,0.000000000000000000,2234.389990437276537705,-3127.937718766108446289,0.000000000000000000,359.473000000000013188,2234.389990437276537705,-3126.937718766108446289,,359.473000000000013188
2025-10-30,48,2025-10-30T23:30:00Z,2025-11-01T00:14:42Z,18.938171145457530997,18.938171145457530997,False,N,0.000000000000000000,-411.280167956349202996,0.00,0.00,19.597166666666666401,1.000000000000000000,2312.063274583333168266,-3072.789622539682568458,0.000000000000000000,349.427000000000020918,2312.063274583333168266,-3071.789622539682568458,,349.427000000000020918
2025-10-31,1,2025-10-31T00:00:00Z,2025-11-01T00:44:38Z,3.410000000000000142,3.410000000000000142,False,N,0.000000000000000000,-129.670919120230792032,0.00,0.00,3.410000000000000142,0.000000000000000000,2568.961509451197798626,-3017.437748578896389517,0.000000000000000000,318.738999999999975898,2568.961509451197798626,-3016.437748578896389517,,318.738999999999975898
2025-10-31,2,2025-10-31T00:30:00Z,2025-11-01T01:14:32Z,14.789025713826470465,14.789025713826470465,False,N,0.000000000000000000,-256.948385528638027608,0.00,0.00,17.362708333333333854,1.000000000000000000,2404.705781138028669375,-2961.318612500000199361,0.000000000000000000,299.500000000000000000,2404.705781138028669375,-2960.318612500000199361,,299.500000000000000000
2025-10-31,3,2025-10-31T01:00:00Z,2025-11-01T01:44:31Z,20.235008378452846500,20.235008378452846500,False,N,0.000000000000000000,-312.801326543037134797,0.00,0.00,20.271249999999998437,1.000000000000000000,2353.929506790296272811,-2966.340157380698201450,0.000000000000000000,299.500000000000000000,2353.929506790296272811,-2965.340157380698201450,,299.500000000000000000
2025-10-31,4,2025-10-31T01:30:00Z,2025-11-01T02:14:36Z,2.129999999999999893,2.129999999999999893,False,N,0.000000000000000000,-111.724565879629622600,0.00,0.00,2.129999999999999893,0.000000000000000000,2502.986100787037230475,-2933.269199861111246719,0.000000000000000000,318.605999999999994543,2502.986100787037230475,-2932.269199861111246719,,318.605999999999994543
2025-10-31,5,2025-10-31T02:00:00Z,2025-11-01T02:44:30Z,47.000000000000000000,47.000000000000000000,False,P,0.000000000000000000,128.314082894380675270,0.00,0.00,,,2440.847323474127279042,-2759.637739260107991868,0.000000000000000000,447.011000000000024102,2439.847323474127279042,-2759.637739260107991868,,447.011000000000024102
2025-10-31,6,2025-10-31T02:30:00Z,2025-11-01T03:14:27Z,60.000000000000000000,60.000000000000000000,False,P,0.000000000000000000,168.267547979797967628,0.00,0.00,,,2494.680564567099736450,-2702.963897900433039467,-1.495999999999999996,377.850000000000022737,2493.680564567099736450,-2702.963897900433039467,-1.495999999999999996,377.850000000000022737
2025-10-31,7,2025-10-31T03:00:00Z,2025-11-01T03:44:32Z,58.740000000000001990,58.740000000000001990,False,P,0.000000000000000000,102.867743472222215928,0.00,0.00,,,2368.147043472222321725,-2600.755383749999964493,-43.996000000000002217,379.805000000000006821,2367.147043472222321725,-2600.755383749999964493,-43.996000000000002217,379.805000000000006821
2025-10-31,8,2025-10-31T03:30:00Z,2025-11-01T04:14:28Z,75.959999999999993747,75.959999999999993747,False,P,0.000000000000000000,155.330500000000000682,0.00,0.00,,,2378.776223489583117043,-2545.552056822916711099,-35.494999999999997442,357.728000000000008640,2377.776223489583117043,-2545.552056822916711099,-35.494999999999997442,357.728000000000008640
2025-10-31,9,2025-10-31T04:00:00Z,2025-11-01T04:44:26Z,0.000000000000000000,0.000000000000000000,False,N,0.000000000000000000,-81.223150277777776296,0.00,0.00,,,2196.285183055555535248,-2500.753595753968056670,-75.954999999999998295,299.500000000000000000,2196.285183055555535248,-2500.753595753968056670,-74.954999999999998295,299.500000000000000000
2025-10-31,10,2025-10-31T04:30:00Z,2025-11-01T05:14:29Z,0.000000000000000000,0.000000000000000000,False,N,0.000000000000000000,-230.103519678051782194,0.00,0.00,,,2095.965480337633380259,-2605.305927816279108811,-77.000000000000000000,356.255999999999971806,2095.965480337633380259,-2605.305927816279108811,-76.000000000000000000,356.255999999999971806
2025-10-31,11,2025-10-31T05:00:00Z,2025-11-01T05:44:30Z,-8.769999999999999574,-8.769999999999999574,False,N,0.000000000000000000,-257.986222233853311536,0.00,0.00,,,2012.112111099479989207,-2668.965520525451665890,-45.012000000000000455,443.862000000000023192,2012.112111099479989207,-2667.965520525451665890,-45.012000000000000455,443.862000000000023192
2025-10-31,12,2025-10-31T05:30:00Z,2025-11-01T06:14:26Z,-10.980000000000000426,-10.980000000000000426,False,N,0.000000000000000000,-376.714238749999992706,0.00,0.00,,,1984.388834444444455585,-2672.209390416666792589,-0.428999999999999992,311.350000000000022737,1984.388834444444455585,-2671.209390416666792589,-0.428999999999999992,311.350000000000022737
2025-10-31,13,2025-10-31T06:00:00Z,2025-11-01T06:44:34Z,-17.320000000000000284,-17.320000000000000284,False,N,0.000000000000000000,-430.663363703703680585,0.00,0.00,,,1900.319969074074151649,-2630.417190740740807087,0.000000000000000000,299.500000000000000000,1900.319969074074151649,-2629.417190740740807087,,299.500000000000000000
2025-10-31,14,2025-10-31T06:30:00Z,2025-11-01T07:14:48Z,42.500000000000000000,42.500000000000000000,False,N,0.000000000000000000,-282.724939966422482485,0.00,0.00,42.500000000000000000,1.000000000000000000,2051.364643366910968325,-2633.583515467033066670,0.000000000000000000,299.500000000000000000,2051.364643366910968325,-2632.583515467033066670,,299.500000000000000000
2025-10-31,15,2025-10-31T07:00:00Z,2025-11-01T07:44:34Z,40.378761423870948022,40.378761423870948022,False,N,0.000000000000000000,-102.787344420024425062,0.00,0.00,41.243999999999999773,1.000000000000000000,2483.632965441086525971,-2586.769656388888961374,0.000000000000000000,0.000000000000000000,2483.632965441086525971,-2585.769656388888961374,,
2025-10-31,16,2025-10-31T07:30:00Z,2025-11-01T08:14:27Z,14.592697521818493556,14.592697521818493556,False,N,0.000000000000000000,-150.301678814102558590,0.00,0.00,17.373800961111111718,1.000000000000000000,2233.972147852563921333,-2467.531344208754035208,0.000000000000000000,83.326999999999998181,2233.972147852563921333,-2466.531344208754035208,,83.326999999999998181
2025-10-31,17,2025-10-31T08:00:00Z,2025-11-01T08:44:30Z,59.000000000000000000,59.000000000000000000,False,N,0.000000000000000000,-211.185157659685074805,0.00,0.00,59.000000000000000000,1.000000000000000000,2122.500316271939027502,-2412.314797457403528824,0.000000000000000000,78.650999999999996248,2122.500316271939027502,-2411.314797457403528824,,78.650999999999996248
2025-10-31,18,2025-10-31T08:30:00Z,2025-11-01T09:14:31Z,42.149999999999998579,42.149999999999998579,False,N,0.000000000000000000,-103.047159967948715575,0.00,0.00,,,2097.021610587607028720,-2314.126969074074168020,0.000000000000000000,114.323999999999998067,2097.021610587607028720,-2313.126969074074168020,,114.323999999999998067
2025-10-31,19,2025-10-31T09:00:00Z,2025-11-01T09:44:38Z,88.930000000000006821,88.930000000000006821,False,P,0.000000000000000000,3.616736958689458881,0.00,0.00,,,2058.564736958689536550,-2208.465739986772405246,0.000000000000000000,153.451999999999998181,2057.564736958689536550,-2208.465739986772405246,,153.451999999999998181
2025-10-31,20,2025-10-31T09:30:00Z,2025-11-01T10:14:36Z,74.219999999999998863,74.219999999999998863,False,N,0.000000000000000000,-33.759202892512078620,0.00,0.00,74.219999999999998863,0.000000000000000000,2096.966130440821416414,-2181.034049120370582386,0.000000000000000000,50.383000000000002672,2096.966130440821416414,-2180.034049120370582386,,50.383000000000002672
2025-10-31,21,2025-10-31T10:00:00Z,2025-11-01T10:44:38Z,45.189999999999997726,45.189999999999997726,False,N,0.000000000000000000,-56.936612750172535868,0.00,0.00,45.189999999999997726,0.800000000000000044,2120.514859472049465694,-2224.709777738095453969,0.000000000000000000,47.277000000000001023,2120.514859472049465694,-2223.709777738095453969,,47.277000000000001023
2025-10-31,22,2025-10-31T10:30:00Z,2025-11-01T11:14:28Z,47.388785738878198117,47.388785738878198117,False,N,0.000000000000000000,-326.397932777777782576,0.00,0.00,52.750666666666667481,1.000000000000000000,1827.183099722222323180,-2305.961433055555517058,0.000000000000000000,152.205000000000012506,1827.183099722222323180,-2304.961433055555517058,,152.205000000000012506
2025-10-31,23,2025-10-31T11:00:00Z,2025-11-01T11:44:29Z,21.000000000000000000,21.000000000000000000,False,N,0.000000000000000000,-50.134590345669856504,0.00,0.00,21.000000000000000000,1.000000000000000000,2214.579600003040923184,-2371.723407805987335450,0.000000000000000000,107.334999999999993747,2214.579600003040923184,-2370.723407805987335450,,107.334999999999993747
2025-10-31,24,2025-10-31T11:30:00Z,2025-11-01T12:14:24Z,95.000000000000000000,95.000000000000000000,False,P,0.000000000000000000,54.806720949935488818,0.00,0.00,,,2228.026387523327684903,-2297.038436485961938160,0.000000000000000000,124.126999999999995339,2227.026387523327684903,-2297.038436485961938160,,124.126999999999995339
2025-10-31,25,2025-10-31T12:00:00Z,2025-11-01T12:44:35Z,101.900000000000005684,101.900000000000005684,False,P,0.000000000000000000,469.098333395266763546,0.00,0.00,,,2633.296046215049045713,-2205.265241263870393595,0.000000000000000000,40.707000000000000739,2632.296046215049045713,-2205.265241263870393595,,40.707000000000000739
2025-10-31,26,2025-10-31T12:30:00Z,2025-11-01T13:14:27Z,99.900000000000005684,99.900000000000005684,False,P,0.000000000000000000,264.942745780543532419,0.00,0.00,,,2426.344968002765654091,-2161.352831527296984859,0.000000000000000000,0.000000000000000000,2425.344968002765654091,-2161.352831527296984859,,
2025-10-31,27,2025-10-31T13:00:00Z,2025-11-01T13:44:33Z,99.900000000000005684,99.900000000000005684,False,P,0.000000000000000000,296.010278979886720663,0.00,0.00,,,2621.826585793257891055,-2384.458178968831361999,0.000000000000000000,58.566000000000002501,2620.826585793257891055,-2384.458178968831361999,,58.566000000000002501
2025-10-31,28,2025-10-31T13:30:00Z,2025-11-01T14:14:27Z,99.900000000000005684,99.900000000000005684,False,P,0.000000000000000000,144.558563952987213952,0.00,0.00,,,2553.275311153128313890,-2467.297395936614066159,0.000000000000000000,58.526000000000003354,2552.275311153128313890,-2467.297395936614066159,,58.526000000000003354
2025-10-31,29,2025-10-31T14:00:00Z,2025-11-01T14:44:34Z,99.900000000000005684,99.900000000000005684,False,P,0.000000000000000000,268.539669090909114857,0.00,0.00,,,2688.170419090909035731,-2475.053752424242247798,0.000000000000000000,55.573000000000000398,2687.170419090909035731,-2475.053752424242247798,,55.573000000000000398
2025-10-31,30,2025-10-31T14:30:00Z,2025-11-01T15:14:31Z,52.034943298130485800,52.034943298130485800,False,N,0.000000000000000000,-8.045147247659746981,0.00,0.00,57.283000000000001251,1.000000000000000000,2475.596449974562347052,-2483.578831944444573310,0.000000000000000000,0.000000000000000000,2475.596449974562347052,-2482.578831944444573310,,
2025-10-31,31,2025-10-31T15:00:00Z,2025-11-01T15:44:34Z,65.884312195222662467,65.884312195222662467,False,N,0.000000000000000000,-263.376015528983145941,0.00,0.00,66.575423200000003021,1.000000000000000000,2261.944743915461458528,-2525.389378509470589051,0.000000000000000000,0.000000000000000000,2261.944743915461458528,-2524.389378509470589051,,
2025-10-31,32,2025-10-31T15:30:00Z,2025-11-01T16:14:29Z,59.991306420185722459,59.991306420185722459,False,N,0.000000000000000000,-98.883525800653600868,0.00,0.00,59.993653269444443765,1.000000000000000000,2472.392809338235110772,-2571.084668472222347191,0.000000000000000000,0.000000000000000000,2472.392809338235110772,-2570.084668472222347191,,
2025-10-31,33,2025-10-31T16:00:00Z,2025-11-01T16:44:26Z,104.849999999999994316,104.849999999999994316,False,P,0.000000000000000000,77.629190383986923507,0.00,0.00,,,2637.619641772875638708,-2559.903888888889014197,0.000000000000000000,0.000000000000000000,2636.619641772875638708,-2559.903888888889014197,,
2025-10-31,34,2025-10-31T16:30:00Z,2025-11-01T17:14:27Z,104.700000000000002842,104.700000000000002842,False,P,0.000000000000000000,43.309394971852768208,0.00,0.00,,,2694.176264694075143780,-2651.062241225071375084,0.000000000000000000,0.000000000000000000,2693.176264694075143780,-2651.062241225071375084,,
2025-10-31,35,2025-10-31T17:00:00Z,2025-11-01T17:44:37Z,47.049439058025143368,47.049439058025143368,False,N,0.000000000000000000,-117.366454304515741569,0.00,0.00,47.079999999999998295,1.000000000000000000,2421.630624751039704279,-2538.788340666666499601,0.000000000000000000,0.000000000000000000,2421.630624751039704279,-2537.788340666666499601,,
2025-10-31,36,2025-10-31T17:30:00Z,2025-11-01T18:14:32Z,45.000000000000000000,45.000000000000000000,False,N,0.000000000000000000,-332.672093148131523321,0.00,0.00,45.000000000000000000,1.000000000000000000,2104.271954712591195857,-2437.112967854013731994,0.000000000000000000,0.000000000000000000,2104.271954712591195857,-2436.112967854013731994,,
2025-10-31,37,2025-10-31T18:00:00Z,2025-11-01T18:44:26Z,37.698979951575374514,37.698979951575374514,False,N,0.000000000000000000,-389.685292452085093373,0.00,0.00,37.827166666666663275,1.000000000000000000,2092.635294309865912510,-2482.593625785418225860,0.000000000000000000,0.000000000000000000,2092.635294309865912510,-2481.593625785418225860,,
2025-10-31,38,2025-10-31T18:30:00Z,2025-11-01T19:14:36Z,36.000000000000000000,36.000000000000000000,False,N,0.000000000000000000,-306.957523461100379336,0.00,0.00,36.000000000000000000,1.000000000000000000,2111.180126974502400117,-2417.727094875241618865,0.000000000000000000,0.000000000000000000,2111.180126974502400117,-2416.727094875241618865,,
2025-10-31,39,2025-10-31T19:00:00Z,2025-11-01T19:44:35Z,40.568851821869422736,40.568851821869422736,False,N,0.000000000000000000,-116.488581830808087147,0.00,0.00,43.473750000000002558,1.000000000000000000,1936.092805808080811403,-2052.315555000000131258,0.000000000000000000,0.000000000000000000,1936.092805808080811403,-2051.315555000000131258,,
2025-10-31,40,2025-10-31T19:30:00Z,2025-11-01T20:14:32Z,97.336202178347889458,97.336202178347889458,False,P,0.000000000000000000,157.482286111111108085,0.00,0.00,,,2009.868953333333365663,-1852.788674861111076098,0.000000000000000000,0.000000000000000000,2008.868953333333365663,-1852.788674861111076098,,
2025-10-31,41,2025-10-31T20:00:00Z,2025-11-01T20:44:36Z,102.000000000000000000,102.000000000000000000,False,P,0.000000000000000000,197.393729305678618857,0.00,0.00,,,1927.778472809958657308,-1730.435138888765777665,-0.658000000000000029,0.000000000000000000,1926.778472809958657308,-1730.435138888765777665,-0.658000000000000029,
2025-10-31,42,2025-10-31T20:30:00Z,2025-11-01T21:14:25Z,100.000000000000000000,100.000000000000000000,False,P,0.000000000000000000,82.381553021632839773,0.00,0.00,,,1701.977386395579515010,-1619.675005492606260304,-0.667000000000000037,0.000000000000000000,1700.977386395579515010,-1619.675005492606260304,-0.667000000000000037,
2025-10-31,43,2025-10-31T21:00:00Z,2025-11-01T21:44:29Z,79.739999999999994884,79.739999999999994884,False,P,0.000000000000000000,17.958641458115639722,0.00,0.00,,,1618.286422013671199238,-1600.377780555555546016,-0.705999999999999961,0.000000000000000000,1617.286422013671199238,-1600.377780555555546016,-0.705999999999999961,
2025-10-31,44,2025-10-31T21:30:00Z,2025-11-01T22:14:31Z,24.620000000000000995,24.620000000000000995,False,N,0.000000000000000000,-138.421464164344598657,0.00,0.00,,,1660.421236020840524361,-1798.941905648148122054,-0.609999999999999987,0.000000000000000000,1660.421236020840524361,-1797.941905648148122054,-0.609999999999999987,
2025-10-31,45,2025-10-31T22:00:00Z,2025-11-01T22:44:32Z,94.000000000000000000,94.000000000000000000,False,P,0.000000000000000000,8.066683723601336453,0.00,0.00,,,1659.916666779000252063,-1652.174982943065288055,0.000000000000000000,0.000000000000000000,1658.916666779000252063,-1652.174982943065288055,,
2025-10-31,46,2025-10-31T22:30:00Z,2025-11-01T23:14:38Z,-1.100000000000000089,-1.100000000000000089,False,N,0.000000000000000000,-298.973086065359495933,0.00,0.00,,,1515.589748213283428413,-1813.673086065359484564,0.000000000000000000,0.000000000000000000,1515.589748213283428413,-1812.673086065359484564,,
2025-10-31,47,2025-10-31T23:00:00Z,2025-11-01T23:44:32Z,47.861262018595425616,47.861262018595425616,False,P,0.000000000000000000,80.681912214360551161,0.00,0.00,,,1605.078688313699103674,-1548.837286648554254498,0.000000000000000000,24.966000000000001080,1604.078688313699103674,-1548.837286648554254498,,24.966000000000001080
2025-10-31,48,2025-10-31T23:30:00Z,2025-11-02T00:14:40Z,38.770000000000003126,38.770000000000003126,False,P,0.000000000000000000,4.827389348339719000,0.00,0.00,,,1368.296912724181993326,-1438.703154401660185613,0.000000000000000000,75.650000000000005684,1367.296912724181993326,-1438.703154401660185613,,75.650000000000005684
2025-11-01,1,2025-11-01T00:00:00Z,2025-11-02T00:44:29Z,42.969999999999998863,42.969999999999998863,False,P,0.000000000000000000,59.911661834185110820,0.00,0.00,,,1443.075342364875496060,-1495.158673860259341382,0.000000000000000000,111.984999999999999432,1442.075342364875496060,-1495.158673860259341382,,111.984999999999999432
2025-11-01,2,2025-11-01T00:30:00Z,2025-11-02T01:14:29Z,38.820000000000000284,38.820000000000000284,False,P,0.000000000000000000,21.792907242100373111,0.00,0.00,,,1526.124317790266331940,-1504.632649146788480721,0.000000000000000000,0.000000000000000000,1525.124317790266331940,-1504.632649146788480721,,
2025-11-01,3,2025-11-01T01:00:00Z,2025-11-02T01:44:28Z,80.000000000000000000,80.000000000000000000,False,P,0.000000000000000000,171.002592916666657175,0.00,0.00,,,1557.651759583333387127,-1502.951759999999922002,0.000000000000000000,116.254999999999995453,1557.651759583333387127,-1502.951759999999922002,,115.254999999999995453
2025-11-01,4,2025-11-01T01:30:00Z,2025-11-02T02:15:00Z,21.512763304117367369,21.512763304117367369,False,N,0.000000000000000000,-26.087321507888887595,0.00,0.00,25.211934449103331701,1.000000000000000000,1346.107964880888857806,-1440.266287103111153556,0.000000000000000000,67.844999999999998863,1346.107964880888857806,-1439.266287103111153556,,67.844999999999998863
2025-11-01,5,2025-11-01T02:00:00Z,2025-11-02T02:44:36Z,24.519999999999999574,24.519999999999999574,False,N,0.000000000000000000,-258.410000000000025011,0.00,0.00,24.519999999999999574,0.000000000000000000,1230.333333333333257542,-1488.743333333333339397,0.000000000000000000,0.000000000000000000,1230.333333333333257542,-1487.743333333333339397,,
2025-11-01,6,2025-11-01T02:30:00Z,2025-11-02T03:14:39Z,-1.610000000000000098,-1.610000000000000098,False,N,0.000000000000000000,-372.061665555555578067,0.00,0.00,-1.610000000000000098,1.000000000000000000,1235.096517638888826696,-1607.592349861111188147,0.000000000000000000,0.000000000000000000,1235.096517638888826696,-1606.592349861111188147,,
2025-11-01,7,2025-11-01T03:00:00Z,2025-11-02T03:44:37Z,38.070000000000000284,38.070000000000000284,False,P,0.000000000000000000,64.105935000000002333,0.00,0.00,,,1307.985287333333417337,-1314.930310972222287091,0.000000000000000000,70.917000000000001592,1306.985287333333417337,-1314.930310972222287091,,70.917000000000001592
2025-11-01,8,2025-11-01T03:30:00Z,2025-11-02T04:14:44Z,38.149999999999998579,38.149999999999998579,False,P,0.000000000000000000,42.490574999999999761,0.00,0.00,,,1141.850000833333297123,-1170.058333333333393966,0.000000000000000000,70.783000000000001251,1140.850000833333297123,-1170.058333333333393966,,70.783000000000001251
2025-11-01,9,2025-11-01T04:00:00Z,2025-11-02T04:44:27Z,98.000000000000000000,98.000000000000000000,False,P,0.000000000000000000,153.171114027777775846,0.00,0.00,98.000000000000000000,1.000000000000000000,1167.004447916666777019,-1014.014448055555590145,0.000000000000000000,0.000000000000000000,1166.004447916666777019,-1014.014448055555590145,,
2025-11-01,10,2025-11-01T04:30:00Z,2025-11-02T05:14:24Z,105.000000000000000000,105.000000000000000000,False,P,0.000000000000000000,378.854444583333361152,0.00,0.00,105.000000000000000000,1.000000000000000000,1377.050000138888890433,-998.103888888888832298,0.000000000000000000,0.000000000000000000,1376.050000138888890433,-998.103888888888832298,,
2025-11-01,11,2025-11-01T05:00:00Z,2025-11-02T05:44:31Z,98.000000000000000000,98.000000000000000000,False,P,0.000000000000000000,329.265277777777782831,0.00,0.00,98.000000000000000000,1.000000000000000000,1110.125000000000000000,-780.651388888888845941,0.000000000000000000,0.000000000000000000,1109.125000000000000000,-780.651388888888845941,,
2025-11-01,12,2025-11-01T05:30:00Z,2025-11-02T06:14:29Z,31.109999999999999432,31.109999999999999432,False,P,0.000000000000000000,308.850219722222220753,0.00,0.00,31.109999999999999432,0.000000000000000000,1080.038111388888864894,-771.166446944444487599,0.000000000000000000,0.000000000000000000,1079.038111388888864894,-771.166446944444487599,,
2025-11-01,13,2025-11-01T06:00:00Z,2025-11-02T06:44:28Z,65.504259295448633793,65.504259295448633793,False,P,0.000000000000000000,460.427375416666677665,0.00,0.00,62.745499999999999829,1.000000000000000000,1123.733331527777863812,-662.816670000000044638,0.000000000000000000,0.000000000000000000,1122.733331527777863812,-662.816670000000044638,,
2025-11-01,14,2025-11-01T06:30:00Z,2025-11-02T07:14:42Z,62.603661773321626072,62.603661773321626072,False,P,0.000000000000000000,644.403471141975273895,0.00,0.00,60.863999999999997215,1.000000000000000000,1132.302084413580359978,-488.027084413580269029,0.000000000000000000,0.000000000000000000,1131.302084413580359978,-488.027084413580269029,,
2025-11-01,15,2025-11-01T07:00:00Z,2025-11-02T07:44:26Z,61.979999999999996874,61.979999999999996874,False,P,0.000000000000000000,78.875358194444444848,0.00,0.00,61.979999999999996874,0.658333333333333326,1272.763270500000089669,-1193.503114027777883166,0.000000000000000000,0.000000000000000000,1271.763270500000089669,-1193.503114027777883166,,
2025-11-01,16,2025-11-01T07:30:00Z,2025-11-02T08:14:32Z,14.720000000000000639,14.720000000000000639,False,N,0.000000000000000000,-161.843575059523800519,0.00,0.00,,,1290.060919523809616294,-1451.676412361111033533,0.000000000000000000,0.000000000000000000,1290.060919523809616294,-1450.676412361111033533,,
2025-11-01,17,2025-11-01T08:00:00Z,2025-11-02T08:44:29Z,-2.000000000000000000,-2.000000000000000000,False,N,0.000000000000000000,-521.874542910561672215,0.00,0.00,,,1191.443259033882895892,-1712.995495972222215642,0.000000000000000000,0.000000000000000000,1191.443259033882895892,-1711.995495972222215642,,
2025-11-01,18,2025-11-01T08:30:00Z,2025-11-02T09:14:25Z,-20.000000000000000000,-20.000000000000000000,False,N,0.000000000000000000,-1154.938186909185333207,0.00,0.00,,,830.030151858974363677,-1985.419663351492999936,0.000000000000000000,0.000000000000000000,830.030151858974363677,-1984.419663351492999936,,
2025-11-01,19,2025-11-01T09:00:00Z,2025-11-02T09:44:27Z,-30.000000000000000000,-30.000000000000000000,False,N,0.000000000000000000,-1136.358985138888783695,0.00,0.00,,,568.546428611111082319,-1705.593508888888891306,0.000000000000000000,0.000000000000000000,568.546428611111082319,-1704.593508888888891306,,
2025-11-01,20,2025-11-01T09:30:00Z,2025-11-02T10:14:24Z,-30.000000000000000000,-30.000000000000000000,False,N,0.000000000000000000,-1196.454507929292958579,0.00,0.00,,,561.266635542929293479,-1757.599393674242492125,0.000000000000000000,0.000000000000000000,561.266635542929293479,-1756.599393674242492125,,
2025-11-01,21,2025-11-01T10:00:00Z,2025-11-02T10:44:34Z,-17.320000000000000284,-17.320000000000000284,False,N,0.000000000000000000,-684.608182702020258148,0.00,0.00,,,896.960150984848496591,-1581.757376742424185068,0.000000000000000000,0.000000000000000000,896.960150984848496591,-1580.757376742424185068,,
2025-11-01,22,2025-11-01T10:30:00Z,2025-11-02T11:14:27Z,-17.320000000000000284,-17.320000000000000284,False,N,0.000000000000000000,-800.555552499999976135,0.00,0.00,,,820.206669722222272867,-1620.328888888888968722,0.000000000000000000,0.000000000000000000,820.206669722222272867,-1619.328888888888968722,,
2025-11-01,23,2025-11-01T11:00:00Z,2025-11-02T11:44:30Z,-17.320000000000000284,-17.320000000000000284,False,N,0.000000000000000000,-526.970988167985410655,0.00,0.00,,,1335.486552109792228293,-1862.560360800268426829,0.000000000000000000,0.000000000000000000,1335.486552109792228293,-1861.560360800268426829,,
2025-11-01,24,2025-11-01T11:30:00Z,2025-11-02T12:14:27Z,-17.320000000000000284,-17.320000000000000284,False,N,0.000000000000000000,-757.896020256793235603,0.00,0.00,,,1349.653224326540112088,-2107.526887446006639948,0.000000000000000000,0.000000000000000000,1349.653224326540112088,-2106.526887446006639948,,
2025-11-01,25,2025-11-01T12:00:00Z,2025-11-02T12:44:33Z,-17.320000000000000284,-17.320000000000000284,False,N,0.000000000000000000,-442.620656524703349533,0.00,0.00,,,1646.364084144371645380,-2212.186729718377591780,0.000000000000000000,122.912999999999996703,1646.364084144371645380,-2211.186729718377591780,,122.912999999999996703
2025-11-01,26,2025-11-01T12:30:00Z,2025-11-02T13:14:32Z,-10.980000000000000426,-10.980000000000000426,False,N,0.000000000000000000,-109.282545876944936936,0.00,0.00,,,1813.744347456388368300,-2214.374941022727398376,0.000000000000000000,290.976999999999975444,1813.744347456388368300,-2213.374941022727398376,,290.976999999999975444
2025-11-01,27,2025-11-01T13:00:00Z,2025-11-02T13:44:30Z,60.000000000000000000,60.000000000000000000,False,P,0.000000000000000000,111.652252719027416106,0.00,0.00,,,2109.018661889841951051,-2032.880760837481147973,0.000000000000000000,34.926000000000001933,2108.018661889841951051,-2032.880760837481147973,,34.926000000000001933
2025-11-01,28,2025-11-01T13:30:00Z,2025-11-02T14:14:30Z,75.299999999999997158,75.299999999999997158,False,P,0.000000000000000000,44.232599136386880900,0.00,0.00,,,2182.826998599226499209,-2138.948190931182580243,0.000000000000000000,0.000000000000000000,2181.826998599226499209,-2138.948190931182580243,,
2025-11-01,29,2025-11-01T14:00:00Z,2025-11-02T14:44:46Z,94.319999999999993179,94.319999999999993179,False,P,0.000000000000000000,36.992806415343913784,0.00,0.00,,,2110.451899867724932847,-2095.255738385040785943,0.000000000000000000,21.657000000000000028,2109.451899867724932847,-2095.255738385040785943,,21.657000000000000028
2025-11-01,30,2025-11-01T14:30:00Z,2025-11-02T15:14:38Z,102.000000000000000000,102.000000000000000000,False,P,0.000000000000000000,407.337889730051017523,0.00,0.00,,,2246.513389343233484396,-1973.900438802997086896,0.000000000000000000,134.406000000000005912,2245.513389343233484396,-1973.900438802997086896,,134.406000000000005912
2025-11-01,31,2025-11-01T15:00:00Z,2025-11-02T15:44:36Z,105.000000000000000000,105.000000000000000000,False,P,0.000000000000000000,508.219296178596323443,0.00,0.00,,,2247.085032289707214659,-1934.179271767676709715,0.000000000000000000,195.344999999999998863,2246.085032289707214659,-1934.179271767676709715,,195.344999999999998863
2025-11-01,32,2025-11-01T15:30:00Z,2025-11-02T16:14:35Z,106.500000000000000000,106.500000000000000000,False,P,0.000000000000000000,643.301704545454526851,0.00,0.00,,,2242.299204545454358595,-1972.772500000000036380,0.000000000000000000,373.324999999999988631,2241.299204545454358595,-1972.772500000000036380,,373.324999999999988631
2025-11-01,33,2025-11-01T16:00:00Z,2025-11-02T16:44:35Z,105.000000000000000000,105.000000000000000000,False,P,0.000000000000000000,237.289962121212113288,0.00,0.00,,,2074.054962121212156489,-1909.115000000000009095,0.000000000000000000,72.400000000000005684,2073.054962121212156489,-1909.115000000000009095,,72.400000000000005684
2025-11-01,34,2025-11-01T16:30:00Z,2025-11-02T17:14:36Z,104.439999999999997726,104.439999999999997726,False,P,0.000000000000000000,141.227232632061912909,0.00,0.00,,,2118.201954854283940222,-1977.172992647885848783,0.000000000000000000,0.000000000000000000,2117.201954854283940222,-1977.172992647885848783,,
2025-11-01,35,2025-11-01T17:00:00Z,2025-11-02T17:44:40Z,105.000000000000000000,105.000000000000000000,False,P,0.000000000000000000,360.046121637112889857,0.00,0.00,,,2263.733201054566961830,-1903.547738306342807846,0.000000000000000000,0.000000000000000000,2262.733201054566961830,-1903.547738306342807846,,
2025-11-01,36,2025-11-01T17:30:00Z,2025-11-02T18:14:34Z,104.439999999999997726,104.439999999999997726,False,P,0.000000000000000000,360.550532777777789306,0.00,0.00,,,2303.304699444444395340,-1942.535261666666656311,0.000000000000000000,0.000000000000000000,2302.304699444444395340,-1942.535261666666656311,,
2025-11-01,37,2025-11-01T18:00:00Z,2025-11-02T18:44:39Z,100.000000000000000000,100.000000000000000000,False,P,0.000000000000000000,164.307561233660123889,0.00,0.00,,,2206.245477900326932286,-2041.928157638888933434,0.000000000000000000,0.000000000000000000,2205.245477900326932286,-2041.928157638888933434,,
2025-11-01,38,2025-11-01T18:30:00Z,2025-11-02T19:14:39Z,54.509999999999998010,54.509999999999998010,False,N,0.000000000000000000,-26.046462558922559793,0.00,0.00,,,2098.629610635522112716,-2125.015815339225810021,0.000000000000000000,0.000000000000000000,2098.629610635522112716,-2124.015815339225810021,,
2025-11-01,39,2025-11-01T19:00:00Z,2025-11-02T19:44:38Z,25.480000000000000426,25.480000000000000426,False,N,0.000000000000000000,-188.351276602755717704,0.00,0.00,,,1789.749344908561852208,-1978.610148620456584467,0.000000000000000000,0.000000000000000000,1789.749344908561852208,-1977.610148620456584467,,
2025-11-01,40,2025-11-01T19:30:00Z,2025-11-02T20:14:37Z,29.170000000000001705,29.170000000000001705,False,N,0.000000000000000000,-59.262930972222221726,0.00,0.00,,,1797.032656944444397595,-1856.693766342592653018,0.000000000000000000,0.000000000000000000,1797.032656944444397595,-1855.693766342592653018,,
2025-11-01,41,2025-11-01T20:00:00Z,2025-11-02T20:44:34Z,98.500000000000000000,98.500000000000000000,False,P,0.000000000000000000,184.991151965811951641,0.00,0.00,,,1980.529763076923018161,-1795.595359444444511610,0.000000000000000000,0.000000000000000000,1979.529763076923018161,-1795.595359444444511610,,
2025-11-01,42,2025-11-01T20:30:00Z,2025-11-02T21:14:41Z,66.609999999999999432,66.609999999999999432,False,N,0.000000000000000000,-56.411003701159948776,0.00,0.00,66.609999999999999432,0.000000000000000000,1674.390936149267417932,-1730.422499999999899956,0.000000000000000000,0.000000000000000000,1674.390936149267417932,-1729.422499999999899956,,
2025-11-01,43,2025-11-01T21:00:00Z,2025-11-02T21:44:33Z,94.000000000000000000,94.000000000000000000,False,P,0.000000000000000000,206.222938690476183865,0.00,0.00,,,1900.620964523809561797,-1694.299734365079302734,0.000000000000000000,0.000000000000000000,1899.620964523809561797,-1694.299734365079302734,,
2025-11-01,44,2025-11-01T21:30:00Z,2025-11-02T22:14:35Z,93.900000000000005684,93.900000000000005684,False,P,0.000000000000000000,294.457864861111090704,0.00,0.00,,,1930.067388611111027785,-1635.688216666666676247,0.000000000000000000,0.000000000000000000,1929.067388611111027785,-1635.688216666666676247,,
2025-11-01,45,2025-11-01T22:00:00Z,2025-11-02T22:44:37Z,93.900000000000005684,93.900000000000005684,False,P,0.000000000000000000,385.645543518518536530,0.00,0.00,,,1990.030543518518470592,-1604.340535740740733672,0.000000000000000000,0.000000000000000000,1989.030543518518470592,-1604.340535740740733672,,
2025-11-01,46,2025-11-01T22:30:00Z,2025-11-02T23:14:41Z,91.500000000000000000,91.500000000000000000,False,P,0.000000000000000000,447.112142638888883539,0.00,0.00,,,2023.609310277777694864,-1576.786531527777697193,0.000000000000000000,0.000000000000000000,2022.609310277777694864,-1576.786531527777697193,,
2025-11-01,47,2025-11-01T23:00:00Z,2025-11-02T23:44:35Z,88.609999999999999432,88.609999999999999432,False,P,0.000000000000000000,77.492546616161618545,0.00,0.00,,,1488.387785505050487700,-1410.871627777777803203,0.000000000000000000,0.000000000000000000,1487.387785505050487700,-1410.871627777777803203,,
2025-11-01,48,2025-11-01T23:30:00Z,2025-11-03T00:14:39Z,55.270000000000003126,55.270000000000003126,False,N,0.000000000000000000,-275.218939393939422189,0.00,0.00,55.270000000000003126,0.000000000000000000,1184.339393939393858091,-1459.558333333333393966,0.000000000000000000,0.000000000000000000,1184.339393939393858091,-1458.558333333333393966,,
2025-11-02,1,2025-11-02T00:00:00Z,2025-11-03T00:44:37Z,55.740000000000001990,55.740000000000001990,False,N,0.000000000000000000,-108.730001940843621355,0.00,0.00,55.740000000000001990,0.000000000000000000,1167.785831260008762911,-1475.468330274176878447,0.000000000000000000,198.800000000000011369,1167.785831260008762911,-1474.468330274176878447,,198.800000000000011369
2025-11-02,2,2025-11-02T00:30:00Z,2025-11-03T01:14:34Z,47.280000000000001137,47.280000000000001137,False,N,0.000000000000000000,-35.538160221152971019,0.00,0.00,,,1302.376224745544050165,-1430.489571441764155679,0.000000000000000000,92.500000000000000000,1302.376224745544050165,-1429.489571441764155679,,92.500000000000000000
2025-11-02,3,2025-11-02T01:00:00Z,2025-11-03T01:44:51Z,85.370000000000004547,85.370000000000004547,False,P,0.000000000000000000,19.066455416666666878,0.00,0.00,,,1176.808988888888961810,-1375.196498750000046130,0.000000000000000000,217.705999999999988859,1175.808988888888961810,-1375.196498750000046130,,217.705999999999988859
2025-11-02,4,2025-11-02T01:30:00Z,2025-11-03T02:15:13Z,95.480000000000003979,95.480000000000003979,False,P,0.000000000000000000,203.218405793611111676,0.00,0.00,,,1220.192854404722311301,-1390.467307738055524169,0.000000000000000000,373.500000000000000000,1219.192854404722311301,-1390.467307738055524169,,373.500000000000000000
2025-11-02,5,2025-11-02T02:00:00Z,2025-11-03T02:44:45Z,95.000000000000000000,95.000000000000000000,False,P,0.000000000000000000,150.380660555555550673,0.00,0.00,,,1095.293162222222235869,-1312.934279444444428009,0.000000000000000000,367.994000000000028194,1095.293162222222235869,-1312.934279444444428009,,366.994000000000028194
2025-11-02,6,2025-11-02T02:30:00Z,2025-11-03T03:14:38Z,95.000000000000000000,95.000000000000000000,False,P,0.000000000000000000,188.102779033671282605,0.00,0.00,,,1091.302779033671185971,-1259.552781962166591256,0.000000000000000000,356.500000000000000000,1091.302779033671185971,-1259.552781962166591256,,355.500000000000000000
2025-11-02,7,2025-11-02T03:00:00Z,2025-11-03T03:44:39Z,95.000000000000000000,95.000000000000000000,False,P,0.000000000000000000,208.906664494949495747,0.00,0.00,,,1116.527775606060686187,-1263.907222411616203317,0.000000000000000000,356.500000000000000000,1116.527775606060686187,-1263.907222411616203317,,355.500000000000000000
2025-11-02,8,2025-11-02T03:30:00Z,2025-11-03T04:14:43Z,102.400000000000005684,102.400000000000005684,False,P,0.000000000000000000,267.981784537037015070,0.00,0.00,,,1227.773886851851784741,-1344.215555555555511091,0.000000000000000000,384.206000000000017280,1226.773886851851784741,-1344.215555555555511091,,384.206000000000017280
2025-11-02,9,2025-11-02T04:00:00Z,2025-11-03T04:44:31Z,104.000000000000000000,104.000000000000000000,False,P,0.000000000000000000,147.932932474911154941,0.00,0.00,,,1105.629637595416625118,-1355.387963266541873963,0.000000000000000000,397.788999999999987267,1105.629637595416625118,-1355.387963266541873963,,396.788999999999987267
2025-11-02,10,2025-11-02T04:30:00Z,2025-11-03T05:14:32Z,90.198279087167975376,90.198279087167975376,False,P,0.000000000000000000,0.269666719081272099,0.00,0.00,,,982.500000003074433153,-1356.358333280918714081,0.000000000000000000,374.127999999999985903,982.500000003074433153,-1356.358333280918714081,,373.858333280918714081
2025-11-02,11,2025-11-02T05:00:00Z,2025-11-03T05:44:37Z,110.000000000000000000,110.000000000000000000,False,P,0.000000000000000000,307.475668656112077315,0.00,0.00,,,1269.978708343559901550,-1362.845373010554567372,0.000000000000000000,400.233999999999980446,1269.649837075114874096,-1362.845373010554567372,,399.562871268445121586
2025-11-02,12,2025-11-02T05:30:00Z,2025-11-03T06:14:40Z,110.000000000000000000,110.000000000000000000,False,P,0.000000000000000000,274.384095174603146461,0.00,0.00,,,1278.538057241591332058,-1400.170833297619083169,0.000000000000000000,396.127000000000009550,1278.202797125984261584,-1400.170833297619083169,,395.462260115606909494
2025-11-02,13,2025-11-02T06:00:00Z,2025-11-03T06:44:35Z,104.599999999999994316,104.599999999999994316,False,P,0.000000000000000000,110.760653622127421158,0.00,0.00,,,1194.617029534865878304,-1515.850353879092381248,0.000000000000000000,432.322000000000002728,1193.617029534865878304,-1515.850353879092381248,,432.322000000000002728
2025-11-02,14,2025-11-02T06:30:00Z,2025-11-03T07:14:31Z,102.000000000000000000,102.000000000000000000,False,P,0.000000000000000000,116.742000187101510278,0.00,0.00,,,1298.950000059614239944,-1617.874999812898522578,0.000000000000000000,435.666999999999973170,1297.950000059614239944,-1617.874999812898522578,,435.666999999999973170
2025-11-02,15,2025-11-02T07:00:00Z,2025-11-03T07:44:33Z,47.280000000000001137,47.280000000000001137,False,N,0.000000000000000000,-171.617023995256346325,0.00,0.00,,,1546.255767357807371809,-1874.246985860335598773,0.000000000000000000,156.521999999999991360,1546.255767357807371809,-1873.246985860335598773,,156.521999999999991360
2025-11-02,16,2025-11-02T07:30:00Z,2025-11-03T08:14:33Z,95.000000000000000000,95.000000000000000000,False,P,0.000000000000000000,44.703840047148823089,0.00,0.00,,,1708.548909212669741464,-1761.278599020311503409,0.000000000000000000,97.156000000000005912,1707.548909212669741464,-1761.278599020311503409,,97.156000000000005912
2025-11-02,17,2025-11-02T08:00:00Z,2025-11-03T08:44:38Z,53.891307049525828177,53.891307049525828177,False,N,0.000000000000000000,-1.085992387947700477,0.00,0.00,,,1681.109768381283174676,-1780.722255202101223404,0.000000000000000000,98.084000000000003183,1681.109768381283174676,-1779.722255202101223404,,98.084000000000003183
2025-11-02,18,2025-11-02T08:30:00Z,2025-11-03T09:14:34Z,102.000000000000000000,102.000000000000000000,False,P,0.000000000000000000,277.107165224358993783,0.00,0.00,,,2009.273831891025565710,-1756.947152407407429564,0.000000000000000000,24.250000000000000000,2008.273831891025565710,-1756.947152407407429564,,24.250000000000000000
2025-11-02,19,2025-11-02T09:00:00Z,2025-11-03T09:44:30Z,102.000000000000000000,102.000000000000000000,False,P,0.000000000000000000,394.082599903567313504,0.00,0.00,,,2168.521258730700537853,-1774.699774872073703591,0.000000000000000000,0.000000000000000000,2167.521258730700537853,-1774.699774872073703591,,
2025-11-02,20,2025-11-02T09:30:00Z,2025-11-03T10:14:37Z,95.000000000000000000,95.000000000000000000,False,P,0.000000000000000000,241.112344707243153152,0.00,0.00,,,2180.000726322445188998,-1938.803798831116637302,0.000000000000000000,0.000000000000000000,2179.000726322445188998,-1938.803798831116637302,,
2025-11-02,21,2025-11-02T10:00:00Z,2025-11-03T10:44:40Z,47.280000000000001137,47.280000000000001137,False,N,0.000000000000000000,-69.940162141301811971,0.00,0.00,,,1879.869238186011216385,-1950.224238353412829383,0.000000000000000000,0.000000000000000000,1879.869238186011216385,-1949.224238353412829383,,
2025-11-02,22,2025-11-02T10:30:00Z,2025-11-03T11:14:41Z,34.460000000000000853,34.460000000000000853,False,N,0.000000000000000000,-245.738178800618925379,0.00,0.00,34.460000000000000853,1.000000000000000000,1895.390274519514150597,-2141.548606995063437353,0.000000000000000000,0.000000000000000000,1895.390274519514150597,-2140.548606995063437353,,
2025-11-02,23,2025-11-02T11:00:00Z,2025-11-03T11:44:40Z,49.149999999999998579,49.149999999999998579,False,N,0.000000000000000000,-30.982272427310014962,0.00,0.00,,,2026.706730332064580580,-2057.751723306939766189,0.000000000000000000,0.000000000000000000,2026.706730332064580580,-2056.751723306939766189,,
2025-11-02,24,2025-11-02T11:30:00Z,2025-11-03T12:14:41Z,21.100000000000001421,21.100000000000001421,False,N,0.000000000000000000,-262.171112393119017270,0.00,0.00,21.100000000000001421,1.000000000000000000,1900.416647781911251514,-2162.266234893118962646,0.000000000000000000,0.000000000000000000,1900.416647781911251514,-2161.266234893118962646,,
2025-11-02,25,2025-11-02T12:00:00Z,2025-11-03T12:46:05Z,33.210000000000000853,33.210000000000000853,False,N,0.000000000000000000,-188.969920538309025915,0.00,0.00,33.210000000000000853,1.000000000000000000,1924.481930840050154075,-2113.435078869182689232,0.000000000000000000,0.000000000000000000,1924.481930840050154075,-2112.435078869182689232,,
2025-11-02,26,2025-11-02T12:30:00Z,2025-11-03T13:14:39Z,13.259999999999999787,13.259999999999999787,False,N,0.000000000000000000,-42.939419601442601504,0.00,0.00,,,2120.405590279812713561,-2163.434465712553901540,0.000000000000000000,0.000000000000000000,2120.405590279812713561,-2162.434465712553901540,,
2025-11-02,27,2025-11-02T13:00:00Z,2025-11-03T13:45:01Z,52.409999999999996589,52.409999999999996589,False,N,0.000000000000000000,-35.544059398148149853,0.00,0.00,,,2304.311839490740567271,-2427.030165185185069276,0.000000000000000000,87.316000000000002501,2304.311839490740567271,-2426.030165185185069276,,87.316000000000002501
2025-11-02,28,2025-11-02T13:30:00Z,2025-11-03T14:14:42Z,73.590000000000003411,73.590000000000003411,False,N,0.000000000000000000,-22.326372573030777602,0.00,0.00,73.590000000000003411,0.000000000000000000,2362.797498611586433981,-2402.949554517475007742,0.000000000000000000,17.617000000000000881,2362.797498611586433981,-2401.949554517475007742,,17.617000000000000881
2025-11-02,29,2025-11-02T14:00:00Z,2025-11-03T14:44:34Z,47.423813493228230698,47.423813493228230698,False,N,0.000000000000000000,-162.669666922615618887,0.00,0.00,47.502970069444444334,1.000000000000000000,2239.682492745843319426,-2439.900115484791967901,0.000000000000000000,37.500000000000000000,2239.682492745843319426,-2438.900115484791967901,,37.500000000000000000
2025-11-02,30,2025-11-02T14:30:00Z,2025-11-03T15:14:37Z,-4.419999999999999929,-4.419999999999999929,False,N,0.000000000000000000,-219.109096329238440148,0.00,0.00,,,2241.053456139729860297,-2460.084260470987373992,0.000000000000000000,0.000000000000000000,2241.053456139729860297,-2459.084260470987373992,,
2025-11-02,31,2025-11-02T15:00:00Z,2025-11-03T15:44:31Z,94.000000000000000000,94.000000000000000000,False,P,0.000000000000000000,59.847208203577324070,0.00,0.00,,,2365.393652648021543428,-2442.033333333333303017,0.000000000000000000,136.497999999999990450,2364.393652648021543428,-2442.033333333333303017,,136.497999999999990450
2025-11-02,32,2025-11-02T15:30:00Z,2025-11-03T16:14:50Z,47.280000000000001137,47.280000000000001137,False,N,0.000000000000000000,-49.229915235485641745,0.00,0.00,,,2268.495290715151895711,-2573.204147073809508584,0.000000000000000000,255.633999999999986130,2268.495290715151895711,-2572.204147073809508584,,255.633999999999986130
2025-11-02,33,2025-11-02T16:00:00Z,2025-11-03T16:44:41Z,105.000000000000000000,105.000000000000000000,False,P,0.000000000000000000,137.747439393939401953,0.00,0.00,,,2540.148106060606096435,-2467.122499999999945430,0.000000000000000000,64.915999999999996817,2539.148106060606096435,-2467.122499999999945430,,64.915999999999996817
2025-11-02,34,2025-11-02T16:30:00Z,2025-11-03T17:14:38Z,105.000000000000000000,105.000000000000000000,False,P,0.000000000000000000,32.624453926945093940,0.00,0.00,,,2591.445489601548160863,-2559.045006289682532952,0.000000000000000000,0.684000000000000052,2590.445489601548160863,-2559.045006289682532952,,0.684000000000000052
2025-11-02,35,2025-11-02T17:00:00Z,2025-11-03T17:44:29Z,105.000000000000000000,105.000000000000000000,False,P,0.000000000000000000,162.838940606153812496,0.00,0.00,,,2466.516086856153833651,-2360.072555563585410709,0.000000000000000000,56.743000000000002103,2465.516086856153833651,-2360.072555563585410709,,56.743000000000002103
2025-11-02,36,2025-11-02T17:30:00Z,2025-11-03T18:14:43Z,109.000000000000000000,109.000000000000000000,False,P,0.000000000000000000,221.238276043564042084,0.00,0.00,,,2612.111268404675229249,-2445.625322222222166602,0.000000000000000000,54.606999999999999318,2611.111268404675229249,-2445.625322222222166602,,54.606999999999999318
2025-11-02,37,2025-11-02T18:00:00Z,2025-11-03T18:44:34Z,109.000000000000000000,109.000000000000000000,False,P,0.000000000000000000,177.043447624591493650,0.00,0.00,,,2418.080976235702564736,-2240.708717343842636183,0.000000000000000000,0.000000000000000000,2417.080976235702564736,-2240.708717343842636183,,
2025-11-02,38,2025-11-02T18:30:00Z,2025-11-03T19:14:40Z,109.000000000000000000,109.000000000000000000,False,P,0.000000000000000000,58.185453166610969333,0.00,0.00,,,2273.632619219275966316,-2215.046138115869780449,0.000000000000000000,0.000000000000000000,2272.632619219275966316,-2215.046138115869780449,,
2025-11-02,39,2025-11-02T19:00:00Z,2025-11-03T19:45:03Z,109.000000000000000000,109.000000000000000000,False,P,0.000000000000000000,377.094211605693317324,0.00,0.00,,,2428.252318241495686379,-2065.166703858024902729,0.000000000000000000,14.067000000000000171,2427.252318241495686379,-2065.166703858024902729,,14.067000000000000171
2025-11-02,40,2025-11-02T19:30:00Z,2025-11-03T20:14:45Z,85.540000000000006253,85.540000000000006253,False,N,0.000000000000000000,-145.223496836635575846,0.00,0.00,85.540000000000006253,0.000000000000000000,1862.193169830031138190,-2007.108695072072123367,0.000000000000000000,0.000000000000000000,1862.193169830031138190,-2006.108695072072123367,,
2025-11-02,41,2025-11-02T20:00:00Z,2025-11-03T20:44:38Z,43.359999999999999432,43.359999999999999432,False,N,0.000000000000000000,-69.224163611111109162,0.00,0.00,,,2013.025833333333366681,-2070.300830277778004529,-11.439999999999999503,0.000000000000000000,2013.025833333333366681,-2069.300830277778004529,-11.439999999999999503,
2025-11-02,42,2025-11-02T20:30:00Z,2025-11-03T21:14:46Z,98.900000000000005684,98.900000000000005684,False,P,0.000000000000000000,107.991666666666660035,0.00,0.00,,,1997.775000000000090949,-1878.513333333333321207,-11.439999999999999503,0.000000000000000000,1996.775000000000090949,-1878.513333333333321207,-11.439999999999999503,
2025-11-02,43,2025-11-02T21:00:00Z,2025-11-03T21:44:34Z,96.900000000000005684,96.900000000000005684,False,P,0.000000000000000000,147.779161111111108085,0.00,0.00,,,1975.883327777777822121,-1816.772500000000036380,-11.439999999999999503,0.000000000000000000,1974.883327777777822121,-1816.772500000000036380,-11.439999999999999503,
2025-11-02,44,2025-11-02T21:30:00Z,2025-11-03T22:14:38Z,89.000000000000000000,89.000000000000000000,False,P,0.000000000000000000,11.273219750000000872,0.00,0.00,,,1706.779891666666571837,-1684.550725000000056752,-11.439999999999999503,0.000000000000000000,1705.779891666666571837,-1684.550725000000056752,-11.439999999999999503,
2025-11-02,45,2025-11-02T22:00:00Z,2025-11-03T22:44:54Z,90.000000000000000000,90.000000000000000000,False,P,0.000000000000000000,398.799409440267311311,0.00,0.00,,,2028.656076106934051495,-1618.416666666666742458,-11.439999999999999503,0.000000000000000000,2027.656076106934051495,-1618.416666666666742458,-11.439999999999999503,
2025-11-02,46,2025-11-02T22:30:00Z,2025-11-03T23:14:40Z,89.500000000000000000,89.500000000000000000,False,P,0.000000000000000000,315.282166301169581857,0.00,0.00,,,1911.674388523391826311,-1585.217473318713473418,-11.439999999999999503,0.000000000000000000,1910.674388523391826311,-1585.217473318713473418,-11.439999999999999503,
2025-11-02,47,2025-11-02T23:00:00Z,2025-11-03T23:44:33Z,78.272167770079590809,78.272167770079590809,False,P,0.000000000000000000,25.931083472222223207,0.00,0.00,,,1695.470829861111042192,-1657.609722222222217169,-11.439999999999999503,0.000000000000000000,1694.470829861111042192,-1657.609722222222217169,-11.439999999999999503,
2025-11-02,48,2025-11-02T23:30:00Z,2025-11-04T00:14:32Z,41.000000000000000000,41.000000000000000000,False,N,0.000000000000000000,-140.549752807771028529,0.00,0.00,41.000000000000000000,1.000000000000000000,1589.708333341950265094,-1718.818086141104458875,-11.439999999999999503,0.000000000000000000,1589.708333341950265094,-1717.818086141104458875,-11.439999999999999503,
2025-11-03,1,2025-11-03T00:00:00Z,2025-11-04T00:44:45Z,41.000000000000000000,41.000000000000000000,False,N,0.000000000000000000,-91.462688445286190131,0.00,0.00,,,1828.354106562060451324,-1909.101041084174994467,-11.439999999999999503,0.000000000000000000,1828.354106562060451324,-1908.101041084174994467,-11.439999999999999503,
2025-11-03,2,2025-11-03T00:30:00Z,2025-11-04T01:14:33Z,41.000000000000000000,41.000000000000000000,False,N,0.000000000000000000,-93.978409532923308234,0.00,0.00,,,1808.001200319401732486,-1891.244902378191909520,-11.439999999999999503,0.000000000000000000,1808.001200319401732486,-1890.244902378191909520,-11.439999999999999503,
2025-11-03,3,2025-11-03T01:00:00Z,2025-11-04T01:44:47Z,11.140000000000000568,11.140000000000000568,False,N,0.000000000000000000,-104.252148783050884617,0.00,0.00,11.140000000000000568,1.000000000000000000,1682.648301361324911340,-1886.203710911900998326,-11.439999999999999503,111.319999999999993179,1682.648301361324911340,-1885.203710911900998326,-11.439999999999999503,111.319999999999993179
2025-11-03,4,2025-11-03T01:30:00Z,2025-11-04T02:15:20Z,59.350000000000001421,59.350000000000001421,False,P,0.000000000000000000,61.082020836677934028,0.00,0.00,,,1784.203049190339015695,-1873.968330968877580744,-11.439999999999999503,162.000000000000000000,1783.203049190339015695,-1873.968330968877580744,-11.439999999999999503,162.000000000000000000
2025-11-03,5,2025-11-03T02:00:00Z,2025-11-04T02:44:55Z,89.000000000000000000,89.000000000000000000,False,P,0.000000000000000000,191.078885972222224154,0.00,0.00,,,1917.712366805555575411,-1862.648480833333223927,-11.439999999999999503,147.180000000000006821,1916.712366805555575411,-1862.648480833333223927,-11.439999999999999503,147.180000000000006821
2025-11-03,6,2025-11-03T02:30:00Z,2025-11-04T03:14:29Z,27.000000000000000000,27.000000000000000000,False,N,0.000000000000000000,-15.407379861111111907,0.00,0.00,,,1786.114331250000077489,-1878.836553055555668834,-11.439999999999999503,88.600999999999999091,1786.114331250000077489,-1877.836553055555668834,-11.439999999999999503,88.600999999999999091
2025-11-03,7,2025-11-03T03:00:00Z,2025-11-04T03:44:34Z,60.200000000000002842,60.200000000000002842,False,P,0.000000000000000000,84.897646249999993984,0.00,0.00,,,2058.472489583333299379,-1962.481652361111173377,-11.439999999999999503,0.000000000000000000,2057.472489583333299379,-1962.481652361111173377,-11.439999999999999503,
2025-11-03,8,2025-11-03T03:30:00Z,2025-11-04T04:14:34Z,32.320000000000000284,32.320000000000000284,False,N,0.000000000000000000,-42.948335972222224655,0.00,0.00,32.320000000000000284,0.000000000000000000,1929.041664027777869705,-1960.383333333333439441,-11.439999999999999503,0.000000000000000000,1929.041664027777869705,-1959.383333333333439441,-11.439999999999999503,
2025-11-03,9,2025-11-03T04:00:00Z,2025-11-04T04:44:27Z,21.380867977055114437,21.380867977055114437,False,N,0.000000000000000000,-288.053335972222214423,0.00,0.00,23.164000000000001478,1.000000000000000000,1625.634664027777716910,-1902.189666666666653327,-11.439999999999999503,0.000000000000000000,1625.634664027777716910,-1901.189666666666653327,-11.439999999999999503,
2025-11-03,10,2025-11-03T04:30:00Z,2025-11-04T05:14:48Z,64.340000000000003411,64.340000000000003411,False,P,0.000000000000000000,41.446924444444441349,0.00,0.00,,,1953.887085277777714509,-1901.252084166666691090,-11.439999999999999503,0.000000000000000000,1952.887085277777714509,-1901.252084166666691090,-11.439999999999999503,
2025-11-03,11,2025-11-03T05:00:00Z,2025-11-04T05:44:30Z,27.000000000000000000,27.000000000000000000,False,N,0.000000000000000000,-15.947722567660438386,0.00,0.00,,,1974.825000094857159638,-1979.527379512104971582,-11.439999999999999503,0.000000000000000000,1974.825000094857159638,-1978.527379512104971582,-11.439999999999999503,
2025-11-03,12,2025-11-03T05:30:00Z,2025-11-04T06:14:29Z,18.962275743513107074,18.962275743513107074,False,N,0.000000000000000000,-111.060113844855905540,0.00,0.00,22.664999999999999147,1.000000000000000000,2042.361399527196681447,-2142.035674539300543984,-11.439999999999999503,0.000000000000000000,2042.361399527196681447,-2141.035674539300543984,-11.439999999999999503,
2025-11-03,13,2025-11-03T06:00:00Z,2025-11-04T06:44:32Z,27.000000000000000000,27.000000000000000000,False,N,0.000000000000000000,-39.265603194921169461,0.00,0.00,,,2264.528843109763784014,-2304.542738137721244129,0.000000000000000000,0.000000000000000000,2264.528843109763784014,-2303.542738137721244129,,
2025-11-03,14,2025-11-03T06:30:00Z,2025-11-04T07:14:27Z,89.000000000000000000,89.000000000000000000,False,P,0.000000000000000000,185.643055611193659615,0.00,0.00,,,2369.573359499258458527,-2183.790026055472935695,0.000000000000000000,0.000000000000000000,2368.573359499258458527,-2183.790026055472935695,,
2025-11-03,15,2025-11-03T07:00:00Z,2025-11-04T07:44:32Z,43.460000000000000853,43.460000000000000853,False,N,0.000000000000000000,-21.497395793650792228,0.00,0.00,,,2369.279965317460209917,-2390.762321759259066312,0.000000000000000000,0.000000000000000000,2369.279965317460209917,-2389.762321759259066312,,
2025-11-03,16,2025-11-03T07:30:00Z,2025-11-04T08:14:42Z,89.000000000000000000,89.000000000000000000,False,P,0.000000000000000000,44.278000958485961291,0.00,0.00,,,2510.350580462454217923,-2465.804722301587389666,0.000000000000000000,0.000000000000000000,2509.350580462454217923,-2465.804722301587389666,,
2025-11-03,17,2025-11-03T08:00:00Z,2025-11-04T08:44:36Z,43.289999999999999147,43.289999999999999147,False,N,0.000000000000000000,-166.572309499389490384,0.00,0.00,43.289999999999999147,1.000000000000000000,2340.552693833943976642,-2507.203872380952361709,0.000000000000000000,0.000000000000000000,2340.552693833943976642,-2506.203872380952361709,,
2025-11-03,18,2025-11-03T08:30:00Z,2025-11-04T09:14:37Z,69.859999999999999432,69.859999999999999432,False,N,0.000000000000000000,-327.854106249999972533,0.00,0.00,69.859999999999999432,0.000000000000000000,2085.862560416666838137,-2413.717402704009145964,0.000000000000000000,0.000000000000000000,2085.862560416666838137,-2412.717402704009145964,,
2025-11-03,19,2025-11-03T09:00:00Z,2025-11-04T09:44:34Z,56.270000000000003126,56.270000000000003126,False,N,0.000000000000000000,-371.064590628084545187,0.00,0.00,56.270000000000003126,0.000000000000000000,2150.934627346939578274,-2528.963341601144747983,0.000000000000000000,7.000000000000000000,2150.934627346939578274,-2527.963341601144747983,,7.000000000000000000
2025-11-03,20,2025-11-03T09:30:00Z,2025-11-04T10:14:40Z,50.939999999999997726,50.939999999999997726,False,N,0.000000000000000000,-436.037681074415615967,0.00,0.00,50.939999999999997726,0.000000000000000000,2197.792198597918741143,-2633.825249850870477530,0.000000000000000000,0.000000000000000000,2197.792198597918741143,-2632.825249850870477530,,
2025-11-03,21,2025-11-03T10:00:00Z,2025-11-04T10:44:29Z,-8.769999999999999574,-8.769999999999999574,False,N,0.000000000000000000,-201.413262827380947328,0.00,0.00,,,2270.852228283730255498,-2587.692713611111230421,0.000000000000000000,114.483000000000004093,2270.852228283730255498,-2586.692713611111230421,,114.483000000000004093
2025-11-03,22,2025-11-03T10:30:00Z,2025-11-04T11:14:54Z,-3.500000000000000000,-3.500000000000000000,False,N,0.000000000000000000,-167.940284067460311235,0.00,0.00,,,2483.256774126984055329,-2667.506724722222315904,0.000000000000000000,15.800000000000000711,2483.256774126984055329,-2666.506724722222315904,,15.800000000000000711
2025-11-03,23,2025-11-03T11:00:00Z,2025-11-04T11:44:31Z,42.210021303351403787,42.210021303351403787,False,N,0.000000000000000000,-398.227679092261894311,0.00,0.00,42.212170000000000414,1.000000000000000000,2368.014917713293471024,-2766.421947630876275070,0.000000000000000000,0.000000000000000000,2368.014917713293471024,-2765.421947630876275070,,
2025-11-03,24,2025-11-03T11:30:00Z,2025-11-04T12:14:32Z,46.320000000000000284,46.320000000000000284,False,N,0.000000000000000000,-306.787792731481488318,0.00,0.00,46.320000000000000284,0.000000000000000000,2486.056929490740913025,-2792.959535277777831652,0.000000000000000000,0.000000000000000000,2486.056929490740913025,-2791.959535277777831652,,
2025-11-03,25,2025-11-03T12:00:00Z,2025-11-04T12:44:30Z,47.920000000000001705,47.920000000000001705,False,N,0.000000000000000000,-213.194836682295232322,0.00,0.00,47.920000000000001705,0.000000000000000000,2446.888496556628979306,-2659.846829737850839592,0.000000000000000000,0.000000000000000000,2446.888496556628979306,-2658.846829737850839592,,
2025-11-03,26,2025-11-03T12:30:00Z,2025-11-04T13:14:28Z,12.099999999999999645,12.099999999999999645,False,N,0.000000000000000000,-142.388423998435058593,0.00,0.00,12.099999999999999645,1.000000000000000000,2525.912636970318999374,-2668.219173065895574837,0.000000000000000000,0.000000000000000000,2525.912636970318999374,-2667.219173065895574837,,
2025-11-03,27,2025-11-03T13:00:00Z,2025-11-04T13:44:50Z,55.030000000000001137,55.030000000000001137,False,N,0.000000000000000000,-7.572414259259259595,0.00,0.00,55.030000000000001137,0.000000000000000000,2611.510898518518388300,-2619.035613551587175607,0.000000000000000000,0.000000000000000000,2611.510898518518388300,-2618.035613551587175607,,
2025-11-03,28,2025-11-03T13:30:00Z,2025-11-04T14:14:48Z,89.712612449346636367,89.712612449346636367,False,P,0.000000000000000000,68.886680688161376906,0.00,0.00,,,2571.599499484457737708,-2502.501562820436447510,0.000000000000000000,0.000000000000000000,2570.599499484457737708,-2502.501562820436447510,,
2025-11-03,29,2025-11-03T14:00:00Z,2025-11-04T14:45:13Z,38.560000000000002274,38.560000000000002274,False,N,0.000000000000000000,-132.481102431645695106,0.00,0.00,38.560000000000002274,0.179600694444444431,2385.544053716003872978,-2517.740114169861044502,0.000000000000000000,0.000000000000000000,2385.544053716003872978,-2516.740114169861044502,,
2025-11-03,30,2025-11-03T14:30:00Z,2025-11-04T15:14:41Z,20.429568010430561031,20.429568010430561031,False,N,0.000000000000000000,-99.689319876512669794,0.00,0.00,23.303791451388889300,1.000000000000000000,2509.035420053844518407,-2608.763424169441805134,0.000000000000000000,0.000000000000000000,2509.035420053844518407,-2607.763424169441805134,,
2025-11-03,31,2025-11-03T15:00:00Z,2025-11-04T15:44:38Z,15.850368865621121017,15.850368865621121017,False,N,0.000000000000000000,-504.548616455742887865,0.00,0.00,19.185101916666667421,1.000000000000000000,2313.245010512286171434,-2818.086726529809311614,0.000000000000000000,0.000000000000000000,2313.245010512286171434,-2817.086726529809311614,,
2025-11-03,32,2025-11-03T15:30:00Z,2025-11-04T16:14:45Z,-15.000000000000000000,-15.000000000000000000,False,N,0.000000000000000000,-386.487223285232175840,0.00,0.00,,,2527.522261835190874990,-2914.184485090787802619,0.000000000000000000,0.000000000000000000,2527.522261835190874990,-2913.184485090787802619,,
2025-11-03,33,2025-11-03T16:00:00Z,2025-11-04T16:44:35Z,20.649999999999998579,20.649999999999998579,False,N,0.000000000000000000,-198.949872015864258401,0.00,0.00,20.649999999999998579,1.000000000000000000,2763.218881406593482097,-2962.291059368805235863,0.000000000000000000,0.000000000000000000,2763.218881406593482097,-2961.291059368805235863,,
2025-11-03,34,2025-11-03T16:30:00Z,2025-11-04T17:14:36Z,72.829999999999998295,72.829999999999998295,False,N,0.000000000000000000,-50.999792142691660501,0.00,0.00,72.829999999999998295,0.000000000000000000,3027.591318940655582992,-3078.069357143230263318,0.000000000000000000,0.000000000000000000,3027.591318940655582992,-3077.069357143230263318,,
2025-11-03,35,2025-11-03T17:00:00Z,2025-11-04T17:44:47Z,97.000000000000000000,97.000000000000000000,False,P,0.000000000000000000,279.667393287325069196,0.00,0.00,,,3441.344161342880852317,-3161.772879291598655982,0.000000000000000000,0.000000000000000000,3440.344161342880852317,-3161.772879291598655982,,
2025-11-03,36,2025-11-03T17:30:00Z,2025-11-04T18:14:37Z,109.989999999999994884,109.989999999999994884,False,P,0.000000000000000000,298.226371388888878755,0.00,0.00,,,3432.618038055555643950,-3134.876370555555695319,0.000000000000000000,0.000000000000000000,3431.618038055555643950,-3134.876370555555695319,,
2025-11-03,37,2025-11-03T18:00:00Z,2025-11-04T18:44:40Z,110.000000000000000000,110.000000000000000000,False,P,0.000000000000000000,403.244972262731494084,0.00,0.00,,,3505.509474623842379515,-3102.336358387070049503,0.000000000000000000,0.000000000000000000,3504.509474623842379515,-3102.336358387070049503,,
2025-11-03,38,2025-11-03T18:30:00Z,2025-11-04T19:14:43Z,109.000000000000000000,109.000000000000000000,False,P,0.000000000000000000,42.546908491572068556,0.00,0.00,,,3111.563584595373413322,-3068.751111567685711634,0.000000000000000000,0.000000000000000000,3110.563584595373413322,-3068.751111567685711634,,
2025-11-03,39,2025-11-03T19:00:00Z,2025-11-04T19:44:44Z,60.250000000000000000,60.250000000000000000,False,N,0.000000000000000000,-93.124465357918850827,0.00,0.00,60.250000000000000000,0.000000000000000000,3019.515104435604825994,-3112.626343429399639717,0.000000000000000000,0.000000000000000000,3019.515104435604825994,-3111.626343429399639717,,
2025-11-03,40,2025-11-03T19:30:00Z,2025-11-04T20:14:40Z,41.170000000000001705,41.170000000000001705,False,N,0.000000000000000000,-417.373700204973090422,0.00,0.00,41.170000000000001705,0.000000000000000000,2673.757688451937156060,-3091.180797747215819982,0.000000000000000000,0.000000000000000000,2673.757688451937156060,-3090.180797747215819982,,
2025-11-03,41,2025-11-03T20:00:00Z,2025-11-04T20:44:44Z,22.391496459264626395,22.391496459264626395,False,N,0.000000000000000000,-128.482498589250468513,0.00,0.00,24.547499999999999432,1.000000000000000000,2988.627699823447983363,-3117.089261802786950284,0.000000000000000000,0.000000000000000000,2988.627699823447983363,-3116.089261802786950284,,
2025-11-03,42,2025-11-03T20:30:00Z,2025-11-04T21:14:39Z,32.079999999999998295,32.079999999999998295,False,N,0.000000000000000000,-283.022512493154067670,0.00,0.00,32.079999999999998295,0.000000000000000000,2672.962598067692397308,-2956.155752238048535219,0.000000000000000000,0.000000000000000000,2672.962598067692397308,-2955.155752238048535219,,
2025-11-03,43,2025-11-03T21:00:00Z,2025-11-04T21:44:41Z,-0.101811639342499524,-0.101811639342499524,False,N,0.000000000000000000,-53.877452838992404338,0.00,0.00,0.201212121212121203,0.824999999999999956,2808.833261446721735410,-2862.521778984620596020,0.000000000000000000,0.000000000000000000,2808.833261446721735410,-2861.521778984620596020,,
2025-11-03,44,2025-11-03T21:30:00Z,2025-11-03T22:18:47Z,19.440000000000001279,19.440000000000001279,False,N,0.000000000000000000,-126.066322986436958331,0.00,0.00,19.440000000000001279,0.143252083333333335,2644.401929096896310512,-2770.572624250360604492,0.000000000000000000,0.000000000000000000,2644.401929096896310512,-2769.572624250360604492,,
2025-11-03,45,2025-11-03T22:00:00Z,2025-11-03T22:48:58Z,-10.980000000000000426,-10.980000000000000426,False,N,0.000000000000000000,-194.278770018450131829,0.00,0.00,,,2773.316843698543380015,-2967.420630513619016710,0.000000000000000000,0.000000000000000000,2773.316843698543380015,-2966.420630513619016710,,
2025-11-03,46,2025-11-03T22:30:00Z,2025-11-03T23:18:40Z,16.969999999999998863,16.969999999999998863,False,N,0.000000000000000000,-185.870270669703870681,0.00,0.00,16.969999999999998863,0.000000000000000000,2654.787438033693433681,-2840.661170238356135087,0.000000000000000000,0.000000000000000000,2654.787438033693433681,-2839.661170238356135087,,
2025-11-03,47,2025-11-03T23:00:00Z,2025-11-03T23:48:43Z,1.410637404897912450,1.410637404897912450,False,N,0.000000000000000000,-621.762174564973406632,0.00,0.00,1.535384615384615348,0.216666666666666674,2233.389219740582120721,-2855.191725464743740304,0.000000000000000000,0.000000000000000000,2233.389219740582120721,-2854.191725464743740304,,
2025-11-03,48,2025-11-03T23:30:00Z,2025-11-04T00:18:45Z,4.809999999999999609,4.809999999999999609,False,N,0.000000000000000000,-458.965038094882004316,0.00,0.00,4.809999999999999609,0.000000000000000000,2388.188968571784698725,-2847.144339483771091182,0.000000000000000000,0.000000000000000000,2388.188968571784698725,-2846.144339483771091182,,
2025-11-04,1,2025-11-04T00:00:00Z,2025-11-04T00:48:53Z,4.400000000000000355,4.400000000000000355,False,N,0.000000000000000000,-472.411303888888880920,0.00,0.00,4.400000000000000355,0.000000000000000000,2429.733140555555564788,-2902.041474305555766477,0.000000000000000000,0.000000000000000000,2429.733140555555564788,-2901.041474305555766477,,
2025-11-04,2,2025-11-04T00:30:00Z,2025-11-04T01:18:45Z,8.965723104389191178,8.965723104389191178,False,N,0.000000000000000000,-279.542931004273498274,0.00,0.00,9.552983425414364405,0.603333333333333388,2669.005484134615471703,-2948.637048379629504780,0.000000000000000000,0.000000000000000000,2669.005484134615471703,-2947.637048379629504780,,
2025-11-04,3,2025-11-04T01:00:00Z,2025-11-04T01:48:39Z,0.000000000000000000,0.000000000000000000,False,N,0.000000000000000000,-384.617894259259287537,0.00,0.00,0.000000000000000000,0.000000000000000000,2584.006827962963143364,-2968.964422222222310666,0.000000000000000000,0.000000000000000000,2584.006827962963143364,-2967.964422222222310666,,
2025-11-04,4,2025-11-04T01:30:00Z,2025-11-04T02:18:43Z,-6.043205797316338668,-6.043205797316338668,False,N,0.000000000000000000,-600.333622332112327058,0.00,0.00,-5.953554770833333620,1.000000000000000000,2350.849046845238262904,-2951.205601450594258495,0.000000000000000000,0.000000000000000000,2350.849046845238262904,-2950.205601450594258495,,
2025-11-04,5,2025-11-04T02:00:00Z,2025-11-04T02:48:41Z,0.000000000000000000,0.000000000000000000,False,N,0.000000000000000000,-696.564635761997465124,0.00,0.00,0.000000000000000000,0.000000000000000000,2136.204739238002275670,-2832.683959271071216790,0.000000000000000000,0.000000000000000000,2136.204739238002275670,-2831.683959271071216790,,
2025-11-04,6,2025-11-04T02:30:00Z,2025-11-04T03:18:44Z,0.000000000000000000,0.000000000000000000,False,N,0.000000000000000000,-892.919457361111085447,0.00,0.00,0.000000000000000000,0.000000000000000000,1779.345643749999908323,-2671.937045555555414467,0.000000000000000000,0.000000000000000000,1779.345643749999908323,-2670.937045555555414467,,
2025-11-04,7,2025-11-04T03:00:00Z,2025-11-04T03:48:35Z,0.000000000000000000,0.000000000000000000,False,N,0.000000000000000000,-634.880038132716094879,0.00,0.00,0.000000000000000000,0.000000000000000000,1741.065725756172923866,-2375.907500694444479450,0.000000000000000000,0.000000000000000000,1741.065725756172923866,-2374.907500694444479450,,
2025-11-04,8,2025-11-04T03:30:00Z,2025-11-04T04:18:39Z,0.000000000000000000,0.000000000000000000,False,N,0.000000000000000000,-527.798537962962996062,0.00,0.00,0.000000000000000000,0.000000000000000000,1595.210628703703605424,-2122.910277777777992014,0.000000000000000000,0.000000000000000000,1595.210628703703605424,-2121.910277777777992014,,
2025-11-04,9,2025-11-04T04:00:00Z,2025-11-04T04:48:43Z,0.000000000000000000,0.000000000000000000,False,N,0.000000000000000000,-400.763711837293271856,0.00,0.00,0.000000000000000000,0.000000000000000000,1943.053233202389264989,-2343.705834952830173279,0.000000000000000000,0.000000000000000000,1943.053233202389264989,-2342.705834952830173279,,
2025-11-04,10,2025-11-04T04:30:00Z,2025-11-04T05:18:41Z,0.000000000000000000,0.000000000000000000,False,N,0.000000000000000000,-682.630724391762441883,0.00,0.00,0.000000000000000000,0.000000000000000000,1646.168252274904261867,-2328.676984444444315159,0.000000000000000000,0.000000000000000000,1646.168252274904261867,-2327.676984444444315159,,
2025-11-04,11,2025-11-04T05:00:00Z,2025-11-04T05:48:53Z,0.000000000000000000,0.000000000000000000,False,N,0.000000000000000000,-280.868332830175120307,0.00,0.00,0.000000000000000000,0.000000000000000000,2143.590000503158080392,-2424.428055555555602041,0.000000000000000000,0.000000000000000000,2143.590000503158080392,-2423.428055555555602041,,
2025-11-04,12,2025-11-04T05:30:00Z,2025-11-04T06:18:54Z,23.010066546398501686,23.010066546398501686,False,N,0.000000000000000000,-286.071977059124833431,0.00,0.00,23.308499999999998664,1.000000000000000000,2071.139134051986275153,-2357.314305555555620231,0.000000000000000000,0.000000000000000000,2071.139134051986275153,-2356.314305555555620231,,
2025-11-04,13,2025-11-04T06:00:00Z,2025-11-04T06:48:35Z,87.930000000000006821,87.930000000000006821,False,P,0.000000000000000000,25.329218292864542406,0.00,0.00,,,2327.180785792864753603,-2301.914588333333540504,0.000000000000000000,0.000000000000000000,2326.180785792864753603,-2301.914588333333540504,,
2025-11-04,14,2025-11-04T06:30:00Z,2025-11-04T07:18:40Z,97.900000000000005684,97.900000000000005684,False,P,0.000000000000000000,303.733403983050550323,0.00,0.00,,,2393.140873135097535851,-2089.189975511696047761,0.000000000000000000,0.000000000000000000,2392.140873135097535851,-2089.189975511696047761,,
2025-11-04,15,2025-11-04T07:00:00Z,2025-11-04T07:48:38Z,97.900000000000005684,97.900000000000005684,False,P,0.000000000000000000,52.744670178571425367,0.00,0.00,,,2120.393849376248454064,-2064.590687723430164624,-3.259999999999999787,0.000000000000000000,2119.393849376248454064,-2064.590687723430164624,-3.259999999999999787,
2025-11-04,16,2025-11-04T07:30:00Z,2025-11-04T08:18:29Z,58.000000000000000000,58.000000000000000000,False,N,0.000000000000000000,-37.921359755799755931,0.00,0.00,,,2045.828644688644772032,-2083.566671111111190839,0.000000000000000000,0.000000000000000000,2045.828644688644772032,-2082.566671111111190839,,
2025-11-04,17,2025-11-04T08:00:00Z,2025-11-04T08:48:27Z,41.890000000000000568,41.890000000000000568,False,N,0.000000000000000000,-271.972295416157919590,0.00,0.00,,,1675.892420866910924815,-1947.810555489417993158,0.000000000000000000,0.000000000000000000,1675.892420866910924815,-1946.810555489417993158,,
2025-11-04,18,2025-11-04T08:30:00Z,2025-11-04T09:18:51Z,40.270000000000003126,40.270000000000003126,False,N,0.000000000000000000,-128.238888333333335368,0.00,0.00,40.270000000000003126,1.000000000000000000,1478.111111111111085847,-1606.807406851851965257,0.000000000000000000,0.000000000000000000,1478.111111111111085847,-1605.807406851851965257,,
2025-11-04,19,2025-11-04T09:00:00Z,2025-11-04T09:48:42Z,47.119999999999997442,47.119999999999997442,False,N,0.000000000000000000,-88.679629629629630472,0.00,0.00,47.119999999999997442,1.000000000000000000,1482.370370370370437740,-1496.041666666666742458,-75.000000000000000000,0.000000000000000000,1482.370370370370437740,-1495.649519565507489460,-74.392147101159096678,
2025-11-04,20,2025-11-04T09:30:00Z,2025-11-04T10:18:45Z,85.319999999999993179,85.319999999999993179,False,P,0.000000000000000000,4.621215601851852206,0.00,0.00,,,1590.341291157407340506,-1510.868186666666588280,-75.000000000000000000,0.000000000000000000,1589.341291157407340506,-1510.868186666666588280,-75.000000000000000000,
2025-11-04,21,2025-11-04T10:00:00Z,2025-11-04T10:48:40Z,94.370000000000004547,94.370000000000004547,False,P,0.000000000000000000,35.842315277777778704,0.00,0.00,,,1584.530098888888915099,-1471.891911944444473193,-76.972999999999998977,0.000000000000000000,1583.530098888888915099,-1471.891911944444473193,-76.972999999999998977,
2025-11-04,22,2025-11-04T10:30:00Z,2025-11-04T11:18:40Z,50.780000000000001137,50.780000000000001137,False,N,0.000000000000000000,-307.636103174603192656,0.00,0.00,50.780000000000001137,1.000000000000000000,1344.372619047619082266,-1575.042222222222335404,-76.924000000000006594,0.000000000000000000,1344.372619047619082266,-1574.423338626303120691,-76.542883595919178674,
2025-11-04,23,2025-11-04T11:00:00Z,2025-11-04T11:48:40Z,52.159428162566250364,52.159428162566250364,False,N,0.000000000000000000,-250.036841269841261237,0.00,0.00,53.688288888888891393,1.000000000000000000,1210.099880952380999588,-1383.400000000000090949,-76.882000000000005002,0.000000000000000000,1210.099880952380999588,-1382.539394729139303308,-76.742605270860778433,
2025-11-04,24,2025-11-04T11:30:00Z,2025-11-04T12:18:45Z,68.354566611985930535,68.354566611985930535,False,N,0.000000000000000000,-325.888586944444455185,0.00,0.00,70.280000000000001137,1.000000000000000000,1031.251190833333339469,-1280.300634861111120699,-76.742000000000004434,0.000000000000000000,1031.251190833333339469,-1279.433379482323971388,-76.609255378787040058,
2025-11-04,25,2025-11-04T12:00:00Z,2025-11-04T12:48:47Z,52.246531575069610653,52.246531575069610653,False,N,0.000000000000000000,-286.285763518506939818,0.00,0.00,53.239750000000000796,1.000000000000000000,958.591669907395839800,-1168.554998240729219106,-76.537000000000006139,0.000000000000000000,958.591669907395839800,-1167.751328179735992308,-76.340670060993161883,
2025-11-04,26,2025-11-04T12:30:00Z,2025-11-04T13:18:43Z,50.000000000000000000,50.000000000000000000,False,N,0.000000000000000000,-294.339178571428590203,0.00,0.00,50.000000000000000000,1.000000000000000000,925.158333333333303017,-1143.201845238095302193,-76.474000000000003752,0.000000000000000000,925.158333333333303017,-1142.474961897145021794,-76.200883340950255729,
2025-11-04,27,2025-11-04T13:00:00Z,2025-11-04T13:48:41Z,50.000000000000000000,50.000000000000000000,False,N,0.000000000000000000,-204.235481845238098231,0.00,0.00,,,1142.819756249999954889,-1270.606661011904861880,-76.471999999999994202,0.000000000000000000,1142.819756249999954889,-1269.606661011904861880,-76.471999999999994202,
2025-11-04,28,2025-11-04T13:30:00Z,2025-11-04T14:18:31Z,75.069999999999993179,75.069999999999993179,False,N,0.000000000000000000,-124.931378472222220921,0.00,0.00,75.069999999999993179,0.000000000000000000,1001.697871527777806477,-1049.838240981481476410,-76.638000000000005230,0.000000000000000000,1001.697871527777806477,-1048.838240981481476410,-76.638000000000005230,
2025-11-04,29,2025-11-04T14:00:00Z,2025-11-04T14:48:49Z,76.510000000000005116,76.510000000000005116,False,N,0.000000000000000000,-100.073750609481479046,0.00,0.00,76.510000000000005116,0.000000000000000000,986.614443834962912661,-1011.651109444444500696,-75.000000000000000000,0.000000000000000000,986.614443834962912661,-1010.808548887451252085,-74.842560556993220189,
2025-11-04,30,2025-11-04T14:30:00Z,2025-11-04T15:18:29Z,93.879999999999995453,93.879999999999995453,False,N,0.000000000000000000,-9.645239476495726549,0.00,0.00,93.879999999999995453,0.440923888888888893,821.818547574786293808,-754.675646062078271825,-76.734999999999999432,0.000000000000000000,821.818547574786293808,-754.629931915740712611,-75.780714146337516013,
2025-11-04,31,2025-11-04T15:00:00Z,2025-11-04T15:48:30Z,111.500000000000000000,111.500000000000000000,False,P,0.000000000000000000,423.329282711442772325,0.00,0.00,,,1157.218282711442725486,-732.954826527777754563,-1.008999999999999897,0.000000000000000000,1156.218282711442725486,-732.954826527777754563,-1.008999999999999897,
2025-11-04,32,2025-11-04T15:30:00Z,2025-11-04T16:18:38Z,111.500000000000000000,111.500000000000000000,False,P,0.000000000000000000,436.578135667816695786,0.00,0.00,,,1133.836469001150135227,-697.120592518674129678,-1.002999999999999892,65.793000000000006366,1132.836469001150135227,-697.120592518674129678,,
2025-11-04,33,2025-11-04T16:00:00Z,2025-11-04T16:48:37Z,111.400000000000005684,111.400000000000005684,False,P,0.000000000000000000,347.417795828445775896,0.00,0.00,,,935.993255021726326959,-588.192125859947282152,0.000000000000000000,0.000000000000000000,934.993255021726326959,-588.192125859947282152,,
2025-11-04,34,2025-11-04T16:30:00Z,2025-11-04T17:18:42Z,118.500000000000000000,118.500000000000000000,False,P,0.000000000000000000,197.881797979797966036,0.00,0.00,,,842.446464646464619364,-644.450000000000045475,0.000000000000000000,0.000000000000000000,841.446464646464619364,-644.450000000000045475,,
2025-11-04,35,2025-11-04T17:00:00Z,2025-11-04T17:48:27Z,99.487418603672409745,99.487418603672409745,False,P,0.000000000000000000,0.758887321428571404,0.00,0.00,,,669.181229543650829328,-668.193908115079352683,0.000000000000000000,0.000000000000000000,668.422342222222255259,-668.193908115079352683,,
2025-11-04,36,2025-11-04T17:30:00Z,2025-11-04T18:18:37Z,113.500000000000000000,113.500000000000000000,False,P,0.000000000000000000,97.576669999999992910,0.00,0.00,,,615.186665416666642159,-517.619995416666711208,0.000000000000000000,0.000000000000000000,614.186665416666642159,-517.619995416666711208,,
2025-11-04,37,2025-11-04T18:00:00Z,2025-11-04T18:48:33Z,118.500000000000000000,118.500000000000000000,False,P,0.000000000000000000,256.169470376984122595,0.00,0.00,,,603.781560376984089089,-347.374028611111100417,0.000000000000000000,0.000000000000000000,602.781560376984089089,-347.374028611111100417,,
2025-11-04,38,2025-11-04T18:30:00Z,2025-11-04T19:18:27Z,60.710000000000000853,60.710000000000000853,False,N,0.000000000000000000,-19.813058800186741593,0.00,0.00,,,438.744471984126960251,-458.385343284313705681,0.000000000000000000,0.000000000000000000,438.744471984126960251,-457.385343284313705681,,
2025-11-04,39,2025-11-04T19:00:00Z,2025-11-04T19:48:56Z,106.209999999999993747,106.209999999999993747,False,P,0.000000000000000000,6.496672638888888685,0.00,0.00,,,433.070281666666687670,-426.878609027777770279,0.000000000000000000,0.000000000000000000,432.070281666666687670,-426.878609027777770279,,
2025-11-04,40,2025-11-04T19:30:00Z,2025-11-04T20:18:38Z,60.149999999999998579,60.149999999999998579,False,N,0.000000000000000000,-37.420858611111114556,0.00,0.00,,,319.619995277777775300,-480.303326805555570900,-0.998999999999999999,124.000000000000000000,319.619995277777775300,-479.303326805555570900,-0.998999999999999999,124.000000000000000000
2025-11-04,41,2025-11-04T20:00:00Z,2025-11-04T20:48:33Z,100.170000000000001705,100.170000000000001705,False,P,0.000000000000000000,4.071765509259258842,0.00,0.00,,,222.483669999999989386,-407.757737824074069977,0.000000000000000000,190.000000000000000000,221.483669999999989386,-407.757737824074069977,,190.000000000000000000
2025-11-04,42,2025-11-04T20:30:00Z,2025-11-04T21:18:28Z,113.500000000000000000,113.500000000000000000,False,P,0.000000000000000000,74.196525046296301298,0.00,0.00,,,242.385598611111106493,-358.194860787037043792,0.000000000000000000,190.000000000000000000,241.385598611111106493,-358.194860787037043792,,190.000000000000000000
2025-11-04,43,2025-11-04T21:00:00Z,2025-11-04T21:48:36Z,113.500000000000000000,113.500000000000000000,False,P,0.000000000000000000,273.737993061840029441,0.00,0.00,,,459.669078491132950148,-374.708679949494921857,-2.258999999999999897,190.000000000000000000,458.669078491132950148,-374.708679949494921857,-2.258999999999999897,190.000000000000000000